/*******************************************************************************
 * Size: 24 px
 * Bpp: 4
 * Opts: --font C:\Windows\Fonts\simhei.ttf --range 0x20-0x7F --symbols 「」一丁三上下不东中为久了二云五京今他任休伞低体作你使供保信入六其内写冰冷冻凉分删利办加务动助北升午南发口可号吃后吗吧周响喝四回圳均坐备复夕外多夜大天套好始安完实容寒对小展岛州工已带帮帽平年广庆床度建开录影待得忘息意感成我户手打报挺据排接提放数新无日早时明星昨晒晚晨晴暂暖暴最月服朝期未本条来杭松架查框次欢武每气水汉沙油注津活海深添温湿演潮点热版生用由白的看真睡知短示秒空穿简紫级线绒络继续网置羽舒苏药行衣补袖被裤西要见觉让议记设话询说起跳转输过迎运连送适郑都醒重钟长间闹闻防阴降除雨雪雷雹雾需霜霾青页顺风餐饮首高！，：；？ --font C:\openvela_ws\openvela\apps\graphics\lvgl\lvgl\scripts\built_in_font\FontAwesome5-Solid+Brands+Regular.woff -r 61451,61452,61459,61461,61561,61683,61931 --size 24 --bpp 4 --format lvgl -o C:\openvela_ws\openvela\contest2026_416_dianzinongmingong\app\zhaoxi_ui\src\zhaoxi_font_24.c --lv-font-name zhaoxi_font_24 --no-compress
 ******************************************************************************/

#ifdef LV_LVGL_H_INCLUDE_SIMPLE
#include "lvgl.h"
#else
#include "lvgl/lvgl.h"
#endif

#ifndef ZHAOXI_FONT_24
#define ZHAOXI_FONT_24 1
#endif

#if ZHAOXI_FONT_24

/*-----------------
 *    BITMAPS
 *----------------*/

/*Store the image of the glyphs*/
static LV_ATTRIBUTE_LARGE_CONST const uint8_t glyph_bitmap[] = {
    /* U+0020 " " */

    /* U+0021 "!" */
    0x7f, 0xf1, 0x6f, 0xf0, 0x5f, 0xf0, 0x5f, 0xf0,
    0x4f, 0xe0, 0x3f, 0xd0, 0x2f, 0xc0, 0x1f, 0xb0,
    0xf, 0xa0, 0xf, 0x90, 0xf, 0x90, 0xe, 0x80,
    0x4, 0x20, 0x0, 0x0, 0x5a, 0xa1, 0x8f, 0xf2,
    0x8f, 0xf2,

    /* U+0022 "\"" */
    0xff, 0x23, 0xfe, 0xdf, 0x1, 0xfc, 0xcd, 0x0,
    0xf9, 0xcc, 0x0, 0xf8, 0x99, 0x0, 0xc6,

    /* U+0023 "#" */
    0x0, 0x3, 0xf4, 0x0, 0xad, 0x0, 0x0, 0x5,
    0xf2, 0x0, 0xcb, 0x0, 0x0, 0x7, 0xf0, 0x0,
    0xe9, 0x0, 0x0, 0x9, 0xe0, 0x0, 0xf7, 0x0,
    0x6c, 0xce, 0xfc, 0xcc, 0xfd, 0xc3, 0x8f, 0xff,
    0xff, 0xff, 0xff, 0xf4, 0x0, 0xf, 0x80, 0x6,
    0xf1, 0x0, 0x0, 0x1f, 0x60, 0x8, 0xf0, 0x0,
    0x0, 0x4f, 0x30, 0xa, 0xd0, 0x0, 0x0, 0x6f,
    0x10, 0xc, 0xb0, 0x0, 0x8f, 0xff, 0xff, 0xff,
    0xff, 0xf4, 0x6c, 0xef, 0xcc, 0xcf, 0xdc, 0xc3,
    0x0, 0xcb, 0x0, 0x2f, 0x50, 0x0, 0x0, 0xe9,
    0x0, 0x4f, 0x30, 0x0, 0x0, 0xf7, 0x0, 0x6f,
    0x10, 0x0, 0x2, 0xf5, 0x0, 0x8f, 0x0, 0x0,

    /* U+0024 "$" */
    0x0, 0x0, 0xd7, 0x0, 0x0, 0x0, 0x0, 0xd7,
    0x0, 0x0, 0x0, 0x6d, 0xff, 0xd4, 0x0, 0x8,
    0xfe, 0xfe, 0xff, 0x20, 0x2f, 0xe1, 0xd7, 0x8f,
    0xa0, 0x5f, 0x90, 0xd7, 0x1f, 0xe0, 0x5f, 0xa0,
    0xd7, 0x5, 0x40, 0x1f, 0xf5, 0xd7, 0x0, 0x0,
    0x7, 0xff, 0xf7, 0x0, 0x0, 0x0, 0x5e, 0xff,
    0x80, 0x0, 0x0, 0x0, 0xef, 0xfc, 0x10, 0x0,
    0x0, 0xd9, 0xdf, 0xb0, 0x23, 0x10, 0xd7, 0x3f,
    0xf1, 0xbf, 0x60, 0xd7, 0xe, 0xf3, 0x9f, 0x80,
    0xd7, 0xe, 0xf1, 0x5f, 0xe1, 0xd7, 0x5f, 0xd0,
    0xb, 0xfe, 0xfe, 0xff, 0x50, 0x0, 0x9e, 0xff,
    0xc4, 0x0, 0x0, 0x0, 0xd7, 0x0, 0x0, 0x0,
    0x0, 0xd7, 0x0, 0x0, 0x0, 0x0, 0x63, 0x0,
    0x0,

    /* U+0025 "%" */
    0x0, 0x0, 0x0, 0x0, 0x0, 0x0, 0x5, 0xed,
    0x30, 0x0, 0x3a, 0x0, 0x1f, 0xac, 0xd0, 0x0,
    0xa3, 0x0, 0x5f, 0x25, 0xf2, 0x2, 0xb0, 0x0,
    0x6f, 0x14, 0xf3, 0x9, 0x40, 0x0, 0x6f, 0x14,
    0xf3, 0x1c, 0x0, 0x0, 0x5f, 0x14, 0xf2, 0x76,
    0x0, 0x0, 0x2f, 0x69, 0xf0, 0xd0, 0x0, 0x0,
    0x9, 0xff, 0x66, 0x70, 0x0, 0x0, 0x0, 0x22,
    0xc, 0x18, 0xfe, 0x30, 0x0, 0x0, 0x49, 0x3f,
    0x8c, 0xd0, 0x0, 0x0, 0xb2, 0x7f, 0x6, 0xf0,
    0x0, 0x3, 0xa0, 0x8f, 0x5, 0xf2, 0x0, 0xa,
    0x30, 0x8f, 0x5, 0xf2, 0x0, 0x2b, 0x0, 0x6f,
    0x6, 0xf0, 0x0, 0x94, 0x0, 0x2f, 0x9c, 0xc0,
    0x0, 0xb0, 0x0, 0x6, 0xec, 0x20,

    /* U+0026 "&" */
    0x0, 0x3, 0xcf, 0xd5, 0x0, 0x0, 0x0, 0x2f,
    0xfb, 0xff, 0x20, 0x0, 0x0, 0x9f, 0x40, 0x5f,
    0x70, 0x0, 0x0, 0xbf, 0x10, 0x5f, 0x70, 0x0,
    0x0, 0xaf, 0x20, 0x9f, 0x40, 0x0, 0x0, 0x6f,
    0x75, 0xfb, 0x0, 0x0, 0x0, 0x1f, 0xff, 0xb0,
    0x0, 0x0, 0x0, 0x1e, 0xfa, 0x0, 0x0, 0x0,
    0x2, 0xee, 0xfe, 0x0, 0x2, 0x10, 0xd, 0xf2,
    0x9f, 0x90, 0x3f, 0x90, 0x4f, 0xa0, 0xd, 0xf6,
    0x5f, 0x80, 0x6f, 0x80, 0x2, 0xff, 0xcf, 0x40,
    0x5f, 0xb0, 0x0, 0x4f, 0xfe, 0x0, 0x1f, 0xf5,
    0x0, 0x1d, 0xff, 0x91, 0x7, 0xff, 0xcb, 0xef,
    0xbe, 0xf3, 0x0, 0x4b, 0xff, 0xc5, 0x2, 0x80,

    /* U+0027 "'" */
    0xdf, 0x4b, 0xf2, 0xaf, 0xa, 0xe0, 0x7a, 0x0,

    /* U+0028 "(" */
    0x0, 0x0, 0x2, 0x0, 0x0, 0xc, 0xe0, 0x0,
    0xa, 0xf3, 0x0, 0x5, 0xf5, 0x0, 0x1, 0xea,
    0x0, 0x0, 0x7f, 0x10, 0x0, 0xe, 0x90, 0x0,
    0x3, 0xf4, 0x0, 0x0, 0x6f, 0x0, 0x0, 0x8,
    0xe0, 0x0, 0x0, 0x8d, 0x0, 0x0, 0x8, 0xe0,
    0x0, 0x0, 0x7f, 0x0, 0x0, 0x4, 0xf2, 0x0,
    0x0, 0xf, 0x70, 0x0, 0x0, 0xad, 0x0, 0x0,
    0x3, 0xf6, 0x0, 0x0, 0x9, 0xf2, 0x0, 0x0,
    0xd, 0xd1, 0x0, 0x0, 0x2e, 0xd0, 0x0, 0x0,
    0x35, 0x0,

    /* U+0029 ")" */
    0x3, 0x0, 0x0, 0x3, 0xf8, 0x0, 0x0, 0x8,
    0xf5, 0x0, 0x0, 0xa, 0xf2, 0x0, 0x0, 0xe,
    0xb0, 0x0, 0x0, 0x5f, 0x30, 0x0, 0x0, 0xe9,
    0x0, 0x0, 0x8, 0xe0, 0x0, 0x0, 0x5f, 0x10,
    0x0, 0x3, 0xf3, 0x0, 0x0, 0x2f, 0x40, 0x0,
    0x2, 0xf3, 0x0, 0x0, 0x4f, 0x20, 0x0, 0x7,
    0xf0, 0x0, 0x0, 0xcb, 0x0, 0x0, 0x2f, 0x50,
    0x0, 0xb, 0xe0, 0x0, 0x6, 0xf5, 0x0, 0x3,
    0xf9, 0x0, 0x2, 0xfc, 0x0, 0x0, 0x7, 0x0,
    0x0, 0x0,

    /* U+002A "*" */
    0x0, 0x0, 0xe, 0xe0, 0x0, 0x0, 0x0, 0x0,
    0xe, 0xd0, 0x0, 0x0, 0xb, 0x40, 0xd, 0xd0,
    0x4, 0xb0, 0x4f, 0xfa, 0x1c, 0xc1, 0xaf, 0xf4,
    0x3, 0xbf, 0xee, 0xee, 0xfb, 0x30, 0x0, 0x3,
    0xdf, 0xfd, 0x30, 0x0, 0x0, 0x4c, 0xff, 0xff,
    0xc4, 0x0, 0x2c, 0xff, 0x7c, 0xc7, 0xff, 0xc2,
    0x2f, 0xb2, 0xd, 0xc0, 0x2b, 0xf2, 0x3, 0x0,
    0xd, 0xd0, 0x0, 0x30, 0x0, 0x0, 0xe, 0xe0,
    0x0, 0x0, 0x0, 0x0, 0xa, 0xa0, 0x0, 0x0,

    /* U+002B "+" */
    0x0, 0x0, 0x7, 0x50, 0x0, 0x0, 0x0, 0x0,
    0xf, 0xa0, 0x0, 0x0, 0x0, 0x0, 0xf, 0xa0,
    0x0, 0x0, 0x0, 0x0, 0xf, 0xa0, 0x0, 0x0,
    0x12, 0x22, 0x2f, 0xb2, 0x22, 0x20, 0x8f, 0xff,
    0xff, 0xff, 0xff, 0xf4, 0x25, 0x55, 0x5f, 0xc5,
    0x55, 0x51, 0x0, 0x0, 0xf, 0xa0, 0x0, 0x0,
    0x0, 0x0, 0xf, 0xa0, 0x0, 0x0, 0x0, 0x0,
    0xf, 0xa0, 0x0, 0x0, 0x0, 0x0, 0xf, 0xa0,
    0x0, 0x0,

    /* U+002C "," */
    0x0, 0x0, 0xf, 0xf2, 0xf, 0xf2, 0x4, 0xd0,
    0xa, 0x60, 0x7, 0x0,

    /* U+002D "-" */
    0x12, 0x22, 0x22, 0x22, 0x22, 0x20, 0x8f, 0xff,
    0xff, 0xff, 0xff, 0xf2, 0x25, 0x55, 0x55, 0x55,
    0x55, 0x50,

    /* U+002E "." */
    0x0, 0x0, 0x2f, 0xf0, 0x2f, 0xf0,

    /* U+002F "/" */
    0x0, 0x0, 0x0, 0x0, 0x0, 0x20, 0x0, 0x0,
    0x0, 0x0, 0x3, 0xf1, 0x0, 0x0, 0x0, 0x0,
    0xc, 0x70, 0x0, 0x0, 0x0, 0x0, 0x5e, 0x0,
    0x0, 0x0, 0x0, 0x0, 0xd5, 0x0, 0x0, 0x0,
    0x0, 0x7, 0xc0, 0x0, 0x0, 0x0, 0x0, 0x1f,
    0x30, 0x0, 0x0, 0x0, 0x0, 0x9a, 0x0, 0x0,
    0x0, 0x0, 0x2, 0xf1, 0x0, 0x0, 0x0, 0x0,
    0xb, 0x80, 0x0, 0x0, 0x0, 0x0, 0x4e, 0x0,
    0x0, 0x0, 0x0, 0x0, 0xd5, 0x0, 0x0, 0x0,
    0x0, 0x7, 0xc0, 0x0, 0x0, 0x0, 0x0, 0x1e,
    0x30, 0x0, 0x0, 0x0, 0x0, 0x9a, 0x0, 0x0,
    0x0, 0x0, 0x2, 0xf2, 0x0, 0x0, 0x0, 0x0,
    0xb, 0x80, 0x0, 0x0, 0x0, 0x0, 0x4e, 0x0,
    0x0, 0x0, 0x0, 0x0, 0x24, 0x0, 0x0, 0x0,
    0x0, 0x0,

    /* U+0030 "0" */
    0x0, 0x3, 0xbe, 0xfa, 0x10, 0x0, 0x4, 0xff,
    0xdd, 0xfe, 0x10, 0x1, 0xef, 0x60, 0x7, 0xfa,
    0x0, 0x8f, 0xa0, 0x0, 0xd, 0xf1, 0xd, 0xf3,
    0x0, 0x0, 0x7f, 0x60, 0xff, 0x0, 0x0, 0x4,
    0xf9, 0x1f, 0xd0, 0x0, 0x0, 0x2f, 0xb2, 0xfc,
    0x0, 0x0, 0x1, 0xfb, 0x2f, 0xb0, 0x0, 0x0,
    0x1f, 0xb2, 0xfc, 0x0, 0x0, 0x2, 0xfb, 0xf,
    0xe0, 0x0, 0x0, 0x3f, 0x90, 0xdf, 0x10, 0x0,
    0x6, 0xf7, 0x8, 0xf7, 0x0, 0x0, 0xbf, 0x30,
    0x2f, 0xf2, 0x0, 0x4f, 0xd0, 0x0, 0x7f, 0xf9,
    0xaf, 0xf3, 0x0, 0x0, 0x6e, 0xff, 0xe4, 0x0,
    0x0, 0x0, 0x3, 0x30, 0x0, 0x0,

    /* U+0031 "1" */
    0x0, 0x6, 0xf2, 0x0, 0x4f, 0xf2, 0x5, 0xff,
    0xf2, 0x8f, 0xcd, 0xf2, 0xd9, 0xc, 0xf2, 0x20,
    0xc, 0xf2, 0x0, 0xc, 0xf2, 0x0, 0xc, 0xf2,
    0x0, 0xc, 0xf2, 0x0, 0xc, 0xf2, 0x0, 0xc,
    0xf2, 0x0, 0xc, 0xf2, 0x0, 0xc, 0xf2, 0x0,
    0xc, 0xf2, 0x0, 0xc, 0xf2, 0x0, 0xc, 0xf2,

    /* U+0032 "2" */
    0x0, 0x0, 0x0, 0x0, 0x0, 0x0, 0x0, 0x7d,
    0xff, 0xd5, 0x0, 0x0, 0xcf, 0xfc, 0xcf, 0xf7,
    0x0, 0x8f, 0xc2, 0x0, 0x4f, 0xf1, 0xf, 0xe1,
    0x0, 0x0, 0xbf, 0x50, 0x33, 0x0, 0x0, 0xa,
    0xf5, 0x0, 0x0, 0x0, 0x0, 0xef, 0x20, 0x0,
    0x0, 0x0, 0x5f, 0xc0, 0x0, 0x0, 0x0, 0xd,
    0xf4, 0x0, 0x0, 0x0, 0x9, 0xf9, 0x0, 0x0,
    0x0, 0x6, 0xfd, 0x0, 0x0, 0x0, 0x3, 0xff,
    0x20, 0x0, 0x0, 0x1, 0xef, 0x40, 0x0, 0x0,
    0x1, 0xdf, 0x60, 0x0, 0x0, 0x1, 0xdf, 0x90,
    0x0, 0x0, 0x0, 0x9f, 0xfa, 0xaa, 0xaa, 0xa6,
    0xd, 0xff, 0xff, 0xff, 0xff, 0x90,

    /* U+0033 "3" */
    0x0, 0x0, 0x2, 0x20, 0x0, 0x0, 0x0, 0x7e,
    0xff, 0xf9, 0x0, 0x0, 0x9f, 0xc7, 0x7e, 0xfb,
    0x0, 0x3f, 0xb0, 0x0, 0x1e, 0xf2, 0xa, 0xf1,
    0x0, 0x0, 0x9f, 0x50, 0x1, 0x0, 0x0, 0xa,
    0xf3, 0x0, 0x0, 0x0, 0x2, 0xfe, 0x0, 0x0,
    0x0, 0x48, 0xef, 0x30, 0x0, 0x0, 0x3f, 0xff,
    0x70, 0x0, 0x0, 0x0, 0x27, 0xef, 0x90, 0x0,
    0x0, 0x0, 0x1, 0xef, 0x30, 0x0, 0x0, 0x0,
    0x8, 0xf8, 0x5, 0x50, 0x0, 0x0, 0x6f, 0x80,
    0xdf, 0x20, 0x0, 0xa, 0xf6, 0x7, 0xfd, 0x20,
    0x5, 0xff, 0x10, 0xb, 0xff, 0xdd, 0xff, 0x50,
    0x0, 0x7, 0xdf, 0xea, 0x20, 0x0,

    /* U+0034 "4" */
    0x0, 0x0, 0x0, 0x7, 0xf4, 0x0, 0x0, 0x0,
    0x0, 0x2f, 0xf4, 0x0, 0x0, 0x0, 0x0, 0xdf,
    0xf4, 0x0, 0x0, 0x0, 0x8, 0xfe, 0xf4, 0x0,
    0x0, 0x0, 0x3f, 0xd8, 0xf4, 0x0, 0x0, 0x0,
    0xdf, 0x28, 0xf4, 0x0, 0x0, 0x9, 0xf6, 0x8,
    0xf4, 0x0, 0x0, 0x4f, 0xb0, 0x8, 0xf4, 0x0,
    0x1, 0xee, 0x10, 0x8, 0xf4, 0x0, 0xa, 0xf5,
    0x0, 0x8, 0xf4, 0x0, 0x6f, 0x90, 0x0, 0x8,
    0xf4, 0x0, 0xbf, 0xff, 0xff, 0xff, 0xff, 0xf8,
    0x69, 0x99, 0x99, 0x9c, 0xfb, 0x94, 0x0, 0x0,
    0x0, 0x8, 0xf4, 0x0, 0x0, 0x0, 0x0, 0x8,
    0xf4, 0x0, 0x0, 0x0, 0x0, 0x8, 0xf4, 0x0,

    /* U+0035 "5" */
    0x0, 0x7f, 0xff, 0xff, 0xff, 0x0, 0xb, 0xfa,
    0xaa, 0xaa, 0xa0, 0x0, 0xed, 0x0, 0x0, 0x0,
    0x0, 0x2f, 0xa0, 0x0, 0x0, 0x0, 0x5, 0xf6,
    0x0, 0x0, 0x0, 0x0, 0x9f, 0xad, 0xfe, 0xa3,
    0x0, 0xc, 0xff, 0xdb, 0xdf, 0xf5, 0x0, 0xfe,
    0x30, 0x0, 0x7f, 0xe0, 0x0, 0x0, 0x0, 0x0,
    0xbf, 0x60, 0x0, 0x0, 0x0, 0x6, 0xf9, 0x0,
    0x0, 0x0, 0x0, 0x5f, 0xa3, 0x82, 0x0, 0x0,
    0x8, 0xf8, 0x6f, 0x80, 0x0, 0x0, 0xdf, 0x41,
    0xff, 0x50, 0x1, 0xbf, 0xc0, 0x6, 0xff, 0xee,
    0xff, 0xd2, 0x0, 0x4, 0xbf, 0xfc, 0x70, 0x0,

    /* U+0036 "6" */
    0x0, 0x0, 0x0, 0xcf, 0x60, 0x0, 0x0, 0x0,
    0x6, 0xfb, 0x0, 0x0, 0x0, 0x0, 0x2f, 0xf2,
    0x0, 0x0, 0x0, 0x0, 0xbf, 0x60, 0x0, 0x0,
    0x0, 0x6, 0xfc, 0x0, 0x0, 0x0, 0x0, 0x1f,
    0xf4, 0x32, 0x0, 0x0, 0x0, 0xaf, 0xff, 0xff,
    0xe4, 0x0, 0x3, 0xff, 0xb5, 0x59, 0xff, 0x50,
    0xa, 0xfa, 0x0, 0x0, 0x3f, 0xe0, 0xf, 0xf2,
    0x0, 0x0, 0xc, 0xf4, 0xf, 0xf0, 0x0, 0x0,
    0xa, 0xf5, 0xf, 0xf0, 0x0, 0x0, 0xb, 0xf5,
    0xc, 0xf4, 0x0, 0x0, 0xe, 0xf1, 0x6, 0xfd,
    0x20, 0x1, 0xaf, 0xa0, 0x0, 0xaf, 0xfc, 0xbe,
    0xfe, 0x10, 0x0, 0x5, 0xbe, 0xfd, 0x91, 0x0,

    /* U+0037 "7" */
    0xff, 0xff, 0xff, 0xff, 0xff, 0x1a, 0xaa, 0xaa,
    0xaa, 0xaf, 0xf0, 0x0, 0x0, 0x0, 0x5, 0xf8,
    0x0, 0x0, 0x0, 0x0, 0xee, 0x0, 0x0, 0x0,
    0x0, 0x7f, 0x60, 0x0, 0x0, 0x0, 0xe, 0xe0,
    0x0, 0x0, 0x0, 0x7, 0xf7, 0x0, 0x0, 0x0,
    0x0, 0xee, 0x0, 0x0, 0x0, 0x0, 0x5f, 0x80,
    0x0, 0x0, 0x0, 0xc, 0xf2, 0x0, 0x0, 0x0,
    0x1, 0xfc, 0x0, 0x0, 0x0, 0x0, 0x7f, 0x70,
    0x0, 0x0, 0x0, 0xd, 0xf1, 0x0, 0x0, 0x0,
    0x1, 0xfd, 0x0, 0x0, 0x0, 0x0, 0x6f, 0x90,
    0x0, 0x0, 0x0, 0xa, 0xf5, 0x0, 0x0, 0x0,

    /* U+0038 "8" */
    0x0, 0x19, 0xdf, 0xeb, 0x40, 0x0, 0x1d, 0xfc,
    0xbc, 0xff, 0x60, 0x8, 0xf6, 0x0, 0x3, 0xff,
    0x10, 0xcf, 0x0, 0x0, 0xb, 0xf3, 0xc, 0xf0,
    0x0, 0x0, 0xbf, 0x20, 0x8f, 0x80, 0x0, 0x3f,
    0xe0, 0x1, 0xdf, 0xb8, 0xaf, 0xf4, 0x0, 0x5,
    0xff, 0xff, 0xf6, 0x0, 0x5, 0xfe, 0x62, 0x4a,
    0xfb, 0x0, 0xee, 0x10, 0x0, 0x9, 0xf6, 0x4f,
    0xa0, 0x0, 0x0, 0x2f, 0xb4, 0xf9, 0x0, 0x0,
    0x3, 0xfc, 0x3f, 0xd0, 0x0, 0x0, 0x8f, 0xa0,
    0xff, 0xa3, 0x12, 0x8f, 0xf4, 0x6, 0xff, 0xff,
    0xff, 0xfa, 0x0, 0x3, 0xae, 0xff, 0xc7, 0x0,

    /* U+0039 "9" */
    0x0, 0x18, 0xdf, 0xea, 0x20, 0x0, 0x2e, 0xff,
    0xdf, 0xff, 0x40, 0xc, 0xfb, 0x10, 0x9, 0xff,
    0x13, 0xfe, 0x0, 0x0, 0xc, 0xf6, 0x7f, 0x90,
    0x0, 0x0, 0x8f, 0x98, 0xf7, 0x0, 0x0, 0x9,
    0xf7, 0x6f, 0xa0, 0x0, 0x0, 0xcf, 0x42, 0xff,
    0x30, 0x0, 0x6f, 0xe0, 0x7, 0xff, 0x97, 0xaf,
    0xf7, 0x0, 0x5, 0xcf, 0xff, 0xfe, 0x0, 0x0,
    0x0, 0x0, 0xef, 0x50, 0x0, 0x0, 0x0, 0x7f,
    0xc0, 0x0, 0x0, 0x0, 0xe, 0xf2, 0x0, 0x0,
    0x0, 0x8, 0xf9, 0x0, 0x0, 0x0, 0x2, 0xfe,
    0x0, 0x0, 0x0, 0x0, 0xbf, 0x50, 0x0, 0x0,

    /* U+003A ":" */
    0x5f, 0xd5, 0xfd, 0x0, 0x0, 0x0, 0x0, 0x0,
    0x0, 0x0, 0x0, 0x0, 0x0, 0x5, 0xfd, 0x5f,
    0xd0,

    /* U+003B ";" */
    0x5f, 0xd5, 0xfd, 0x0, 0x0, 0x0, 0x0, 0x0,
    0x0, 0x0, 0x0, 0x0, 0x0, 0x5, 0xfd, 0x5f,
    0xd0, 0x99, 0xe, 0x21, 0x50,

    /* U+003C "<" */
    0x0, 0x0, 0x0, 0x0, 0x4, 0x70, 0x0, 0x0,
    0x0, 0x0, 0x5f, 0x90, 0x0, 0x0, 0x0, 0x7,
    0xf8, 0x0, 0x0, 0x0, 0x0, 0x8f, 0x60, 0x0,
    0x0, 0x0, 0x9, 0xf5, 0x0, 0x0, 0x0, 0x0,
    0xbe, 0x30, 0x0, 0x0, 0x0, 0x1c, 0xe2, 0x0,
    0x0, 0x0, 0x1, 0xdd, 0x10, 0x0, 0x0, 0x0,
    0xe, 0xe1, 0x0, 0x0, 0x0, 0x0, 0x5, 0xf8,
    0x0, 0x0, 0x0, 0x0, 0x0, 0x4f, 0xa0, 0x0,
    0x0, 0x0, 0x0, 0x2, 0xec, 0x10, 0x0, 0x0,
    0x0, 0x0, 0x1d, 0xd2, 0x0, 0x0, 0x0, 0x0,
    0x1, 0xce, 0x30, 0x0, 0x0, 0x0, 0x0, 0xa,
    0xf4, 0x0, 0x0, 0x0, 0x0, 0x0, 0x9f, 0x60,
    0x0, 0x0, 0x0, 0x0, 0x7, 0xb0, 0x0, 0x0,
    0x0, 0x0, 0x0, 0x0,

    /* U+003D "=" */
    0x12, 0x22, 0x22, 0x22, 0x22, 0x20, 0x8f, 0xff,
    0xff, 0xff, 0xff, 0xf2, 0x25, 0x55, 0x55, 0x55,
    0x55, 0x50, 0x0, 0x0, 0x0, 0x0, 0x0, 0x0,
    0x0, 0x0, 0x0, 0x0, 0x0, 0x0, 0x0, 0x0,
    0x0, 0x0, 0x0, 0x0, 0x12, 0x22, 0x22, 0x22,
    0x22, 0x20, 0x8f, 0xff, 0xff, 0xff, 0xff, 0xf2,
    0x25, 0x55, 0x55, 0x55, 0x55, 0x50,

    /* U+003E ">" */
    0x8, 0x20, 0x0, 0x0, 0x0, 0x0, 0xb, 0xe3,
    0x0, 0x0, 0x0, 0x0, 0x0, 0xaf, 0x40, 0x0,
    0x0, 0x0, 0x0, 0x9, 0xf5, 0x0, 0x0, 0x0,
    0x0, 0x0, 0x7f, 0x70, 0x0, 0x0, 0x0, 0x0,
    0x5, 0xf8, 0x0, 0x0, 0x0, 0x0, 0x0, 0x4f,
    0xa0, 0x0, 0x0, 0x0, 0x0, 0x3, 0xeb, 0x0,
    0x0, 0x0, 0x0, 0x0, 0x2f, 0xb0, 0x0, 0x0,
    0x0, 0x0, 0xbe, 0x30, 0x0, 0x0, 0x0, 0x1c,
    0xd2, 0x0, 0x0, 0x0, 0x2, 0xdc, 0x10, 0x0,
    0x0, 0x0, 0x3e, 0xb0, 0x0, 0x0, 0x0, 0x5,
    0xf9, 0x0, 0x0, 0x0, 0x0, 0x7f, 0x80, 0x0,
    0x0, 0x0, 0x9, 0xf6, 0x0, 0x0, 0x0, 0x0,
    0xc, 0x40, 0x0, 0x0, 0x0, 0x0, 0x0, 0x0,
    0x0, 0x0, 0x0, 0x0,

    /* U+003F "?" */
    0x0, 0x6c, 0xff, 0xb4, 0x0, 0x9, 0xff, 0xde,
    0xff, 0x50, 0x3f, 0xf3, 0x0, 0x9f, 0xe0, 0x8f,
    0x90, 0x0, 0x1f, 0xf2, 0xbf, 0x70, 0x0, 0x1f,
    0xf2, 0x1, 0x0, 0x0, 0x5f, 0xe0, 0x0, 0x0,
    0x1, 0xef, 0x70, 0x0, 0x0, 0x1d, 0xfa, 0x0,
    0x0, 0x0, 0xbf, 0x90, 0x0, 0x0, 0x1, 0xfd,
    0x0, 0x0, 0x0, 0x3, 0xf7, 0x0, 0x0, 0x0,
    0x0, 0x10, 0x0, 0x0, 0x0, 0x0, 0x0, 0x0,
    0x0, 0x0, 0x1, 0x32, 0x0, 0x0, 0x0, 0x6,
    0xfa, 0x0, 0x0, 0x0, 0x6, 0xfa, 0x0, 0x0,

    /* U+0040 "@" */
    0x0, 0x1, 0x9c, 0xbc, 0x70, 0x0, 0x0, 0x3c,
    0x40, 0x0, 0x8a, 0x0, 0x1, 0xd1, 0x0, 0x0,
    0xa, 0x50, 0x9, 0x50, 0x9, 0xd8, 0xe2, 0xc0,
    0xe, 0x0, 0xac, 0x2c, 0xd0, 0xd0, 0x3a, 0x5,
    0xf2, 0xb, 0xa0, 0xb3, 0x68, 0xd, 0xa0, 0xe,
    0x60, 0xb3, 0x77, 0x2f, 0x50, 0x2f, 0x30, 0xc3,
    0x86, 0x5f, 0x30, 0x5f, 0x0, 0xd1, 0x77, 0x5f,
    0x20, 0x8d, 0x1, 0xe0, 0x59, 0x2f, 0x82, 0xed,
    0x19, 0x80, 0x2c, 0x9, 0xff, 0x7f, 0xfb, 0x0,
    0xd, 0x10, 0x21, 0x1, 0x20, 0x0, 0x5, 0xa0,
    0x0, 0x0, 0x2, 0x0, 0x0, 0x8a, 0x10, 0x1,
    0xb4, 0x0, 0x0, 0x4, 0xbb, 0xbb, 0x30, 0x0,

    /* U+0041 "A" */
    0x0, 0x0, 0x2f, 0xf0, 0x0, 0x0, 0x0, 0x0,
    0x7f, 0xf4, 0x0, 0x0, 0x0, 0x0, 0xcf, 0xf9,
    0x0, 0x0, 0x0, 0x1, 0xfe, 0xfd, 0x0, 0x0,
    0x0, 0x5, 0xf9, 0xcf, 0x20, 0x0, 0x0, 0xa,
    0xf5, 0x8f, 0x70, 0x0, 0x0, 0xe, 0xf1, 0x3f,
    0xb0, 0x0, 0x0, 0x3f, 0xc0, 0xf, 0xf0, 0x0,
    0x0, 0x8f, 0x80, 0xb, 0xf5, 0x0, 0x0, 0xdf,
    0xdc, 0xce, 0xf9, 0x0, 0x1, 0xff, 0xff, 0xff,
    0xfe, 0x0, 0x6, 0xfb, 0x0, 0x0, 0xef, 0x30,
    0xb, 0xf7, 0x0, 0x0, 0xaf, 0x80, 0xf, 0xf2,
    0x0, 0x0, 0x6f, 0xc0, 0x4f, 0xe0, 0x0, 0x0,
    0x1f, 0xf1, 0x9f, 0xa0, 0x0, 0x0, 0xd, 0xf6,

    /* U+0042 "B" */
    0xff, 0xff, 0xff, 0xc6, 0x0, 0xf, 0xfc, 0xcc,
    0xdf, 0xf9, 0x0, 0xff, 0x30, 0x0, 0x3f, 0xf3,
    0xf, 0xf3, 0x0, 0x0, 0xaf, 0x80, 0xff, 0x30,
    0x0, 0x9, 0xf8, 0xf, 0xf3, 0x0, 0x0, 0xcf,
    0x60, 0xff, 0x30, 0x1, 0x9f, 0xe0, 0xf, 0xff,
    0xff, 0xff, 0xc2, 0x0, 0xff, 0xcc, 0xcd, 0xfe,
    0x60, 0xf, 0xf3, 0x0, 0x3, 0xef, 0x70, 0xff,
    0x30, 0x0, 0x5, 0xfe, 0xf, 0xf3, 0x0, 0x0,
    0x3f, 0xf0, 0xff, 0x30, 0x0, 0x6, 0xff, 0xf,
    0xf3, 0x0, 0x3, 0xef, 0xb0, 0xff, 0xcc, 0xcd,
    0xff, 0xe2, 0xf, 0xff, 0xff, 0xec, 0x71, 0x0,

    /* U+0043 "C" */
    0x0, 0x1, 0x9e, 0xfd, 0x70, 0x0, 0x0, 0x2e,
    0xfe, 0xcf, 0xfb, 0x0, 0x0, 0xdf, 0x90, 0x1,
    0xdf, 0x60, 0x5, 0xfd, 0x0, 0x0, 0x5f, 0xd0,
    0xa, 0xf8, 0x0, 0x0, 0x1f, 0xf0, 0xe, 0xf4,
    0x0, 0x0, 0xc, 0xc0, 0xf, 0xf2, 0x0, 0x0,
    0x0, 0x0, 0x1f, 0xf1, 0x0, 0x0, 0x0, 0x0,
    0x2f, 0xf1, 0x0, 0x0, 0x0, 0x0, 0x1f, 0xf2,
    0x0, 0x0, 0x6, 0x60, 0xf, 0xf3, 0x0, 0x0,
    0xf, 0xf1, 0xd, 0xf6, 0x0, 0x0, 0x2f, 0xf0,
    0x8, 0xfc, 0x0, 0x0, 0x6f, 0xb0, 0x1, 0xff,
    0x80, 0x3, 0xef, 0x50, 0x0, 0x4f, 0xfe, 0xdf,
    0xfa, 0x0, 0x0, 0x2, 0xae, 0xfd, 0x60, 0x0,

    /* U+0044 "D" */
    0xff, 0xff, 0xeb, 0x60, 0x0, 0xff, 0xcc, 0xef,
    0xfc, 0x10, 0xff, 0x30, 0x4, 0xef, 0xb0, 0xff,
    0x30, 0x0, 0x3f, 0xf3, 0xff, 0x30, 0x0, 0xc,
    0xf9, 0xff, 0x30, 0x0, 0x8, 0xfc, 0xff, 0x30,
    0x0, 0x5, 0xfe, 0xff, 0x30, 0x0, 0x4, 0xff,
    0xff, 0x30, 0x0, 0x4, 0xff, 0xff, 0x30, 0x0,
    0x5, 0xfe, 0xff, 0x30, 0x0, 0x7, 0xfc, 0xff,
    0x30, 0x0, 0xb, 0xf8, 0xff, 0x30, 0x0, 0x2f,
    0xf3, 0xff, 0x30, 0x4, 0xef, 0xa0, 0xff, 0xcc,
    0xef, 0xfb, 0x0, 0xff, 0xff, 0xea, 0x40, 0x0,

    /* U+0045 "E" */
    0xbf, 0xff, 0xff, 0xff, 0xf6, 0xbf, 0xdc, 0xcc,
    0xcc, 0xc4, 0xbf, 0x70, 0x0, 0x0, 0x0, 0xbf,
    0x70, 0x0, 0x0, 0x0, 0xbf, 0x70, 0x0, 0x0,
    0x0, 0xbf, 0x70, 0x0, 0x0, 0x0, 0xbf, 0x70,
    0x0, 0x0, 0x0, 0xbf, 0xff, 0xff, 0xff, 0xd0,
    0xbf, 0xdc, 0xcc, 0xcc, 0xa0, 0xbf, 0x70, 0x0,
    0x0, 0x0, 0xbf, 0x70, 0x0, 0x0, 0x0, 0xbf,
    0x70, 0x0, 0x0, 0x0, 0xbf, 0x70, 0x0, 0x0,
    0x0, 0xbf, 0x70, 0x0, 0x0, 0x0, 0xbf, 0xdc,
    0xcc, 0xcc, 0xca, 0xbf, 0xff, 0xff, 0xff, 0xfe,

    /* U+0046 "F" */
    0xef, 0xff, 0xff, 0xff, 0xff, 0xef, 0xdc, 0xcc,
    0xcc, 0xcb, 0xef, 0x40, 0x0, 0x0, 0x0, 0xef,
    0x40, 0x0, 0x0, 0x0, 0xef, 0x40, 0x0, 0x0,
    0x0, 0xef, 0x40, 0x0, 0x0, 0x0, 0xef, 0x40,
    0x0, 0x0, 0x0, 0xef, 0xdc, 0xcc, 0xcc, 0x10,
    0xef, 0xff, 0xff, 0xff, 0x10, 0xef, 0x40, 0x0,
    0x0, 0x0, 0xef, 0x40, 0x0, 0x0, 0x0, 0xef,
    0x40, 0x0, 0x0, 0x0, 0xef, 0x40, 0x0, 0x0,
    0x0, 0xef, 0x40, 0x0, 0x0, 0x0, 0xef, 0x40,
    0x0, 0x0, 0x0, 0xef, 0x40, 0x0, 0x0, 0x0,

    /* U+0047 "G" */
    0x0, 0x3, 0xbe, 0xfc, 0x40, 0x0, 0x4, 0xff,
    0xdd, 0xff, 0x60, 0x0, 0xef, 0x60, 0x4, 0xff,
    0x10, 0x6f, 0xc0, 0x0, 0xb, 0xf6, 0xb, 0xf7,
    0x0, 0x0, 0x7f, 0x90, 0xef, 0x40, 0x0, 0x3,
    0x96, 0xf, 0xf2, 0x0, 0x0, 0x0, 0x1, 0xff,
    0x10, 0x0, 0x0, 0x0, 0x2f, 0xf1, 0x1, 0xff,
    0xff, 0xb1, 0xff, 0x20, 0x1c, 0xcc, 0xfb, 0xf,
    0xf3, 0x0, 0x0, 0x3f, 0xb0, 0xdf, 0x60, 0x0,
    0x4, 0xfb, 0x8, 0xfc, 0x0, 0x0, 0x7f, 0xb0,
    0x2f, 0xf8, 0x0, 0x2e, 0xfb, 0x0, 0x5f, 0xfe,
    0xdf, 0xff, 0xb0, 0x0, 0x3b, 0xff, 0xa2, 0xfb,

    /* U+0048 "H" */
    0xff, 0x30, 0x0, 0x7, 0xfb, 0xff, 0x30, 0x0,
    0x7, 0xfb, 0xff, 0x30, 0x0, 0x7, 0xfb, 0xff,
    0x30, 0x0, 0x7, 0xfb, 0xff, 0x30, 0x0, 0x7,
    0xfb, 0xff, 0x30, 0x0, 0x7, 0xfb, 0xff, 0x30,
    0x0, 0x7, 0xfb, 0xff, 0xff, 0xff, 0xff, 0xfb,
    0xff, 0xcc, 0xcc, 0xcd, 0xfb, 0xff, 0x30, 0x0,
    0x7, 0xfb, 0xff, 0x30, 0x0, 0x7, 0xfb, 0xff,
    0x30, 0x0, 0x7, 0xfb, 0xff, 0x30, 0x0, 0x7,
    0xfb, 0xff, 0x30, 0x0, 0x7, 0xfb, 0xff, 0x30,
    0x0, 0x7, 0xfb, 0xff, 0x30, 0x0, 0x7, 0xfb,

    /* U+0049 "I" */
    0x3f, 0xf3, 0xff, 0x3f, 0xf3, 0xff, 0x3f, 0xf3,
    0xff, 0x3f, 0xf3, 0xff, 0x3f, 0xf3, 0xff, 0x3f,
    0xf3, 0xff, 0x3f, 0xf3, 0xff, 0x3f, 0xf3, 0xff,

    /* U+004A "J" */
    0x0, 0x0, 0x0, 0xa, 0xf8, 0x0, 0x0, 0x0,
    0xa, 0xf8, 0x0, 0x0, 0x0, 0xa, 0xf8, 0x0,
    0x0, 0x0, 0xa, 0xf8, 0x0, 0x0, 0x0, 0xa,
    0xf8, 0x0, 0x0, 0x0, 0xa, 0xf8, 0x0, 0x0,
    0x0, 0xa, 0xf8, 0x0, 0x0, 0x0, 0xa, 0xf8,
    0x0, 0x0, 0x0, 0xa, 0xf8, 0x34, 0x10, 0x0,
    0xa, 0xf8, 0xcf, 0x60, 0x0, 0xa, 0xf7, 0xbf,
    0x60, 0x0, 0xb, 0xf7, 0x9f, 0xa0, 0x0, 0xe,
    0xf4, 0x4f, 0xf5, 0x1, 0x9f, 0xf0, 0xa, 0xff,
    0xff, 0xff, 0x60, 0x0, 0x6d, 0xff, 0xb4, 0x0,

    /* U+004B "K" */
    0xff, 0x30, 0x0, 0xd, 0xfa, 0xf, 0xf3, 0x0,
    0xa, 0xfd, 0x0, 0xff, 0x30, 0x6, 0xfe, 0x20,
    0xf, 0xf3, 0x3, 0xff, 0x40, 0x0, 0xff, 0x31,
    0xdf, 0x70, 0x0, 0xf, 0xf3, 0xbf, 0xb0, 0x0,
    0x0, 0xff, 0xaf, 0xf4, 0x0, 0x0, 0xf, 0xff,
    0xff, 0xc0, 0x0, 0x0, 0xff, 0xf7, 0xff, 0x50,
    0x0, 0xf, 0xf9, 0x8, 0xfd, 0x0, 0x0, 0xff,
    0x30, 0xe, 0xf6, 0x0, 0xf, 0xf3, 0x0, 0x7f,
    0xe0, 0x0, 0xff, 0x30, 0x0, 0xdf, 0x80, 0xf,
    0xf3, 0x0, 0x5, 0xff, 0x10, 0xff, 0x30, 0x0,
    0xc, 0xf9, 0xf, 0xf3, 0x0, 0x0, 0x4f, 0xf2,

    /* U+004C "L" */
    0xef, 0x40, 0x0, 0x0, 0x0, 0xef, 0x40, 0x0,
    0x0, 0x0, 0xef, 0x40, 0x0, 0x0, 0x0, 0xef,
    0x40, 0x0, 0x0, 0x0, 0xef, 0x40, 0x0, 0x0,
    0x0, 0xef, 0x40, 0x0, 0x0, 0x0, 0xef, 0x40,
    0x0, 0x0, 0x0, 0xef, 0x40, 0x0, 0x0, 0x0,
    0xef, 0x40, 0x0, 0x0, 0x0, 0xef, 0x40, 0x0,
    0x0, 0x0, 0xef, 0x40, 0x0, 0x0, 0x0, 0xef,
    0x40, 0x0, 0x0, 0x0, 0xef, 0x40, 0x0, 0x0,
    0x0, 0xef, 0x40, 0x0, 0x0, 0x0, 0xef, 0xdc,
    0xcc, 0xcc, 0xca, 0xef, 0xff, 0xff, 0xff, 0xfe,

    /* U+004D "M" */
    0x2f, 0xfd, 0x0, 0x0, 0xff, 0xf2, 0xff, 0xf0,
    0x0, 0x3f, 0xff, 0x2f, 0xff, 0x30, 0x6, 0xff,
    0xf2, 0xff, 0xf6, 0x0, 0x9f, 0xff, 0x2f, 0xef,
    0x90, 0xd, 0xef, 0xf2, 0xfb, 0xed, 0x0, 0xfb,
    0xef, 0x2f, 0xbb, 0xf0, 0x3f, 0x8e, 0xf2, 0xfb,
    0x8f, 0x36, 0xf5, 0xef, 0x2f, 0xb5, 0xf6, 0x9f,
    0x2e, 0xf2, 0xfb, 0x1f, 0x9c, 0xe0, 0xef, 0x2f,
    0xb0, 0xed, 0xfb, 0xe, 0xf2, 0xfb, 0xb, 0xff,
    0x80, 0xef, 0x2f, 0xb0, 0x8f, 0xf5, 0xe, 0xf2,
    0xfb, 0x5, 0xff, 0x20, 0xef, 0x2f, 0xb0, 0x2f,
    0xf0, 0xe, 0xf2, 0xfb, 0x0, 0xfc, 0x0, 0xef,

    /* U+004E "N" */
    0x1f, 0xf8, 0x0, 0x0, 0x7f, 0xb1, 0xff, 0xe0,
    0x0, 0x7, 0xfb, 0x1f, 0xff, 0x60, 0x0, 0x7f,
    0xb1, 0xff, 0xfd, 0x0, 0x7, 0xfb, 0x1f, 0xfd,
    0xf4, 0x0, 0x7f, 0xb1, 0xff, 0x6f, 0xb0, 0x7,
    0xfb, 0x1f, 0xf1, 0xdf, 0x20, 0x7f, 0xb1, 0xff,
    0x16, 0xf9, 0x7, 0xfb, 0x1f, 0xf1, 0xf, 0xf1,
    0x7f, 0xb1, 0xff, 0x10, 0x8f, 0x87, 0xfb, 0x1f,
    0xf1, 0x1, 0xfe, 0x7f, 0xb1, 0xff, 0x10, 0xa,
    0xfd, 0xfb, 0x1f, 0xf1, 0x0, 0x3f, 0xff, 0xb1,
    0xff, 0x10, 0x0, 0xcf, 0xfb, 0x1f, 0xf1, 0x0,
    0x5, 0xff, 0xb1, 0xff, 0x10, 0x0, 0xd, 0xfb,

    /* U+004F "O" */
    0x0, 0x6, 0xcf, 0xfb, 0x40, 0x0, 0x0, 0x9f,
    0xfd, 0xdf, 0xf6, 0x0, 0x5, 0xff, 0x40, 0x7,
    0xff, 0x10, 0xb, 0xf8, 0x0, 0x0, 0xcf, 0x70,
    0xf, 0xf3, 0x0, 0x0, 0x7f, 0xb0, 0x2f, 0xf0,
    0x0, 0x0, 0x5f, 0xe0, 0x4f, 0xf0, 0x0, 0x0,
    0x3f, 0xf0, 0x5f, 0xe0, 0x0, 0x0, 0x3f, 0xf0,
    0x5f, 0xe0, 0x0, 0x0, 0x3f, 0xf0, 0x4f, 0xf0,
    0x0, 0x0, 0x3f, 0xf0, 0x2f, 0xf0, 0x0, 0x0,
    0x5f, 0xe0, 0xf, 0xf3, 0x0, 0x0, 0x7f, 0xb0,
    0xb, 0xf8, 0x0, 0x0, 0xcf, 0x70, 0x4, 0xff,
    0x40, 0x7, 0xff, 0x10, 0x0, 0x9f, 0xfd, 0xdf,
    0xf5, 0x0, 0x0, 0x6, 0xcf, 0xfb, 0x40, 0x0,

    /* U+0050 "P" */
    0xcf, 0xff, 0xff, 0xd8, 0x0, 0xc, 0xfd, 0xcc,
    0xdf, 0xfd, 0x0, 0xcf, 0x60, 0x0, 0x2d, 0xf8,
    0xc, 0xf6, 0x0, 0x0, 0x4f, 0xe0, 0xcf, 0x60,
    0x0, 0x1, 0xff, 0xc, 0xf6, 0x0, 0x0, 0x2f,
    0xf0, 0xcf, 0x60, 0x0, 0x6, 0xfd, 0xc, 0xf6,
    0x0, 0x16, 0xef, 0x60, 0xcf, 0xff, 0xff, 0xff,
    0x90, 0xc, 0xfd, 0xcc, 0xb9, 0x40, 0x0, 0xcf,
    0x60, 0x0, 0x0, 0x0, 0xc, 0xf6, 0x0, 0x0,
    0x0, 0x0, 0xcf, 0x60, 0x0, 0x0, 0x0, 0xc,
    0xf6, 0x0, 0x0, 0x0, 0x0, 0xcf, 0x60, 0x0,
    0x0, 0x0, 0xc, 0xf6, 0x0, 0x0, 0x0, 0x0,

    /* U+0051 "Q" */
    0x0, 0x6, 0xcf, 0xfb, 0x40, 0x0, 0x0, 0x9f,
    0xfd, 0xdf, 0xf6, 0x0, 0x5, 0xff, 0x40, 0x7,
    0xff, 0x10, 0xb, 0xf8, 0x0, 0x0, 0xcf, 0x70,
    0xf, 0xf3, 0x0, 0x0, 0x7f, 0xb0, 0x2f, 0xf0,
    0x0, 0x0, 0x5f, 0xe0, 0x4f, 0xf0, 0x0, 0x0,
    0x3f, 0xf0, 0x5f, 0xe0, 0x0, 0x0, 0x3f, 0xf0,
    0x5f, 0xe0, 0x0, 0x0, 0x3f, 0xf0, 0x4f, 0xf0,
    0x0, 0x12, 0x3f, 0xf0, 0x2f, 0xf0, 0x0, 0xcb,
    0x5f, 0xe0, 0xf, 0xf3, 0x0, 0xef, 0xbf, 0xb0,
    0xb, 0xf8, 0x0, 0x6f, 0xff, 0x70, 0x4, 0xff,
    0x40, 0xe, 0xfe, 0x10, 0x0, 0x9f, 0xfd, 0xdf,
    0xfd, 0x0, 0x0, 0x6, 0xcf, 0xfb, 0xef, 0x30,
    0x0, 0x0, 0x0, 0x0, 0x56, 0x0, 0x0, 0x0,
    0x0, 0x0, 0x0, 0x0,

    /* U+0052 "R" */
    0xff, 0xff, 0xff, 0xc6, 0x0, 0xf, 0xfc, 0xcc,
    0xef, 0xfc, 0x0, 0xff, 0x30, 0x0, 0x5f, 0xf6,
    0xf, 0xf3, 0x0, 0x0, 0x9f, 0xa0, 0xff, 0x30,
    0x0, 0x6, 0xfc, 0xf, 0xf3, 0x0, 0x0, 0x8f,
    0xa0, 0xff, 0x30, 0x0, 0x3f, 0xf5, 0xf, 0xfc,
    0xcc, 0xdf, 0xfa, 0x0, 0xff, 0xff, 0xff, 0xe6,
    0x0, 0xf, 0xf3, 0x2, 0xff, 0x10, 0x0, 0xff,
    0x30, 0xa, 0xf8, 0x0, 0xf, 0xf3, 0x0, 0x2f,
    0xf1, 0x0, 0xff, 0x30, 0x0, 0xbf, 0x80, 0xf,
    0xf3, 0x0, 0x3, 0xff, 0x10, 0xff, 0x30, 0x0,
    0xb, 0xf8, 0xf, 0xf3, 0x0, 0x0, 0x3f, 0xf1,

    /* U+0053 "S" */
    0x0, 0x6, 0xdf, 0xfc, 0x40, 0x0, 0xb, 0xff,
    0xef, 0xff, 0x50, 0x6, 0xfe, 0x20, 0x8, 0xfe,
    0x0, 0xbf, 0x70, 0x0, 0xe, 0xf4, 0xb, 0xf7,
    0x0, 0x0, 0x68, 0x30, 0x8f, 0xe2, 0x0, 0x0,
    0x0, 0x0, 0xdf, 0xf9, 0x20, 0x0, 0x0, 0x1,
    0x9f, 0xff, 0xa2, 0x0, 0x0, 0x0, 0x18, 0xff,
    0xf5, 0x0, 0x0, 0x0, 0x1, 0xaf, 0xf4, 0x2,
    0x20, 0x0, 0x0, 0xaf, 0xb2, 0xff, 0x0, 0x0,
    0x5, 0xfd, 0xf, 0xf3, 0x0, 0x0, 0x7f, 0xc0,
    0xbf, 0xd1, 0x0, 0x3e, 0xf6, 0x1, 0xef, 0xfc,
    0xdf, 0xfb, 0x0, 0x1, 0x9d, 0xff, 0xc6, 0x0,

    /* U+0054 "T" */
    0xff, 0xff, 0xff, 0xff, 0xfb, 0xbc, 0xcc, 0xff,
    0xcc, 0xc8, 0x0, 0x3, 0xff, 0x0, 0x0, 0x0,
    0x3, 0xff, 0x0, 0x0, 0x0, 0x3, 0xff, 0x0,
    0x0, 0x0, 0x3, 0xff, 0x0, 0x0, 0x0, 0x3,
    0xff, 0x0, 0x0, 0x0, 0x3, 0xff, 0x0, 0x0,
    0x0, 0x3, 0xff, 0x0, 0x0, 0x0, 0x3, 0xff,
    0x0, 0x0, 0x0, 0x3, 0xff, 0x0, 0x0, 0x0,
    0x3, 0xff, 0x0, 0x0, 0x0, 0x3, 0xff, 0x0,
    0x0, 0x0, 0x3, 0xff, 0x0, 0x0, 0x0, 0x3,
    0xff, 0x0, 0x0, 0x0, 0x3, 0xff, 0x0, 0x0,

    /* U+0055 "U" */
    0xff, 0x30, 0x0, 0x6, 0xfc, 0xff, 0x30, 0x0,
    0x6, 0xfc, 0xff, 0x30, 0x0, 0x6, 0xfc, 0xff,
    0x30, 0x0, 0x6, 0xfc, 0xff, 0x30, 0x0, 0x6,
    0xfc, 0xff, 0x30, 0x0, 0x6, 0xfc, 0xff, 0x30,
    0x0, 0x6, 0xfc, 0xff, 0x30, 0x0, 0x6, 0xfc,
    0xff, 0x30, 0x0, 0x6, 0xfc, 0xff, 0x30, 0x0,
    0x6, 0xfc, 0xff, 0x30, 0x0, 0x6, 0xfc, 0xff,
    0x30, 0x0, 0x6, 0xfc, 0xdf, 0x60, 0x0, 0x9,
    0xfa, 0x8f, 0xe2, 0x0, 0x4f, 0xf5, 0x1d, 0xff,
    0xdd, 0xff, 0xb0, 0x1, 0x9d, 0xff, 0xd7, 0x0,

    /* U+0056 "V" */
    0xaf, 0x90, 0x0, 0x0, 0xe, 0xf4, 0x6f, 0xd0,
    0x0, 0x0, 0x3f, 0xf0, 0x1f, 0xf1, 0x0, 0x0,
    0x7f, 0xb0, 0xc, 0xf6, 0x0, 0x0, 0xcf, 0x60,
    0x7, 0xfa, 0x0, 0x0, 0xff, 0x10, 0x3, 0xfe,
    0x0, 0x4, 0xfd, 0x0, 0x0, 0xef, 0x30, 0x9,
    0xf8, 0x0, 0x0, 0x9f, 0x70, 0xd, 0xf3, 0x0,
    0x0, 0x5f, 0xb0, 0x1f, 0xe0, 0x0, 0x0, 0xf,
    0xf0, 0x6f, 0xa0, 0x0, 0x0, 0xb, 0xf4, 0xaf,
    0x50, 0x0, 0x0, 0x7, 0xf8, 0xef, 0x10, 0x0,
    0x0, 0x2, 0xff, 0xfc, 0x0, 0x0, 0x0, 0x0,
    0xdf, 0xf7, 0x0, 0x0, 0x0, 0x0, 0x9f, 0xf2,
    0x0, 0x0, 0x0, 0x0, 0x4f, 0xe0, 0x0, 0x0,

    /* U+0057 "W" */
    0xdf, 0x30, 0x4f, 0xe0, 0x9, 0xf7, 0xbf, 0x40,
    0x6f, 0xf0, 0xb, 0xf5, 0x9f, 0x60, 0x9f, 0xf3,
    0xc, 0xf3, 0x7f, 0x80, 0xbf, 0xf5, 0xe, 0xf1,
    0x5f, 0x90, 0xdb, 0xf7, 0xf, 0xf0, 0x3f, 0xb0,
    0xf8, 0xe9, 0x1f, 0xd0, 0x1f, 0xd2, 0xf6, 0xcb,
    0x3f, 0xb0, 0xf, 0xe4, 0xf3, 0x9e, 0x4f, 0x80,
    0xd, 0xf6, 0xf1, 0x7f, 0x6f, 0x60, 0xa, 0xfa,
    0xf0, 0x5f, 0xaf, 0x40, 0x8, 0xff, 0xd0, 0x3f,
    0xff, 0x20, 0x6, 0xff, 0xa0, 0xf, 0xff, 0x0,
    0x4, 0xff, 0x80, 0xe, 0xfe, 0x0, 0x2, 0xff,
    0x60, 0xc, 0xfc, 0x0, 0x0, 0xff, 0x30, 0x9,
    0xfa, 0x0, 0x0, 0xef, 0x10, 0x7, 0xf8, 0x0,

    /* U+0058 "X" */
    0xd, 0xf5, 0x0, 0x0, 0xbf, 0x80, 0x6, 0xfc,
    0x0, 0x2, 0xfe, 0x10, 0x0, 0xdf, 0x40, 0xa,
    0xf7, 0x0, 0x0, 0x5f, 0xb0, 0x2f, 0xe0, 0x0,
    0x0, 0xd, 0xf3, 0x9f, 0x70, 0x0, 0x0, 0x4,
    0xfb, 0xfe, 0x0, 0x0, 0x0, 0x0, 0xcf, 0xf6,
    0x0, 0x0, 0x0, 0x0, 0x5f, 0xf0, 0x0, 0x0,
    0x0, 0x0, 0xbf, 0xf5, 0x0, 0x0, 0x0, 0x3,
    0xfd, 0xfd, 0x0, 0x0, 0x0, 0xb, 0xf4, 0xaf,
    0x50, 0x0, 0x0, 0x4f, 0xc0, 0x3f, 0xd0, 0x0,
    0x0, 0xcf, 0x50, 0xb, 0xf6, 0x0, 0x5, 0xfd,
    0x0, 0x3, 0xfe, 0x0, 0xd, 0xf5, 0x0, 0x0,
    0xbf, 0x70, 0x5f, 0xd0, 0x0, 0x0, 0x3f, 0xe0,

    /* U+0059 "Y" */
    0x6f, 0xc0, 0x0, 0x0, 0x1f, 0xf1, 0xd, 0xf4,
    0x0, 0x0, 0x8f, 0x90, 0x6, 0xfb, 0x0, 0x1,
    0xff, 0x10, 0x0, 0xdf, 0x30, 0x7, 0xf9, 0x0,
    0x0, 0x5f, 0xb0, 0xe, 0xf1, 0x0, 0x0, 0xd,
    0xf2, 0x7f, 0x90, 0x0, 0x0, 0x5, 0xfb, 0xef,
    0x10, 0x0, 0x0, 0x0, 0xdf, 0xf9, 0x0, 0x0,
    0x0, 0x0, 0x6f, 0xf1, 0x0, 0x0, 0x0, 0x0,
    0x3f, 0xf0, 0x0, 0x0, 0x0, 0x0, 0x3f, 0xf0,
    0x0, 0x0, 0x0, 0x0, 0x3f, 0xf0, 0x0, 0x0,
    0x0, 0x0, 0x3f, 0xf0, 0x0, 0x0, 0x0, 0x0,
    0x3f, 0xf0, 0x0, 0x0, 0x0, 0x0, 0x3f, 0xf0,
    0x0, 0x0, 0x0, 0x0, 0x3f, 0xf0, 0x0, 0x0,

    /* U+005A "Z" */
    0x9, 0xff, 0xff, 0xff, 0xff, 0x90, 0x7c, 0xcc,
    0xcc, 0xce, 0xf9, 0x0, 0x0, 0x0, 0x1, 0xef,
    0x20, 0x0, 0x0, 0x0, 0xaf, 0x80, 0x0, 0x0,
    0x0, 0x3f, 0xe0, 0x0, 0x0, 0x0, 0xd, 0xf5,
    0x0, 0x0, 0x0, 0x7, 0xfb, 0x0, 0x0, 0x0,
    0x1, 0xff, 0x20, 0x0, 0x0, 0x0, 0xaf, 0x70,
    0x0, 0x0, 0x0, 0x4f, 0xd0, 0x0, 0x0, 0x0,
    0xd, 0xf4, 0x0, 0x0, 0x0, 0x7, 0xfa, 0x0,
    0x0, 0x0, 0x2, 0xff, 0x10, 0x0, 0x0, 0x0,
    0xbf, 0x70, 0x0, 0x0, 0x0, 0x2f, 0xfc, 0xcc,
    0xcc, 0xcc, 0xa2, 0xff, 0xff, 0xff, 0xff, 0xfe,

    /* U+005B "[" */
    0x2, 0x22, 0x22, 0x15, 0xff, 0xff, 0xf9, 0x5f,
    0x85, 0x55, 0x35, 0xf4, 0x0, 0x0, 0x5f, 0x40,
    0x0, 0x5, 0xf4, 0x0, 0x0, 0x5f, 0x40, 0x0,
    0x5, 0xf4, 0x0, 0x0, 0x5f, 0x40, 0x0, 0x5,
    0xf4, 0x0, 0x0, 0x5f, 0x40, 0x0, 0x5, 0xf4,
    0x0, 0x0, 0x5f, 0x40, 0x0, 0x5, 0xf4, 0x0,
    0x0, 0x5f, 0x40, 0x0, 0x5, 0xf4, 0x0, 0x0,
    0x5f, 0x40, 0x0, 0x5, 0xf4, 0x0, 0x0, 0x5f,
    0x40, 0x0, 0x5, 0xf6, 0x22, 0x21, 0x5f, 0xff,
    0xff, 0x91, 0x55, 0x55, 0x53,

    /* U+005C "\\" */
    0x9e, 0x0, 0x0, 0x0, 0x0, 0x2f, 0x50, 0x0,
    0x0, 0x0, 0xb, 0xc0, 0x0, 0x0, 0x0, 0x5,
    0xf2, 0x0, 0x0, 0x0, 0x0, 0xe9, 0x0, 0x0,
    0x0, 0x0, 0x8f, 0x0, 0x0, 0x0, 0x0, 0x1f,
    0x60, 0x0, 0x0, 0x0, 0xa, 0xd0, 0x0, 0x0,
    0x0, 0x4, 0xf3, 0x0, 0x0, 0x0, 0x0, 0xda,
    0x0, 0x0, 0x0, 0x0, 0x6f, 0x10, 0x0, 0x0,
    0x0, 0xf, 0x70, 0x0, 0x0, 0x0, 0x9, 0xe0,
    0x0, 0x0, 0x0, 0x2, 0xf5, 0x0, 0x0, 0x0,
    0x0, 0xcb, 0x0, 0x0, 0x0, 0x0, 0x5f, 0x20,
    0x0, 0x0, 0x0, 0xe, 0x80, 0x0, 0x0, 0x0,
    0x8, 0xe0, 0x0, 0x0, 0x0, 0x2, 0xf6,

    /* U+005D "]" */
    0x12, 0x22, 0x22, 0xe, 0xff, 0xff, 0xf0, 0x45,
    0x55, 0xbf, 0x0, 0x0, 0x9, 0xf0, 0x0, 0x0,
    0x9f, 0x0, 0x0, 0x9, 0xf0, 0x0, 0x0, 0x9f,
    0x0, 0x0, 0x9, 0xf0, 0x0, 0x0, 0x9f, 0x0,
    0x0, 0x9, 0xf0, 0x0, 0x0, 0x9f, 0x0, 0x0,
    0x9, 0xf0, 0x0, 0x0, 0x9f, 0x0, 0x0, 0x9,
    0xf0, 0x0, 0x0, 0x9f, 0x0, 0x0, 0x9, 0xf0,
    0x0, 0x0, 0x9f, 0x0, 0x0, 0x9, 0xf0, 0x0,
    0x0, 0x9f, 0x1, 0x22, 0x29, 0xf0, 0xef, 0xff,
    0xff, 0x4, 0x55, 0x55, 0x50,

    /* U+005E "^" */
    0x0, 0xb, 0xff, 0x50, 0x0, 0x0, 0x9f, 0xdf,
    0xf3, 0x0, 0x6, 0xfb, 0x3, 0xee, 0x20, 0x4f,
    0x90, 0x0, 0x1d, 0xd0,

    /* U+005F "_" */
    0xff, 0xff, 0xff, 0xff, 0xff, 0xfc, 0x22, 0x22,
    0x22, 0x22, 0x22, 0x21,

    /* U+0060 "`" */
    0x68, 0x70, 0x0, 0x2f, 0xf6, 0x0, 0x4, 0xfe,
    0x10, 0x0, 0x6f, 0x90, 0x0, 0x8, 0xf3,

    /* U+0061 "a" */
    0x0, 0x6c, 0xff, 0xc5, 0x0, 0xa, 0xfe, 0xbb,
    0xff, 0x60, 0x3f, 0xe1, 0x0, 0x2f, 0xd0, 0x25,
    0x30, 0x0, 0x1e, 0xf0, 0x0, 0x14, 0x7b, 0xff,
    0xf0, 0x9, 0xff, 0xff, 0xbe, 0xf0, 0x8f, 0xd6,
    0x20, 0xd, 0xf0, 0xdf, 0x30, 0x0, 0xe, 0xf0,
    0xef, 0x30, 0x0, 0xaf, 0xf0, 0x9f, 0xe8, 0x9e,
    0xff, 0xf1, 0x7, 0xdf, 0xea, 0x3b, 0xf7,

    /* U+0062 "b" */
    0xef, 0x0, 0x0, 0x0, 0x0, 0xef, 0x0, 0x0,
    0x0, 0x0, 0xef, 0x0, 0x0, 0x0, 0x0, 0xef,
    0x0, 0x0, 0x0, 0x0, 0xef, 0x0, 0x0, 0x0,
    0x0, 0xef, 0x1a, 0xef, 0xb3, 0x0, 0xef, 0xdf,
    0xbc, 0xff, 0x50, 0xef, 0xe2, 0x0, 0x6f, 0xe0,
    0xef, 0x60, 0x0, 0xd, 0xf5, 0xef, 0x20, 0x0,
    0x9, 0xf8, 0xef, 0x0, 0x0, 0x7, 0xf9, 0xef,
    0x10, 0x0, 0x9, 0xf8, 0xef, 0x50, 0x0, 0xc,
    0xf5, 0xef, 0xe2, 0x0, 0x6f, 0xf1, 0xef, 0xdf,
    0xbc, 0xff, 0x50, 0xef, 0x1a, 0xff, 0xc4, 0x0,

    /* U+0063 "c" */
    0x0, 0x5, 0xcf, 0xfc, 0x50, 0x0, 0xa, 0xff,
    0xbb, 0xff, 0x80, 0x6, 0xfd, 0x20, 0x2, 0xff,
    0x20, 0xdf, 0x40, 0x0, 0x8, 0xb4, 0x1f, 0xf0,
    0x0, 0x0, 0x0, 0x2, 0xfe, 0x0, 0x0, 0x0,
    0x0, 0x1f, 0xf0, 0x0, 0x0, 0x27, 0x40, 0xdf,
    0x40, 0x0, 0x8, 0xf9, 0x6, 0xfd, 0x20, 0x2,
    0xef, 0x30, 0xa, 0xff, 0xbb, 0xff, 0x80, 0x0,
    0x5, 0xcf, 0xfc, 0x50, 0x0,

    /* U+0064 "d" */
    0x0, 0x0, 0x0, 0x0, 0x9f, 0x50, 0x0, 0x0,
    0x0, 0x9, 0xf5, 0x0, 0x0, 0x0, 0x0, 0x9f,
    0x50, 0x0, 0x0, 0x0, 0x9, 0xf5, 0x0, 0x0,
    0x0, 0x0, 0x9f, 0x50, 0x0, 0x8e, 0xfc, 0x49,
    0xf5, 0x0, 0xdf, 0xeb, 0xdf, 0xdf, 0x50, 0x8f,
    0xc0, 0x0, 0x9f, 0xf5, 0xe, 0xf4, 0x0, 0x0,
    0xff, 0x51, 0xff, 0x0, 0x0, 0xb, 0xf5, 0x2f,
    0xe0, 0x0, 0x0, 0x9f, 0x51, 0xff, 0x0, 0x0,
    0xa, 0xf5, 0xe, 0xf2, 0x0, 0x0, 0xdf, 0x50,
    0x9f, 0xa0, 0x0, 0x6f, 0xf5, 0x1, 0xdf, 0xc7,
    0xaf, 0xef, 0x50, 0x1, 0x9e, 0xfd, 0x79, 0xf5,

    /* U+0065 "e" */
    0x0, 0x5, 0xcf, 0xfc, 0x50, 0x0, 0x9, 0xfe,
    0xaa, 0xff, 0x80, 0x5, 0xfc, 0x0, 0x2, 0xff,
    0x10, 0xcf, 0x62, 0x22, 0x2b, 0xf6, 0xf, 0xff,
    0xff, 0xff, 0xff, 0x80, 0xff, 0x55, 0x55, 0x55,
    0x53, 0xf, 0xf1, 0x0, 0x0, 0x0, 0x0, 0xcf,
    0x50, 0x0, 0x7, 0xd8, 0x5, 0xfe, 0x20, 0x1,
    0xef, 0x40, 0x9, 0xff, 0xcb, 0xff, 0x90, 0x0,
    0x5, 0xcf, 0xfc, 0x60, 0x0,

    /* U+0066 "f" */
    0x0, 0x0, 0x4c, 0xef, 0xd7, 0x0, 0x5, 0xff,
    0xba, 0xda, 0x0, 0xb, 0xf4, 0x0, 0x0, 0x0,
    0xc, 0xf1, 0x0, 0x0, 0x0, 0xc, 0xf1, 0x0,
    0x0, 0xff, 0xff, 0xff, 0xff, 0xf0, 0x77, 0x7e,
    0xf8, 0x77, 0x70, 0x0, 0xc, 0xf1, 0x0, 0x0,
    0x0, 0xc, 0xf1, 0x0, 0x0, 0x0, 0xc, 0xf1,
    0x0, 0x0, 0x0, 0xc, 0xf1, 0x0, 0x0, 0x0,
    0xc, 0xf1, 0x0, 0x0, 0x0, 0xc, 0xf1, 0x0,
    0x0, 0x0, 0xc, 0xf1, 0x0, 0x0, 0x0, 0xc,
    0xf1, 0x0, 0x0, 0x0, 0xc, 0xf1, 0x0, 0x0,

    /* U+0067 "g" */
    0x0, 0x0, 0x0, 0x0, 0x0, 0x0, 0x0, 0x6,
    0xdf, 0xd6, 0x5c, 0xf2, 0x0, 0x9f, 0xd9, 0xdf,
    0xe9, 0xa1, 0x1, 0xfe, 0x0, 0xd, 0xf2, 0x0,
    0x3, 0xfb, 0x0, 0xa, 0xf4, 0x0, 0x0, 0xfe,
    0x0, 0xd, 0xf2, 0x0, 0x0, 0x7f, 0xd9, 0xcf,
    0xa0, 0x0, 0x0, 0xcc, 0xdf, 0xd7, 0x0, 0x0,
    0x7, 0xf2, 0x0, 0x0, 0x0, 0x0, 0x8, 0xf5,
    0x0, 0x0, 0x0, 0x0, 0x3, 0xff, 0xcb, 0xa9,
    0x72, 0x0, 0x1, 0xbf, 0xdf, 0xff, 0xff, 0x50,
    0xd, 0xc0, 0x0, 0x0, 0x4f, 0xb0, 0xe, 0xf8,
    0x54, 0x56, 0xbf, 0x70, 0x2, 0x9d, 0xff, 0xfd,
    0xa5, 0x0,

    /* U+0068 "h" */
    0xbf, 0x30, 0x0, 0x0, 0x0, 0xbf, 0x30, 0x0,
    0x0, 0x0, 0xbf, 0x30, 0x0, 0x0, 0x0, 0xbf,
    0x30, 0x0, 0x0, 0x0, 0xbf, 0x30, 0x0, 0x0,
    0x0, 0xbf, 0x33, 0xbe, 0xeb, 0x20, 0xbf, 0x7f,
    0xc8, 0xcf, 0xe0, 0xbf, 0xf8, 0x0, 0xc, 0xf5,
    0xbf, 0xc0, 0x0, 0x7, 0xf7, 0xbf, 0x60, 0x0,
    0x6, 0xf8, 0xbf, 0x30, 0x0, 0x6, 0xf8, 0xbf,
    0x30, 0x0, 0x6, 0xf8, 0xbf, 0x30, 0x0, 0x6,
    0xf8, 0xbf, 0x30, 0x0, 0x6, 0xf8, 0xbf, 0x30,
    0x0, 0x6, 0xf8, 0xbf, 0x30, 0x0, 0x6, 0xf8,

    /* U+0069 "i" */
    0x2f, 0xc2, 0xfc, 0x6, 0x40, 0x0, 0x0, 0x2,
    0xfc, 0x2f, 0xc2, 0xfc, 0x2f, 0xc2, 0xfc, 0x2f,
    0xc2, 0xfc, 0x2f, 0xc2, 0xfc, 0x2f, 0xc2, 0xfc,

    /* U+006A "j" */
    0x0, 0x0, 0x4f, 0xa0, 0x0, 0x4, 0xfa, 0x0,
    0x0, 0x16, 0x40, 0x0, 0x0, 0x0, 0x0, 0x0,
    0x0, 0x0, 0x0, 0x4, 0xfa, 0x0, 0x0, 0x4f,
    0xa0, 0x0, 0x4, 0xfa, 0x0, 0x0, 0x4f, 0xa0,
    0x0, 0x4, 0xfa, 0x0, 0x0, 0x4f, 0xa0, 0x0,
    0x4, 0xfa, 0x0, 0x0, 0x4f, 0xa0, 0x0, 0x4,
    0xfa, 0x0, 0x0, 0x4f, 0xa0, 0x0, 0x4, 0xf9,
    0x10, 0x0, 0x7f, 0x7d, 0xca, 0xbf, 0xe1, 0x9e,
    0xfe, 0xa2, 0x0,

    /* U+006B "k" */
    0x9f, 0x40, 0x0, 0x0, 0x0, 0x9f, 0x40, 0x0,
    0x0, 0x0, 0x9f, 0x40, 0x0, 0x0, 0x0, 0x9f,
    0x40, 0x0, 0x0, 0x0, 0x9f, 0x40, 0x0, 0x0,
    0x0, 0x9f, 0x40, 0x0, 0x8f, 0xc0, 0x9f, 0x40,
    0x7, 0xfc, 0x0, 0x9f, 0x40, 0x6f, 0xc1, 0x0,
    0x9f, 0x46, 0xfd, 0x10, 0x0, 0x9f, 0x9f, 0xff,
    0x20, 0x0, 0x9f, 0xfd, 0x6f, 0xb0, 0x0, 0x9f,
    0xd1, 0xb, 0xf4, 0x0, 0x9f, 0x40, 0x2, 0xfd,
    0x0, 0x9f, 0x40, 0x0, 0x9f, 0x70, 0x9f, 0x40,
    0x0, 0x1f, 0xf1, 0x9f, 0x40, 0x0, 0x7, 0xfa,

    /* U+006C "l" */
    0xf, 0xd0, 0xfd, 0xf, 0xd0, 0xfd, 0xf, 0xd0,
    0xfd, 0xf, 0xd0, 0xfd, 0xf, 0xd0, 0xfd, 0xf,
    0xd0, 0xfd, 0xf, 0xd0, 0xfd, 0xf, 0xd0, 0xfd,

    /* U+006D "m" */
    0xaf, 0x5a, 0xfd, 0x36, 0xef, 0x90, 0xaf, 0xfc,
    0xcf, 0xef, 0xae, 0xf4, 0xaf, 0xb0, 0x1f, 0xf5,
    0x8, 0xf6, 0xaf, 0x50, 0xf, 0xf0, 0x7, 0xf7,
    0xaf, 0x40, 0xf, 0xd0, 0x7, 0xf7, 0xaf, 0x40,
    0xf, 0xd0, 0x7, 0xf7, 0xaf, 0x40, 0xf, 0xd0,
    0x7, 0xf7, 0xaf, 0x40, 0xf, 0xd0, 0x7, 0xf7,
    0xaf, 0x40, 0xf, 0xd0, 0x7, 0xf7, 0xaf, 0x40,
    0xf, 0xd0, 0x7, 0xf7, 0xaf, 0x40, 0xf, 0xd0,
    0x7, 0xf7,

    /* U+006E "n" */
    0xbf, 0x33, 0xbe, 0xeb, 0x20, 0xbf, 0x8f, 0x95,
    0x9f, 0xe0, 0xbf, 0xf6, 0x0, 0xa, 0xf5, 0xbf,
    0xb0, 0x0, 0x6, 0xf7, 0xbf, 0x50, 0x0, 0x6,
    0xf8, 0xbf, 0x30, 0x0, 0x6, 0xf8, 0xbf, 0x30,
    0x0, 0x6, 0xf8, 0xbf, 0x30, 0x0, 0x6, 0xf8,
    0xbf, 0x30, 0x0, 0x6, 0xf8, 0xbf, 0x30, 0x0,
    0x6, 0xf8, 0xbf, 0x30, 0x0, 0x6, 0xf8,

    /* U+006F "o" */
    0x0, 0x5, 0xcf, 0xfb, 0x30, 0x0, 0x9, 0xff,
    0xcc, 0xff, 0x60, 0x6, 0xfe, 0x20, 0x4, 0xff,
    0x30, 0xdf, 0x50, 0x0, 0x8, 0xfa, 0x1f, 0xf0,
    0x0, 0x0, 0x3f, 0xe2, 0xff, 0x0, 0x0, 0x2,
    0xff, 0x1f, 0xf0, 0x0, 0x0, 0x3f, 0xe0, 0xdf,
    0x50, 0x0, 0x8, 0xfa, 0x6, 0xfe, 0x20, 0x4,
    0xff, 0x30, 0x9, 0xff, 0xbc, 0xff, 0x60, 0x0,
    0x5, 0xcf, 0xfb, 0x30, 0x0,

    /* U+0070 "p" */
    0xef, 0x2b, 0xff, 0xc4, 0x0, 0xef, 0xed, 0x89,
    0xff, 0x50, 0xef, 0xd0, 0x0, 0x3f, 0xf0, 0xef,
    0x50, 0x0, 0xc, 0xf5, 0xef, 0x10, 0x0, 0x9,
    0xf8, 0xef, 0x0, 0x0, 0x7, 0xf9, 0xef, 0x20,
    0x0, 0x9, 0xf8, 0xef, 0x60, 0x0, 0xd, 0xf5,
    0xef, 0xe1, 0x0, 0x6f, 0xe0, 0xef, 0xdf, 0xbc,
    0xff, 0x50, 0xef, 0x1a, 0xef, 0xc3, 0x0, 0xef,
    0x0, 0x0, 0x0, 0x0, 0xef, 0x0, 0x0, 0x0,
    0x0, 0xef, 0x0, 0x0, 0x0, 0x0,

    /* U+0071 "q" */
    0x0, 0x19, 0xef, 0xd5, 0x9f, 0x50, 0x1d, 0xfe,
    0xbd, 0xfd, 0xf5, 0x9, 0xfc, 0x0, 0x9, 0xff,
    0x50, 0xef, 0x30, 0x0, 0xe, 0xf5, 0x1f, 0xf0,
    0x0, 0x0, 0xaf, 0x52, 0xfe, 0x0, 0x0, 0x9,
    0xf5, 0x1f, 0xf0, 0x0, 0x0, 0xbf, 0x50, 0xef,
    0x40, 0x0, 0xe, 0xf5, 0x8, 0xfc, 0x0, 0x9,
    0xff, 0x50, 0xd, 0xfe, 0xad, 0xfd, 0xf5, 0x0,
    0x19, 0xef, 0xd5, 0x9f, 0x50, 0x0, 0x0, 0x0,
    0x9, 0xf5, 0x0, 0x0, 0x0, 0x0, 0x9f, 0x50,
    0x0, 0x0, 0x0, 0x9, 0xf5,

    /* U+0072 "r" */
    0x9f, 0x50, 0x4b, 0xe5, 0x9f, 0x59, 0xff, 0xe5,
    0x9f, 0xbf, 0x70, 0x0, 0x9f, 0xf6, 0x0, 0x0,
    0x9f, 0xb0, 0x0, 0x0, 0x9f, 0x50, 0x0, 0x0,
    0x9f, 0x50, 0x0, 0x0, 0x9f, 0x50, 0x0, 0x0,
    0x9f, 0x50, 0x0, 0x0, 0x9f, 0x50, 0x0, 0x0,
    0x9f, 0x50, 0x0, 0x0,

    /* U+0073 "s" */
    0x0, 0x6c, 0xee, 0xc6, 0x0, 0xa, 0xfe, 0xaa,
    0xef, 0x80, 0x2f, 0xe0, 0x0, 0x1f, 0xf0, 0x2f,
    0xd0, 0x0, 0x1, 0x10, 0xc, 0xfc, 0x74, 0x10,
    0x0, 0x1, 0xaf, 0xff, 0xfb, 0x20, 0x0, 0x0,
    0x36, 0xbf, 0xe0, 0x37, 0x30, 0x0, 0xc, 0xf3,
    0x5f, 0xb0, 0x0, 0xd, 0xf3, 0xd, 0xfd, 0x99,
    0xdf, 0xc0, 0x0, 0x8d, 0xff, 0xd7, 0x0,

    /* U+0074 "t" */
    0x0, 0x2, 0xfb, 0x0, 0x0, 0x0, 0x0, 0x2f,
    0xb0, 0x0, 0x0, 0x0, 0x2, 0xfb, 0x0, 0x0,
    0x5, 0xff, 0xff, 0xff, 0xff, 0x90, 0x27, 0x78,
    0xfd, 0x77, 0x74, 0x0, 0x0, 0x2f, 0xb0, 0x0,
    0x0, 0x0, 0x2, 0xfb, 0x0, 0x0, 0x0, 0x0,
    0x2f, 0xb0, 0x0, 0x0, 0x0, 0x2, 0xfb, 0x0,
    0x0, 0x0, 0x0, 0x2f, 0xb0, 0x0, 0x0, 0x0,
    0x2, 0xfb, 0x0, 0x0, 0x0, 0x0, 0xf, 0xe0,
    0x0, 0x1, 0x0, 0x0, 0x8f, 0xea, 0xbf, 0x50,
    0x0, 0x0, 0x6d, 0xff, 0xc2,

    /* U+0075 "u" */
    0xbf, 0x30, 0x0, 0x6, 0xf8, 0xbf, 0x30, 0x0,
    0x6, 0xf8, 0xbf, 0x30, 0x0, 0x6, 0xf8, 0xbf,
    0x30, 0x0, 0x6, 0xf8, 0xbf, 0x30, 0x0, 0x6,
    0xf8, 0xbf, 0x30, 0x0, 0x6, 0xf8, 0xbf, 0x30,
    0x0, 0x8, 0xf8, 0xaf, 0x30, 0x0, 0xe, 0xf8,
    0x8f, 0x70, 0x0, 0x9f, 0xf8, 0x2f, 0xf7, 0x5b,
    0xf9, 0xf8, 0x4, 0xcf, 0xea, 0x26, 0xf8,

    /* U+0076 "v" */
    0xf, 0xf0, 0x0, 0x0, 0x5f, 0x90, 0x9f, 0x50,
    0x0, 0xb, 0xf3, 0x4, 0xfa, 0x0, 0x1, 0xfe,
    0x0, 0xe, 0xf0, 0x0, 0x6f, 0x80, 0x0, 0x8f,
    0x50, 0xb, 0xf2, 0x0, 0x3, 0xfb, 0x1, 0xfc,
    0x0, 0x0, 0xd, 0xf0, 0x6f, 0x70, 0x0, 0x0,
    0x7f, 0x5b, 0xf1, 0x0, 0x0, 0x1, 0xfd, 0xfb,
    0x0, 0x0, 0x0, 0xc, 0xff, 0x60, 0x0, 0x0,
    0x0, 0x6f, 0xf0, 0x0, 0x0,

    /* U+0077 "w" */
    0xcf, 0x20, 0x4f, 0xe0, 0x8, 0xf6, 0x9f, 0x40,
    0x7f, 0xf1, 0xb, 0xf3, 0x6f, 0x70, 0xad, 0xf4,
    0xd, 0xf0, 0x2f, 0xa0, 0xd8, 0xe7, 0xf, 0xc0,
    0xf, 0xc0, 0xf5, 0xba, 0x2f, 0x90, 0xb, 0xf3,
    0xf3, 0x9d, 0x5f, 0x50, 0x8, 0xf8, 0xf0, 0x6f,
    0x8f, 0x20, 0x4, 0xfe, 0xd0, 0x3f, 0xee, 0x0,
    0x1, 0xff, 0xa0, 0xf, 0xfb, 0x0, 0x0, 0xef,
    0x70, 0xd, 0xf8, 0x0, 0x0, 0xaf, 0x40, 0xa,
    0xf4, 0x0,

    /* U+0078 "x" */
    0x8, 0xfa, 0x0, 0x1, 0xff, 0x30, 0xd, 0xf4,
    0x0, 0xaf, 0x80, 0x0, 0x3f, 0xd0, 0x3f, 0xd0,
    0x0, 0x0, 0x9f, 0x7c, 0xf3, 0x0, 0x0, 0x0,
    0xdf, 0xf8, 0x0, 0x0, 0x0, 0x7, 0xff, 0x10,
    0x0, 0x0, 0x1, 0xff, 0xfa, 0x0, 0x0, 0x0,
    0xbf, 0x5b, 0xf6, 0x0, 0x0, 0x7f, 0xb0, 0x2f,
    0xf1, 0x0, 0x2f, 0xf1, 0x0, 0x6f, 0xb0, 0xc,
    0xf6, 0x0, 0x0, 0xcf, 0x70,

    /* U+0079 "y" */
    0x1f, 0xf0, 0x0, 0x0, 0x5f, 0xa0, 0xaf, 0x50,
    0x0, 0xb, 0xf4, 0x4, 0xfb, 0x0, 0x1, 0xfe,
    0x0, 0xe, 0xf1, 0x0, 0x6f, 0x80, 0x0, 0x8f,
    0x70, 0xc, 0xf2, 0x0, 0x2, 0xfc, 0x1, 0xfc,
    0x0, 0x0, 0xc, 0xf2, 0x7f, 0x60, 0x0, 0x0,
    0x6f, 0x8d, 0xf1, 0x0, 0x0, 0x1, 0xff, 0xfa,
    0x0, 0x0, 0x0, 0xa, 0xff, 0x40, 0x0, 0x0,
    0x0, 0x4f, 0xe0, 0x0, 0x0, 0x0, 0x6, 0xf8,
    0x0, 0x0, 0x2, 0xec, 0xff, 0x10, 0x0, 0x0,
    0x1e, 0xfd, 0x40, 0x0, 0x0,

    /* U+007A "z" */
    0x5f, 0xff, 0xff, 0xff, 0xf0, 0x27, 0x77, 0x77,
    0xbf, 0xd0, 0x0, 0x0, 0x2, 0xff, 0x20, 0x0,
    0x0, 0xd, 0xf5, 0x0, 0x0, 0x0, 0xbf, 0x80,
    0x0, 0x0, 0x8, 0xfb, 0x0, 0x0, 0x0, 0x4f,
    0xe1, 0x0, 0x0, 0x2, 0xff, 0x30, 0x0, 0x0,
    0xd, 0xf6, 0x0, 0x0, 0x0, 0x9f, 0xe7, 0x77,
    0x77, 0x73, 0xbf, 0xff, 0xff, 0xff, 0xf6,

    /* U+007B "{" */
    0x0, 0x8e, 0xf4, 0x3, 0xfb, 0x20, 0x6, 0xf7,
    0x0, 0x7, 0xf7, 0x0, 0x7, 0xf7, 0x0, 0x7,
    0xf7, 0x0, 0x7, 0xf7, 0x0, 0x7, 0xf7, 0x0,
    0x7, 0xf6, 0x0, 0xa, 0xf4, 0x0, 0xaf, 0xd0,
    0x0, 0x3c, 0xf2, 0x0, 0x7, 0xf6, 0x0, 0x7,
    0xf6, 0x0, 0x7, 0xf7, 0x0, 0x7, 0xf7, 0x0,
    0x7, 0xf7, 0x0, 0x7, 0xf7, 0x0, 0x6, 0xf7,
    0x0, 0x4, 0xfa, 0x0, 0x0, 0xcf, 0xf4, 0x0,
    0x1, 0x20,

    /* U+007C "|" */
    0x8, 0x60, 0xfd, 0xf, 0xd0, 0xfd, 0xf, 0xd0,
    0xfd, 0xf, 0xd0, 0xfd, 0xf, 0xd0, 0xfd, 0xf,
    0xd0, 0xfd, 0xf, 0xd0, 0xfd, 0xf, 0xd0, 0xfd,
    0xf, 0xd0, 0xfd, 0xf, 0xd0, 0xfd, 0xf, 0xd0,
    0xfd, 0xf, 0xd0, 0xfd,

    /* U+007D "}" */
    0x9f, 0xd5, 0x0, 0x13, 0xee, 0x0, 0x0, 0xbf,
    0x20, 0x0, 0xbf, 0x20, 0x0, 0xbf, 0x20, 0x0,
    0xbf, 0x20, 0x0, 0xbf, 0x20, 0x0, 0xbf, 0x20,
    0x0, 0xaf, 0x20, 0x0, 0x8f, 0x70, 0x0, 0x1f,
    0xf6, 0x0, 0x6f, 0xa1, 0x0, 0xaf, 0x20, 0x0,
    0xbf, 0x20, 0x0, 0xbf, 0x20, 0x0, 0xbf, 0x20,
    0x0, 0xbf, 0x20, 0x0, 0xbf, 0x20, 0x0, 0xbf,
    0x20, 0x0, 0xdf, 0x0, 0x9f, 0xf8, 0x0, 0x12,
    0x0, 0x0,

    /* U+007E "~" */
    0x3, 0xed, 0x70, 0x0, 0x34, 0x1e, 0xff, 0xfd,
    0x42, 0xda, 0x8d, 0x10, 0x8f, 0xff, 0xf2, 0x14,
    0x0, 0x4, 0xdd, 0x40,

    /* U+300C "「" */
    0x0, 0x0, 0x0, 0x0, 0x1, 0xff, 0xff, 0xff,
    0xf5, 0x1f, 0xa7, 0x77, 0x77, 0x21, 0xf6, 0x0,
    0x0, 0x0, 0x1f, 0x60, 0x0, 0x0, 0x1, 0xf6,
    0x0, 0x0, 0x0, 0x1f, 0x60, 0x0, 0x0, 0x1,
    0xf6, 0x0, 0x0, 0x0, 0x1f, 0x60, 0x0, 0x0,
    0x1, 0xf6, 0x0, 0x0, 0x0, 0x1f, 0x60, 0x0,
    0x0, 0x1, 0xf6, 0x0, 0x0, 0x0, 0x1f, 0x60,
    0x0, 0x0, 0x1, 0xf6, 0x0, 0x0, 0x0, 0x1f,
    0x60, 0x0, 0x0, 0x1, 0xf6, 0x0, 0x0, 0x0,
    0x1f, 0x60, 0x0, 0x0, 0x1, 0xf6, 0x0, 0x0,
    0x0, 0x1f, 0x60, 0x0, 0x0, 0x1, 0xf6, 0x0,
    0x0, 0x0, 0x1f, 0x60, 0x0, 0x0, 0x0, 0x42,
    0x0, 0x0, 0x0,

    /* U+300D "」" */
    0x0, 0x0, 0x0, 0x46, 0x0, 0x0, 0x0, 0x9e,
    0x0, 0x0, 0x0, 0x9e, 0x0, 0x0, 0x0, 0x9e,
    0x0, 0x0, 0x0, 0x9e, 0x0, 0x0, 0x0, 0x9e,
    0x0, 0x0, 0x0, 0x9e, 0x0, 0x0, 0x0, 0x9e,
    0x0, 0x0, 0x0, 0x9e, 0x0, 0x0, 0x0, 0x9e,
    0x0, 0x0, 0x0, 0x9e, 0x0, 0x0, 0x0, 0x9e,
    0x0, 0x0, 0x0, 0x9e, 0x0, 0x0, 0x0, 0x9e,
    0x0, 0x0, 0x0, 0x9e, 0x0, 0x0, 0x0, 0x9e,
    0x0, 0x0, 0x0, 0x9e, 0x0, 0x0, 0x0, 0x9e,
    0x0, 0x0, 0x0, 0x9e, 0x48, 0x88, 0x88, 0xce,
    0x9f, 0xff, 0xff, 0xfe,

    /* U+4E00 "一" */
    0x11, 0x10, 0x0, 0x0, 0x0, 0x0, 0x0, 0x0,
    0x0, 0x0, 0x10, 0xef, 0xff, 0xff, 0xff, 0xff,
    0xff, 0xff, 0xff, 0xff, 0xff, 0xf7, 0xef, 0xff,
    0xff, 0xff, 0xff, 0xff, 0xff, 0xff, 0xff, 0xff,
    0xf7, 0x44, 0x43, 0x33, 0x33, 0x33, 0x33, 0x33,
    0x33, 0x33, 0x33, 0x42,

    /* U+4E01 "丁" */
    0x0, 0x0, 0x0, 0x0, 0x0, 0x0, 0x0, 0x0,
    0x0, 0x0, 0x0, 0xaf, 0xfe, 0xee, 0xee, 0xee,
    0xee, 0xee, 0xee, 0xee, 0xee, 0xfa, 0xbf, 0xff,
    0xff, 0xff, 0xff, 0xff, 0xff, 0xff, 0xff, 0xff,
    0xfb, 0x0, 0x0, 0x0, 0x0, 0x2, 0xff, 0x0,
    0x0, 0x0, 0x0, 0x0, 0x0, 0x0, 0x0, 0x0,
    0x2, 0xff, 0x0, 0x0, 0x0, 0x0, 0x0, 0x0,
    0x0, 0x0, 0x0, 0x2, 0xff, 0x0, 0x0, 0x0,
    0x0, 0x0, 0x0, 0x0, 0x0, 0x0, 0x2, 0xff,
    0x0, 0x0, 0x0, 0x0, 0x0, 0x0, 0x0, 0x0,
    0x0, 0x2, 0xff, 0x0, 0x0, 0x0, 0x0, 0x0,
    0x0, 0x0, 0x0, 0x0, 0x2, 0xff, 0x0, 0x0,
    0x0, 0x0, 0x0, 0x0, 0x0, 0x0, 0x0, 0x2,
    0xff, 0x0, 0x0, 0x0, 0x0, 0x0, 0x0, 0x0,
    0x0, 0x0, 0x2, 0xff, 0x0, 0x0, 0x0, 0x0,
    0x0, 0x0, 0x0, 0x0, 0x0, 0x2, 0xff, 0x0,
    0x0, 0x0, 0x0, 0x0, 0x0, 0x0, 0x0, 0x0,
    0x2, 0xff, 0x0, 0x0, 0x0, 0x0, 0x0, 0x0,
    0x0, 0x0, 0x0, 0x2, 0xff, 0x0, 0x0, 0x0,
    0x0, 0x0, 0x0, 0x0, 0x0, 0x0, 0x2, 0xff,
    0x0, 0x0, 0x0, 0x0, 0x0, 0x0, 0x0, 0x0,
    0x0, 0x2, 0xff, 0x0, 0x0, 0x0, 0x0, 0x0,
    0x0, 0x0, 0x0, 0x0, 0x2, 0xff, 0x0, 0x0,
    0x0, 0x0, 0x0, 0x0, 0x0, 0x0, 0x0, 0x3,
    0xfe, 0x0, 0x0, 0x0, 0x0, 0x0, 0x0, 0x0,
    0x0, 0x77, 0x8d, 0xfd, 0x0, 0x0, 0x0, 0x0,
    0x0, 0x0, 0x0, 0x0, 0xaf, 0xff, 0xf5, 0x0,
    0x0, 0x0, 0x0, 0x0, 0x0, 0x0, 0x0, 0x4f,
    0xc9, 0x30, 0x0, 0x0, 0x0, 0x0, 0x0, 0x0,
    0x0, 0x0, 0x0, 0x0, 0x0, 0x0, 0x0, 0x0,
    0x0, 0x0,

    /* U+4E09 "三" */
    0x0, 0x11, 0x0, 0x0, 0x0, 0x0, 0x0, 0x0,
    0x1, 0x10, 0x0, 0x0, 0xdf, 0xff, 0xff, 0xff,
    0xff, 0xff, 0xff, 0xff, 0xf5, 0x0, 0x0, 0xbc,
    0xcb, 0xbb, 0xbb, 0xbb, 0xbb, 0xbb, 0xbc, 0xc4,
    0x0, 0x0, 0x0, 0x0, 0x0, 0x0, 0x0, 0x0,
    0x0, 0x0, 0x0, 0x0, 0x0, 0x0, 0x0, 0x0,
    0x0, 0x0, 0x0, 0x0, 0x0, 0x0, 0x0, 0x0,
    0x0, 0x0, 0x0, 0x0, 0x0, 0x0, 0x0, 0x0,
    0x0, 0x0, 0x0, 0x0, 0x0, 0x0, 0x0, 0x0,
    0x0, 0x0, 0x0, 0x0, 0x0, 0x0, 0x0, 0x0,
    0x0, 0x0, 0x0, 0x0, 0x0, 0x0, 0x0, 0x0,
    0x0, 0x7, 0xff, 0xee, 0xee, 0xee, 0xee, 0xee,
    0xfb, 0x0, 0x0, 0x0, 0x7, 0xff, 0xff, 0xff,
    0xff, 0xff, 0xff, 0xfb, 0x0, 0x0, 0x0, 0x0,
    0x0, 0x0, 0x0, 0x0, 0x0, 0x0, 0x0, 0x0,
    0x0, 0x0, 0x0, 0x0, 0x0, 0x0, 0x0, 0x0,
    0x0, 0x0, 0x0, 0x0, 0x0, 0x0, 0x0, 0x0,
    0x0, 0x0, 0x0, 0x0, 0x0, 0x0, 0x0, 0x0,
    0x0, 0x0, 0x0, 0x0, 0x0, 0x0, 0x0, 0x0,
    0x0, 0x0, 0x0, 0x0, 0x0, 0x0, 0x0, 0x0,
    0x0, 0x0, 0x0, 0x0, 0x0, 0x0, 0x0, 0x0,
    0x0, 0x0, 0x0, 0x0, 0x0, 0x0, 0x0, 0x0,
    0x11, 0x10, 0x0, 0x0, 0x0, 0x0, 0x0, 0x0,
    0x0, 0x12, 0x31, 0xdf, 0xff, 0xff, 0xff, 0xff,
    0xff, 0xff, 0xff, 0xff, 0xff, 0xf4, 0xbe, 0xdd,
    0xdd, 0xdd, 0xdd, 0xdd, 0xdd, 0xdd, 0xdd, 0xdd,
    0xe4,

    /* U+4E0A "上" */
    0x0, 0x0, 0x0, 0x0, 0xe, 0xf2, 0x0, 0x0,
    0x0, 0x0, 0x0, 0x0, 0x0, 0x0, 0x0, 0xe,
    0xf2, 0x0, 0x0, 0x0, 0x0, 0x0, 0x0, 0x0,
    0x0, 0x0, 0xe, 0xf1, 0x0, 0x0, 0x0, 0x0,
    0x0, 0x0, 0x0, 0x0, 0x0, 0xe, 0xf1, 0x0,
    0x0, 0x0, 0x0, 0x0, 0x0, 0x0, 0x0, 0x0,
    0xe, 0xf1, 0x0, 0x0, 0x0, 0x0, 0x0, 0x0,
    0x0, 0x0, 0x0, 0xe, 0xf1, 0x0, 0x0, 0x0,
    0x0, 0x0, 0x0, 0x0, 0x0, 0x0, 0xe, 0xf2,
    0x0, 0x0, 0x1, 0x12, 0x0, 0x0, 0x0, 0x0,
    0x0, 0xe, 0xff, 0xff, 0xff, 0xff, 0xff, 0x0,
    0x0, 0x0, 0x0, 0x0, 0xe, 0xfd, 0xdd, 0xdd,
    0xdd, 0xee, 0x0, 0x0, 0x0, 0x0, 0x0, 0xe,
    0xf1, 0x0, 0x0, 0x0, 0x0, 0x0, 0x0, 0x0,
    0x0, 0x0, 0xe, 0xf1, 0x0, 0x0, 0x0, 0x0,
    0x0, 0x0, 0x0, 0x0, 0x0, 0xe, 0xf1, 0x0,
    0x0, 0x0, 0x0, 0x0, 0x0, 0x0, 0x0, 0x0,
    0xe, 0xf1, 0x0, 0x0, 0x0, 0x0, 0x0, 0x0,
    0x0, 0x0, 0x0, 0xe, 0xf1, 0x0, 0x0, 0x0,
    0x0, 0x0, 0x0, 0x0, 0x0, 0x0, 0xe, 0xf1,
    0x0, 0x0, 0x0, 0x0, 0x0, 0x0, 0x0, 0x0,
    0x0, 0xe, 0xf1, 0x0, 0x0, 0x0, 0x0, 0x0,
    0x0, 0x0, 0x0, 0x0, 0xe, 0xf1, 0x0, 0x0,
    0x0, 0x0, 0x0, 0x0, 0x0, 0x0, 0x0, 0xe,
    0xf1, 0x0, 0x0, 0x0, 0x0, 0x0, 0xae, 0xdd,
    0xdd, 0xdd, 0xdf, 0xfd, 0xdd, 0xdd, 0xdd, 0xdd,
    0xdb, 0xbf, 0xff, 0xff, 0xff, 0xff, 0xff, 0xff,
    0xff, 0xff, 0xff, 0xfc, 0x0, 0x0, 0x0, 0x0,
    0x0, 0x0, 0x0, 0x0, 0x0, 0x0, 0x0,

    /* U+4E0B "下" */
    0x9e, 0xdd, 0xdd, 0xdd, 0xdd, 0xdd, 0xdd, 0xdd,
    0xdd, 0xde, 0xe3, 0xaf, 0xff, 0xff, 0xff, 0xff,
    0xff, 0xff, 0xff, 0xff, 0xff, 0xf4, 0x0, 0x0,
    0x0, 0x0, 0xd, 0xf2, 0x0, 0x0, 0x0, 0x0,
    0x0, 0x0, 0x0, 0x0, 0x0, 0xd, 0xf2, 0x0,
    0x0, 0x0, 0x0, 0x0, 0x0, 0x0, 0x0, 0x0,
    0xd, 0xf2, 0x0, 0x0, 0x0, 0x0, 0x0, 0x0,
    0x0, 0x0, 0x0, 0xd, 0xf2, 0x0, 0x0, 0x0,
    0x0, 0x0, 0x0, 0x0, 0x0, 0x0, 0xd, 0xf2,
    0x0, 0x0, 0x0, 0x0, 0x0, 0x0, 0x0, 0x0,
    0x0, 0xd, 0xf2, 0xa, 0xa0, 0x0, 0x0, 0x0,
    0x0, 0x0, 0x0, 0x0, 0xd, 0xf2, 0x3f, 0xfb,
    0x0, 0x0, 0x0, 0x0, 0x0, 0x0, 0x0, 0xd,
    0xf2, 0x4, 0xff, 0xc0, 0x0, 0x0, 0x0, 0x0,
    0x0, 0x0, 0xd, 0xf2, 0x0, 0x3f, 0xfc, 0x0,
    0x0, 0x0, 0x0, 0x0, 0x0, 0xd, 0xf2, 0x0,
    0x4, 0xff, 0xb0, 0x0, 0x0, 0x0, 0x0, 0x0,
    0xd, 0xf2, 0x0, 0x0, 0x4f, 0xfa, 0x0, 0x0,
    0x0, 0x0, 0x0, 0xd, 0xf2, 0x0, 0x0, 0x6,
    0xf5, 0x0, 0x0, 0x0, 0x0, 0x0, 0xd, 0xf2,
    0x0, 0x0, 0x0, 0x20, 0x0, 0x0, 0x0, 0x0,
    0x0, 0xd, 0xf2, 0x0, 0x0, 0x0, 0x0, 0x0,
    0x0, 0x0, 0x0, 0x0, 0xd, 0xf2, 0x0, 0x0,
    0x0, 0x0, 0x0, 0x0, 0x0, 0x0, 0x0, 0xd,
    0xf2, 0x0, 0x0, 0x0, 0x0, 0x0, 0x0, 0x0,
    0x0, 0x0, 0xd, 0xf2, 0x0, 0x0, 0x0, 0x0,
    0x0, 0x0, 0x0, 0x0, 0x0, 0xe, 0xf3, 0x0,
    0x0, 0x0, 0x0, 0x0,

    /* U+4E0D "不" */
    0xc, 0xbb, 0xbb, 0xbb, 0xbb, 0xbb, 0xbb, 0xbb,
    0xbb, 0xbb, 0xb5, 0xf, 0xff, 0xff, 0xff, 0xff,
    0xff, 0xff, 0xff, 0xff, 0xff, 0xf6, 0x1, 0x0,
    0x0, 0x0, 0x0, 0x6f, 0xb0, 0x0, 0x0, 0x0,
    0x0, 0x0, 0x0, 0x0, 0x0, 0x0, 0xef, 0x20,
    0x0, 0x0, 0x0, 0x0, 0x0, 0x0, 0x0, 0x0,
    0x8, 0xf9, 0x0, 0x0, 0x0, 0x0, 0x0, 0x0,
    0x0, 0x0, 0x0, 0x3f, 0xf6, 0x0, 0x0, 0x0,
    0x0, 0x0, 0x0, 0x0, 0x0, 0x1, 0xdf, 0xf6,
    0x0, 0x50, 0x0, 0x0, 0x0, 0x0, 0x0, 0x0,
    0xb, 0xfe, 0xf6, 0xa, 0xf8, 0x0, 0x0, 0x0,
    0x0, 0x0, 0x0, 0x9f, 0xb8, 0xf6, 0x3, 0xff,
    0x90, 0x0, 0x0, 0x0, 0x0, 0x9, 0xfd, 0x8,
    0xf6, 0x0, 0x3f, 0xf9, 0x0, 0x0, 0x0, 0x0,
    0xaf, 0xd1, 0x8, 0xf6, 0x0, 0x4, 0xff, 0x90,
    0x0, 0x0, 0x2c, 0xfd, 0x10, 0x8, 0xf6, 0x0,
    0x0, 0x5f, 0xf9, 0x0, 0x6, 0xff, 0xb0, 0x0,
    0x8, 0xf6, 0x0, 0x0, 0x6, 0xff, 0x90, 0x7f,
    0xf9, 0x0, 0x0, 0x8, 0xf6, 0x0, 0x0, 0x0,
    0x8f, 0xa0, 0xa, 0x40, 0x0, 0x0, 0x8, 0xf6,
    0x0, 0x0, 0x0, 0x6, 0x0, 0x0, 0x0, 0x0,
    0x0, 0x8, 0xf6, 0x0, 0x0, 0x0, 0x0, 0x0,
    0x0, 0x0, 0x0, 0x0, 0x8, 0xf6, 0x0, 0x0,
    0x0, 0x0, 0x0, 0x0, 0x0, 0x0, 0x0, 0x8,
    0xf6, 0x0, 0x0, 0x0, 0x0, 0x0, 0x0, 0x0,
    0x0, 0x0, 0x8, 0xf6, 0x0, 0x0, 0x0, 0x0,
    0x0, 0x0, 0x0, 0x0, 0x0, 0x8, 0xf6, 0x0,
    0x0, 0x0, 0x0, 0x0, 0x0, 0x0, 0x0, 0x0,
    0x9, 0xf7, 0x0, 0x0, 0x0, 0x0, 0x0,

    /* U+4E1C "东" */
    0x0, 0x0, 0x0, 0x0, 0x8, 0x60, 0x0, 0x0,
    0x0, 0x0, 0x0, 0x0, 0x0, 0x0, 0x0, 0x1f,
    0xf4, 0x0, 0x0, 0x0, 0x0, 0x0, 0x0, 0x0,
    0x0, 0x0, 0x8f, 0x90, 0x0, 0x0, 0x0, 0x0,
    0x0, 0x0, 0x0, 0x0, 0x1, 0xff, 0x10, 0x0,
    0x0, 0x0, 0x0, 0x0, 0x4, 0x98, 0x88, 0x8b,
    0xfd, 0x88, 0x88, 0x88, 0x89, 0x9a, 0x0, 0x7,
    0xff, 0xff, 0xff, 0xff, 0xff, 0xff, 0xff, 0xff,
    0xff, 0x10, 0x1, 0x10, 0x0, 0xbf, 0x90, 0x0,
    0x0, 0x0, 0x0, 0x12, 0x0, 0x0, 0x0, 0x4,
    0xfd, 0x0, 0x3, 0x20, 0x0, 0x0, 0x0, 0x0,
    0x0, 0x0, 0x1e, 0xf4, 0x0, 0x4f, 0xd0, 0x0,
    0x0, 0x0, 0x0, 0x0, 0x0, 0xbf, 0x90, 0x0,
    0x3f, 0xc0, 0x0, 0x0, 0x0, 0x0, 0x0, 0xa,
    0xfd, 0x0, 0x0, 0x3f, 0xc0, 0x0, 0x0, 0x0,
    0x0, 0x0, 0xaf, 0xfc, 0xaa, 0xaa, 0xbf, 0xea,
    0xaa, 0xaa, 0xa9, 0x0, 0x0, 0x5f, 0xfe, 0xee,
    0xee, 0xef, 0xfe, 0xee, 0xee, 0xec, 0x0, 0x0,
    0x1, 0x0, 0x0, 0x0, 0x3f, 0xc0, 0x0, 0x0,
    0x0, 0x0, 0x0, 0x0, 0x1, 0x10, 0x0, 0x3f,
    0xc0, 0x0, 0x0, 0x0, 0x0, 0x0, 0x0, 0xb,
    0xd2, 0x0, 0x3f, 0xc0, 0x5, 0xe3, 0x0, 0x0,
    0x0, 0x0, 0x7f, 0xf6, 0x0, 0x3f, 0xc0, 0xa,
    0xff, 0x40, 0x0, 0x0, 0x5, 0xff, 0x60, 0x0,
    0x3f, 0xc0, 0x0, 0xaf, 0xf4, 0x0, 0x0, 0x5f,
    0xf6, 0x0, 0x0, 0x3f, 0xc0, 0x0, 0xa, 0xff,
    0x50, 0x6, 0xff, 0x60, 0x0, 0x0, 0x5f, 0xc0,
    0x0, 0x0, 0xbf, 0xf2, 0xb, 0xf6, 0x0, 0x1,
    0xce, 0xff, 0xa0, 0x0, 0x0, 0xc, 0x60, 0x0,
    0x50, 0x0, 0x0, 0x8f, 0xfa, 0x10, 0x0, 0x0,
    0x0, 0x0, 0x0, 0x0, 0x0, 0x0, 0x13, 0x0,
    0x0, 0x0, 0x0, 0x0, 0x0,

    /* U+4E2D "中" */
    0x0, 0x0, 0x0, 0x0, 0x8, 0x80, 0x0, 0x0,
    0x0, 0x0, 0x0, 0x0, 0x0, 0x0, 0xf, 0xf0,
    0x0, 0x0, 0x0, 0x0, 0x0, 0x0, 0x0, 0x0,
    0xf, 0xf0, 0x0, 0x0, 0x0, 0x0, 0x0, 0x0,
    0x0, 0x0, 0xf, 0xf0, 0x0, 0x0, 0x0, 0x0,
    0x0, 0x0, 0x0, 0x0, 0xf, 0xf0, 0x0, 0x0,
    0x0, 0x0, 0x18, 0x88, 0x88, 0x88, 0x8f, 0xf8,
    0x88, 0x88, 0x88, 0x81, 0x1f, 0xff, 0xff, 0xff,
    0xff, 0xff, 0xff, 0xff, 0xff, 0xf3, 0x1f, 0xe0,
    0x0, 0x0, 0xf, 0xf0, 0x0, 0x0, 0xd, 0xf2,
    0x1f, 0xe0, 0x0, 0x0, 0xf, 0xf0, 0x0, 0x0,
    0xd, 0xf2, 0xf, 0xe0, 0x0, 0x0, 0xf, 0xf0,
    0x0, 0x0, 0xd, 0xf2, 0xf, 0xe0, 0x0, 0x0,
    0xf, 0xf0, 0x0, 0x0, 0xd, 0xf2, 0xf, 0xe0,
    0x0, 0x0, 0xf, 0xf0, 0x0, 0x0, 0xd, 0xf2,
    0xf, 0xf8, 0x88, 0x88, 0x8f, 0xf8, 0x88, 0x88,
    0x8e, 0xf2, 0x1f, 0xff, 0xff, 0xff, 0xff, 0xff,
    0xff, 0xff, 0xff, 0xf2, 0x1f, 0xe0, 0x0, 0x0,
    0xf, 0xf0, 0x0, 0x0, 0xd, 0xf3, 0x6, 0x50,
    0x0, 0x0, 0xf, 0xf0, 0x0, 0x0, 0x5, 0x61,
    0x0, 0x0, 0x0, 0x0, 0xf, 0xf0, 0x0, 0x0,
    0x0, 0x0, 0x0, 0x0, 0x0, 0x0, 0xf, 0xf0,
    0x0, 0x0, 0x0, 0x0, 0x0, 0x0, 0x0, 0x0,
    0xf, 0xf0, 0x0, 0x0, 0x0, 0x0, 0x0, 0x0,
    0x0, 0x0, 0xf, 0xf0, 0x0, 0x0, 0x0, 0x0,
    0x0, 0x0, 0x0, 0x0, 0xf, 0xf0, 0x0, 0x0,
    0x0, 0x0, 0x0, 0x0, 0x0, 0x0, 0x2f, 0xf1,
    0x0, 0x0, 0x0, 0x0,

    /* U+4E3A "为" */
    0x0, 0x0, 0x0, 0x0, 0x2, 0x74, 0x0, 0x0,
    0x0, 0x0, 0x0, 0x0, 0x2, 0x0, 0x0, 0x3f,
    0xf0, 0x0, 0x0, 0x0, 0x0, 0x0, 0x4, 0xf8,
    0x0, 0x4, 0xfc, 0x0, 0x0, 0x0, 0x0, 0x0,
    0x0, 0x4f, 0xf8, 0x0, 0x4f, 0xa0, 0x0, 0x0,
    0x0, 0x0, 0x0, 0x0, 0x4f, 0xf7, 0x5, 0xf9,
    0x0, 0x0, 0x0, 0x0, 0x0, 0x0, 0x0, 0x5f,
    0xd0, 0x6f, 0x70, 0x0, 0x0, 0x0, 0x0, 0x0,
    0x0, 0x0, 0x60, 0x8, 0xf6, 0x0, 0x0, 0x0,
    0x0, 0x0, 0xa, 0x99, 0x99, 0x99, 0xdf, 0xb9,
    0x99, 0x99, 0x99, 0x98, 0x1, 0xff, 0xff, 0xff,
    0xff, 0xff, 0xff, 0xff, 0xff, 0xff, 0xd0, 0x1,
    0x10, 0x0, 0x1, 0xff, 0x0, 0x0, 0x0, 0x4,
    0xfb, 0x0, 0x0, 0x0, 0x0, 0x4f, 0xb0, 0x0,
    0x0, 0x0, 0x5f, 0x90, 0x0, 0x0, 0x0, 0x9,
    0xf6, 0x0, 0x0, 0x0, 0x7, 0xf7, 0x0, 0x0,
    0x0, 0x0, 0xff, 0x14, 0xe5, 0x0, 0x0, 0x9f,
    0x60, 0x0, 0x0, 0x0, 0x8f, 0xa0, 0x8f, 0xfb,
    0x10, 0xb, 0xf4, 0x0, 0x0, 0x0, 0x1f, 0xf2,
    0x0, 0x5e, 0xff, 0x50, 0xcf, 0x20, 0x0, 0x0,
    0xc, 0xf8, 0x0, 0x0, 0x1c, 0xf4, 0xe, 0xf0,
    0x0, 0x0, 0x9, 0xfd, 0x0, 0x0, 0x0, 0x5,
    0x0, 0xff, 0x0, 0x0, 0x8, 0xfe, 0x20, 0x0,
    0x0, 0x0, 0x0, 0x1f, 0xd0, 0x0, 0xa, 0xff,
    0x30, 0x0, 0x0, 0x0, 0x0, 0x4, 0xfb, 0x0,
    0x4d, 0xff, 0x30, 0x0, 0x0, 0x0, 0x22, 0x24,
    0xcf, 0x90, 0x2f, 0xfe, 0x30, 0x0, 0x0, 0x0,
    0x7, 0xff, 0xff, 0xf2, 0x0, 0x4b, 0x10, 0x0,
    0x0, 0x0, 0x0, 0x1f, 0xeb, 0x82, 0x0,

    /* U+4E45 "久" */
    0x0, 0x0, 0x0, 0x0, 0x41, 0x0, 0x0, 0x0,
    0x0, 0x0, 0x0, 0x0, 0x0, 0x0, 0x0, 0xe,
    0xf8, 0x0, 0x0, 0x0, 0x0, 0x0, 0x0, 0x0,
    0x0, 0x0, 0x5, 0xff, 0x10, 0x0, 0x0, 0x0,
    0x0, 0x0, 0x0, 0x0, 0x0, 0x0, 0xcf, 0x80,
    0x0, 0x0, 0x0, 0x0, 0x0, 0x0, 0x0, 0x0,
    0x0, 0x3f, 0xf1, 0x0, 0x0, 0x0, 0x0, 0x0,
    0x0, 0x0, 0x0, 0x0, 0xc, 0xff, 0xff, 0xff,
    0xff, 0xf2, 0x0, 0x0, 0x0, 0x0, 0x0, 0x5,
    0xff, 0xdd, 0xdd, 0xde, 0xfd, 0x0, 0x0, 0x0,
    0x0, 0x0, 0x1, 0xef, 0x50, 0x0, 0x0, 0xbf,
    0x70, 0x0, 0x0, 0x0, 0x0, 0x0, 0xbf, 0xb0,
    0x0, 0x0, 0x1f, 0xf1, 0x0, 0x0, 0x0, 0x0,
    0x0, 0x7f, 0xf1, 0x0, 0x0, 0x9, 0xfa, 0x0,
    0x0, 0x0, 0x0, 0x0, 0x6f, 0xf5, 0x0, 0x0,
    0x2, 0xff, 0x20, 0x0, 0x0, 0x0, 0x0, 0x1f,
    0xf8, 0x0, 0x0, 0x0, 0xbf, 0xc0, 0x0, 0x0,
    0x0, 0x0, 0x0, 0x3a, 0x0, 0x0, 0x0, 0x6f,
    0xff, 0x30, 0x0, 0x0, 0x0, 0x0, 0x0, 0x0,
    0x0, 0x0, 0x3f, 0xfd, 0xfc, 0x0, 0x0, 0x0,
    0x0, 0x0, 0x0, 0x0, 0x0, 0x1e, 0xf9, 0xe,
    0xf6, 0x0, 0x0, 0x0, 0x0, 0x0, 0x0, 0x0,
    0x1d, 0xfc, 0x0, 0x5f, 0xf4, 0x0, 0x0, 0x0,
    0x0, 0x0, 0x0, 0x2d, 0xfd, 0x10, 0x0, 0xaf,
    0xe2, 0x0, 0x0, 0x0, 0x0, 0x0, 0x5f, 0xfd,
    0x10, 0x0, 0x0, 0xdf, 0xe2, 0x0, 0x0, 0x0,
    0x1, 0xaf, 0xfc, 0x10, 0x0, 0x0, 0x2, 0xef,
    0xf4, 0x0, 0x0, 0x18, 0xff, 0xf8, 0x0, 0x0,
    0x0, 0x0, 0x2, 0xef, 0xf9, 0x10, 0x4f, 0xff,
    0xe5, 0x0, 0x0, 0x0, 0x0, 0x0, 0x2, 0xef,
    0xfd, 0x0, 0xaf, 0x91, 0x0, 0x0, 0x0, 0x0,
    0x0, 0x0, 0x1, 0xbe, 0x20, 0x0, 0x30, 0x0,
    0x0, 0x0, 0x0, 0x0, 0x0, 0x0, 0x0, 0x20,
    0x0,

    /* U+4E86 "了" */
    0x0, 0x0, 0x0, 0x0, 0x0, 0x0, 0x0, 0x0,
    0x0, 0x8f, 0xff, 0xff, 0xff, 0xff, 0xff, 0xff,
    0xff, 0xff, 0x6c, 0xbb, 0xbb, 0xbb, 0xbb, 0xbb,
    0xbb, 0xdf, 0xff, 0x0, 0x0, 0x0, 0x0, 0x0,
    0x0, 0x7, 0xff, 0xd4, 0x0, 0x0, 0x0, 0x0,
    0x0, 0x2, 0xcf, 0xf7, 0x0, 0x0, 0x0, 0x0,
    0x0, 0x0, 0x8f, 0xfb, 0x20, 0x0, 0x0, 0x0,
    0x0, 0x0, 0x5e, 0xff, 0x60, 0x0, 0x0, 0x0,
    0x0, 0x0, 0x1, 0xff, 0xd2, 0x0, 0x0, 0x0,
    0x0, 0x0, 0x0, 0x0, 0xff, 0x20, 0x0, 0x0,
    0x0, 0x0, 0x0, 0x0, 0x0, 0xff, 0x20, 0x0,
    0x0, 0x0, 0x0, 0x0, 0x0, 0x0, 0xff, 0x20,
    0x0, 0x0, 0x0, 0x0, 0x0, 0x0, 0x0, 0xff,
    0x20, 0x0, 0x0, 0x0, 0x0, 0x0, 0x0, 0x0,
    0xff, 0x20, 0x0, 0x0, 0x0, 0x0, 0x0, 0x0,
    0x0, 0xff, 0x20, 0x0, 0x0, 0x0, 0x0, 0x0,
    0x0, 0x0, 0xff, 0x20, 0x0, 0x0, 0x0, 0x0,
    0x0, 0x0, 0x0, 0xff, 0x20, 0x0, 0x0, 0x0,
    0x0, 0x0, 0x0, 0x0, 0xff, 0x20, 0x0, 0x0,
    0x0, 0x0, 0x0, 0x0, 0x0, 0xff, 0x20, 0x0,
    0x0, 0x0, 0x0, 0x0, 0x12, 0x26, 0xff, 0x10,
    0x0, 0x0, 0x0, 0x0, 0x0, 0x4f, 0xff, 0xfe,
    0x0, 0x0, 0x0, 0x0, 0x0, 0x0, 0xe, 0xff,
    0xc4, 0x0, 0x0, 0x0, 0x0, 0x0, 0x0, 0x4,
    0x30, 0x0, 0x0, 0x0, 0x0, 0x0,

    /* U+4E8C "二" */
    0x0, 0x6d, 0xcc, 0xcc, 0xcc, 0xcc, 0xcc, 0xcc,
    0xde, 0xc0, 0x0, 0x0, 0x7f, 0xff, 0xff, 0xff,
    0xff, 0xff, 0xff, 0xff, 0xd0, 0x0, 0x0, 0x25,
    0x44, 0x44, 0x44, 0x44, 0x44, 0x44, 0x45, 0x40,
    0x0, 0x0, 0x0, 0x0, 0x0, 0x0, 0x0, 0x0,
    0x0, 0x0, 0x0, 0x0, 0x0, 0x0, 0x0, 0x0,
    0x0, 0x0, 0x0, 0x0, 0x0, 0x0, 0x0, 0x0,
    0x0, 0x0, 0x0, 0x0, 0x0, 0x0, 0x0, 0x0,
    0x0, 0x0, 0x0, 0x0, 0x0, 0x0, 0x0, 0x0,
    0x0, 0x0, 0x0, 0x0, 0x0, 0x0, 0x0, 0x0,
    0x0, 0x0, 0x0, 0x0, 0x0, 0x0, 0x0, 0x0,
    0x0, 0x0, 0x0, 0x0, 0x0, 0x0, 0x0, 0x0,
    0x0, 0x0, 0x0, 0x0, 0x0, 0x0, 0x0, 0x0,
    0x0, 0x0, 0x0, 0x0, 0x0, 0x0, 0x0, 0x0,
    0x0, 0x0, 0x0, 0x0, 0x0, 0x0, 0x0, 0x0,
    0x0, 0x0, 0x0, 0x0, 0x0, 0x0, 0x0, 0x0,
    0x0, 0x0, 0x0, 0x0, 0x0, 0x0, 0x0, 0x0,
    0x0, 0x0, 0x0, 0x0, 0x0, 0x0, 0x0, 0x43,
    0x33, 0x33, 0x33, 0x33, 0x33, 0x33, 0x33, 0x33,
    0x33, 0x52, 0xef, 0xff, 0xff, 0xff, 0xff, 0xff,
    0xff, 0xff, 0xff, 0xff, 0xf6, 0xde, 0xed, 0xdd,
    0xdd, 0xdd, 0xdd, 0xdd, 0xdd, 0xdd, 0xde, 0xe5,

    /* U+4E91 "云" */
    0x0, 0x2, 0xcb, 0xbb, 0xbb, 0xbb, 0xbb, 0xbb,
    0xbc, 0xc1, 0x0, 0x0, 0x3, 0xff, 0xff, 0xff,
    0xff, 0xff, 0xff, 0xff, 0xf1, 0x0, 0x0, 0x0,
    0x0, 0x0, 0x0, 0x0, 0x0, 0x0, 0x0, 0x0,
    0x0, 0x0, 0x0, 0x0, 0x0, 0x0, 0x0, 0x0,
    0x0, 0x0, 0x0, 0x0, 0x0, 0x0, 0x0, 0x0,
    0x0, 0x0, 0x0, 0x0, 0x0, 0x0, 0x0, 0x0,
    0x0, 0x0, 0x0, 0x0, 0x0, 0x0, 0x0, 0x0,
    0x0, 0x0, 0x1a, 0x99, 0x99, 0x99, 0x99, 0x99,
    0x99, 0x99, 0x99, 0x99, 0x96, 0x3f, 0xff, 0xff,
    0xff, 0xff, 0xff, 0xff, 0xff, 0xff, 0xff, 0xfa,
    0x1, 0x0, 0x0, 0x0, 0x5d, 0x30, 0x0, 0x0,
    0x0, 0x0, 0x11, 0x0, 0x0, 0x0, 0x0, 0xbf,
    0xd0, 0x0, 0x0, 0x0, 0x0, 0x0, 0x0, 0x0,
    0x0, 0x3, 0xff, 0x20, 0x0, 0x0, 0x0, 0x0,
    0x0, 0x0, 0x0, 0x0, 0xc, 0xf6, 0x0, 0x0,
    0x63, 0x0, 0x0, 0x0, 0x0, 0x0, 0x0, 0x7f,
    0xb0, 0x0, 0x3, 0xfe, 0x20, 0x0, 0x0, 0x0,
    0x0, 0x2, 0xfe, 0x10, 0x0, 0x0, 0x8f, 0xd0,
    0x0, 0x0, 0x0, 0x0, 0xc, 0xf4, 0x0, 0x0,
    0x0, 0xa, 0xfb, 0x0, 0x0, 0x0, 0x0, 0x9f,
    0x70, 0x0, 0x0, 0x0, 0x0, 0xdf, 0x80, 0x0,
    0x0, 0x9, 0xfa, 0x12, 0x34, 0x67, 0x89, 0xab,
    0xef, 0xf5, 0x0, 0x0, 0x3f, 0xff, 0xff, 0xff,
    0xff, 0xff, 0xdc, 0xba, 0xff, 0x20, 0x0, 0xc,
    0xeb, 0x97, 0x64, 0x31, 0x0, 0x0, 0x0, 0x9e,
    0x30, 0x0, 0x0, 0x0, 0x0, 0x0, 0x0, 0x0,
    0x0, 0x0, 0x1, 0x0,

    /* U+4E94 "五" */
    0x0, 0x87, 0x77, 0x77, 0x77, 0x77, 0x77, 0x77,
    0x77, 0x78, 0x10, 0x0, 0xff, 0xff, 0xff, 0xff,
    0xff, 0xff, 0xff, 0xff, 0xff, 0x30, 0x0, 0x21,
    0x0, 0x0, 0x1f, 0xc0, 0x0, 0x0, 0x0, 0x11,
    0x0, 0x0, 0x0, 0x0, 0x0, 0x2f, 0xa0, 0x0,
    0x0, 0x0, 0x0, 0x0, 0x0, 0x0, 0x0, 0x0,
    0x3f, 0x80, 0x0, 0x0, 0x0, 0x0, 0x0, 0x0,
    0x0, 0x0, 0x0, 0x5f, 0x60, 0x0, 0x0, 0x0,
    0x0, 0x0, 0x0, 0x0, 0x0, 0x0, 0x7f, 0x40,
    0x0, 0x0, 0x0, 0x0, 0x0, 0x0, 0xc, 0xff,
    0xff, 0xff, 0xff, 0xff, 0xff, 0xf7, 0x0, 0x0,
    0x0, 0x7, 0x98, 0x88, 0xef, 0x88, 0x88, 0x8b,
    0xf6, 0x0, 0x0, 0x0, 0x0, 0x0, 0x0, 0xfe,
    0x0, 0x0, 0x7, 0xf6, 0x0, 0x0, 0x0, 0x0,
    0x0, 0x1, 0xfc, 0x0, 0x0, 0x7, 0xf5, 0x0,
    0x0, 0x0, 0x0, 0x0, 0x3, 0xfa, 0x0, 0x0,
    0x8, 0xf5, 0x0, 0x0, 0x0, 0x0, 0x0, 0x5,
    0xf8, 0x0, 0x0, 0x8, 0xf4, 0x0, 0x0, 0x0,
    0x0, 0x0, 0x7, 0xf6, 0x0, 0x0, 0x9, 0xf4,
    0x0, 0x0, 0x0, 0x0, 0x0, 0x9, 0xf4, 0x0,
    0x0, 0x9, 0xf4, 0x0, 0x0, 0x0, 0x0, 0x0,
    0xb, 0xf2, 0x0, 0x0, 0xa, 0xf3, 0x0, 0x0,
    0x1, 0x10, 0x0, 0xe, 0xf0, 0x0, 0x0, 0xa,
    0xf3, 0x1, 0x11, 0x6f, 0xff, 0xff, 0xff, 0xff,
    0xff, 0xff, 0xff, 0xff, 0xff, 0xf8, 0x5d, 0xcc,
    0xbb, 0xbb, 0xbb, 0xbb, 0xbb, 0xbb, 0xbb, 0xbc,
    0xc6,

    /* U+4EAC "京" */
    0x0, 0x0, 0x0, 0x0, 0x3, 0xa4, 0x0, 0x0,
    0x0, 0x0, 0x0, 0x0, 0x0, 0x0, 0x0, 0x5,
    0xfd, 0x0, 0x0, 0x0, 0x0, 0x0, 0x0, 0x0,
    0x0, 0x0, 0x0, 0xdf, 0x60, 0x0, 0x0, 0x0,
    0x0, 0x2b, 0xba, 0xaa, 0xaa, 0xaa, 0xdf, 0xea,
    0xaa, 0xaa, 0xaa, 0xa8, 0x3f, 0xff, 0xff, 0xff,
    0xff, 0xff, 0xff, 0xff, 0xff, 0xff, 0xfb, 0x0,
    0x0, 0x0, 0x0, 0x0, 0x0, 0x0, 0x0, 0x0,
    0x0, 0x0, 0x0, 0x0, 0x0, 0x0, 0x0, 0x0,
    0x0, 0x0, 0x0, 0x0, 0x0, 0x0, 0x0, 0x9f,
    0xff, 0xff, 0xff, 0xff, 0xff, 0xff, 0x40, 0x0,
    0x0, 0x0, 0x8f, 0xca, 0xaa, 0xaa, 0xaa, 0xaa,
    0xdf, 0x40, 0x0, 0x0, 0x0, 0x8f, 0x50, 0x0,
    0x0, 0x0, 0x0, 0xaf, 0x40, 0x0, 0x0, 0x0,
    0x8f, 0x50, 0x0, 0x0, 0x0, 0x0, 0xaf, 0x40,
    0x0, 0x0, 0x0, 0x8f, 0x50, 0x0, 0x0, 0x0,
    0x0, 0xaf, 0x40, 0x0, 0x0, 0x0, 0x9f, 0xca,
    0xaa, 0xaa, 0xaa, 0xaa, 0xdf, 0x40, 0x0, 0x0,
    0x0, 0x9f, 0xff, 0xff, 0xff, 0xff, 0xff, 0xff,
    0x40, 0x0, 0x0, 0x0, 0x0, 0x30, 0x0, 0x7f,
    0x70, 0x0, 0x0, 0x0, 0x0, 0x0, 0x0, 0x5,
    0xf6, 0x0, 0x7f, 0x70, 0xb, 0x80, 0x0, 0x0,
    0x0, 0x0, 0x4f, 0xf7, 0x0, 0x7f, 0x70, 0x3f,
    0xfb, 0x10, 0x0, 0x0, 0x5, 0xff, 0x60, 0x0,
    0x7f, 0x70, 0x3, 0xef, 0xd2, 0x0, 0x0, 0x7f,
    0xf6, 0x0, 0x0, 0x7f, 0x70, 0x0, 0x1d, 0xff,
    0x40, 0xa, 0xff, 0x50, 0x0, 0x0, 0x8f, 0x60,
    0x0, 0x0, 0xbf, 0xf1, 0x5, 0xf4, 0x0, 0x3,
    0x89, 0xef, 0x50, 0x0, 0x0, 0xb, 0x60, 0x0,
    0x10, 0x0, 0x0, 0xef, 0xfb, 0x0, 0x0, 0x0,
    0x0, 0x0, 0x0, 0x0, 0x0, 0x0, 0x45, 0x10,
    0x0, 0x0, 0x0, 0x0, 0x0,

    /* U+4ECA "今" */
    0x0, 0x0, 0x0, 0x0, 0x0, 0x83, 0x0, 0x0,
    0x0, 0x0, 0x0, 0x0, 0x0, 0x0, 0x0, 0x4,
    0xff, 0x10, 0x0, 0x0, 0x0, 0x0, 0x0, 0x0,
    0x0, 0x0, 0xc, 0xff, 0x40, 0x0, 0x0, 0x0,
    0x0, 0x0, 0x0, 0x0, 0x0, 0x6f, 0xac, 0xe2,
    0x0, 0x0, 0x0, 0x0, 0x0, 0x0, 0x0, 0x2,
    0xfd, 0x2, 0xfd, 0x0, 0x0, 0x0, 0x0, 0x0,
    0x0, 0x0, 0x1d, 0xf3, 0x0, 0x6f, 0xb0, 0x0,
    0x0, 0x0, 0x0, 0x0, 0x0, 0xcf, 0x50, 0x0,
    0x9, 0xfb, 0x0, 0x0, 0x0, 0x0, 0x0, 0x1c,
    0xf6, 0x4, 0x20, 0x0, 0xaf, 0xc1, 0x0, 0x0,
    0x0, 0x2, 0xdf, 0x70, 0x3f, 0xd1, 0x0, 0xb,
    0xfe, 0x30, 0x0, 0x0, 0x6f, 0xf6, 0x0, 0xb,
    0xfc, 0x0, 0x0, 0x9f, 0xf9, 0x10, 0x2b, 0xff,
    0x40, 0x0, 0x0, 0xdf, 0xa0, 0x0, 0x7, 0xff,
    0xf7, 0x6f, 0xc2, 0x0, 0x0, 0x0, 0x3e, 0x40,
    0x0, 0x0, 0x3d, 0xf2, 0x5, 0x0, 0x10, 0x0,
    0x0, 0x1, 0x0, 0x0, 0x0, 0x0, 0x30, 0x0,
    0x0, 0xef, 0xff, 0xff, 0xff, 0xff, 0xff, 0xff,
    0x90, 0x0, 0x0, 0x0, 0xaa, 0xaa, 0xaa, 0xaa,
    0xaa, 0xad, 0xff, 0x70, 0x0, 0x0, 0x0, 0x0,
    0x0, 0x0, 0x0, 0x0, 0x1e, 0xf9, 0x0, 0x0,
    0x0, 0x0, 0x0, 0x0, 0x0, 0x0, 0x0, 0xaf,
    0xb0, 0x0, 0x0, 0x0, 0x0, 0x0, 0x0, 0x0,
    0x0, 0x6, 0xfe, 0x10, 0x0, 0x0, 0x0, 0x0,
    0x0, 0x0, 0x0, 0x0, 0x2f, 0xf3, 0x0, 0x0,
    0x0, 0x0, 0x0, 0x0, 0x0, 0x0, 0x0, 0xcf,
    0x70, 0x0, 0x0, 0x0, 0x0, 0x0, 0x0, 0x0,
    0x0, 0x8, 0xfc, 0x0, 0x0, 0x0, 0x0, 0x0,
    0x0, 0x0, 0x0, 0x0, 0x3f, 0xf2, 0x0, 0x0,
    0x0, 0x0, 0x0, 0x0, 0x0, 0x0, 0x0, 0x6,
    0x70, 0x0, 0x0, 0x0, 0x0,

    /* U+4ED6 "他" */
    0x0, 0x0, 0x0, 0x0, 0x0, 0x0, 0x1, 0x10,
    0x0, 0x0, 0x0, 0x0, 0x0, 0x1f, 0xa1, 0x0,
    0x0, 0x1f, 0xc0, 0x0, 0x0, 0x0, 0x0, 0x0,
    0x7f, 0xb0, 0x0, 0x0, 0xf, 0xc0, 0x0, 0x0,
    0x0, 0x0, 0x0, 0xdf, 0x20, 0x1, 0x0, 0xf,
    0xb0, 0x0, 0x0, 0x0, 0x0, 0x3, 0xfa, 0x0,
    0xcf, 0x10, 0xf, 0xb0, 0x0, 0x0, 0x0, 0x0,
    0xb, 0xf2, 0x0, 0xcf, 0x10, 0xf, 0xb0, 0x1,
    0x7b, 0x0, 0x0, 0x3f, 0xf1, 0x0, 0xcf, 0x0,
    0xf, 0xc6, 0xcf, 0xfd, 0x0, 0x0, 0xcf, 0xf1,
    0x0, 0xbf, 0x0, 0x5f, 0xff, 0xfa, 0xfd, 0x0,
    0x5, 0xff, 0xf1, 0x0, 0xbf, 0xbf, 0xff, 0xe5,
    0x0, 0xfd, 0x0, 0x1e, 0xfa, 0xf3, 0x7b, 0xff,
    0xfa, 0x4f, 0xb0, 0x0, 0xfd, 0x0, 0xbf, 0x79,
    0xf8, 0xff, 0xef, 0x10, 0xf, 0xb0, 0x0, 0xfc,
    0x0, 0x2c, 0x9, 0xf2, 0x60, 0xbf, 0x0, 0xf,
    0xb0, 0x1, 0xfc, 0x0, 0x0, 0x9, 0xf1, 0x0,
    0xbf, 0x0, 0xf, 0xb0, 0x2, 0xfc, 0x0, 0x0,
    0x9, 0xf1, 0x0, 0xbf, 0x0, 0xf, 0xb6, 0xce,
    0xf9, 0x0, 0x0, 0x9, 0xf1, 0x0, 0xbf, 0x0,
    0xf, 0xb2, 0xff, 0xb1, 0x0, 0x0, 0x9, 0xf1,
    0x0, 0xbf, 0x0, 0xf, 0xb0, 0x41, 0x0, 0x0,
    0x0, 0x9, 0xf1, 0x0, 0xbf, 0x0, 0xf, 0xc0,
    0x0, 0x1, 0x0, 0x0, 0x9, 0xf1, 0x0, 0xbf,
    0x0, 0xc, 0xa0, 0x0, 0x5, 0xd5, 0x0, 0x9,
    0xf1, 0x0, 0xbf, 0x10, 0x0, 0x0, 0x0, 0x8,
    0xfb, 0x0, 0xa, 0xf1, 0x0, 0x9f, 0xc9, 0x99,
    0x99, 0x99, 0xaf, 0xf4, 0x0, 0xa, 0xf2, 0x0,
    0x1b, 0xff, 0xff, 0xff, 0xff, 0xfe, 0x70, 0x0,
    0xa, 0xf3, 0x0, 0x0, 0x0, 0x0, 0x0, 0x0,
    0x0, 0x0,

    /* U+4EFB "任" */
    0x0, 0x0, 0x0, 0x73, 0x0, 0x0, 0x0, 0x0,
    0x0, 0x0, 0x0, 0x0, 0x0, 0x0, 0x1f, 0xf3,
    0x0, 0x0, 0x0, 0x0, 0x0, 0x10, 0x0, 0x0,
    0x0, 0x7, 0xfb, 0x0, 0x0, 0x0, 0x2, 0x58,
    0xcf, 0x60, 0x0, 0x0, 0x0, 0xef, 0x21, 0x56,
    0x8a, 0xcf, 0xff, 0xff, 0xea, 0x0, 0x0, 0x0,
    0x7f, 0x90, 0xe, 0xff, 0xfe, 0xff, 0x74, 0x10,
    0x0, 0x0, 0x0, 0xe, 0xf2, 0x0, 0x34, 0x20,
    0xd, 0xf0, 0x0, 0x0, 0x0, 0x0, 0x8, 0xff,
    0x10, 0x0, 0x0, 0x0, 0xdf, 0x0, 0x0, 0x0,
    0x0, 0x3, 0xff, 0xf1, 0x0, 0x0, 0x0, 0xd,
    0xf0, 0x0, 0x0, 0x0, 0x1, 0xdf, 0xef, 0x10,
    0x0, 0x0, 0x0, 0xdf, 0x0, 0x0, 0x0, 0x0,
    0xcf, 0x7c, 0xf1, 0x0, 0x0, 0x0, 0xd, 0xf0,
    0x0, 0x0, 0x0, 0xa, 0xb0, 0xcf, 0x17, 0x99,
    0x99, 0x99, 0xff, 0x99, 0x99, 0x99, 0x50, 0x1,
    0xc, 0xf1, 0xbf, 0xff, 0xff, 0xff, 0xff, 0xff,
    0xff, 0xf9, 0x0, 0x0, 0xcf, 0x11, 0x0, 0x0,
    0x0, 0xdf, 0x0, 0x0, 0x1, 0x10, 0x0, 0xc,
    0xf1, 0x0, 0x0, 0x0, 0xd, 0xf0, 0x0, 0x0,
    0x0, 0x0, 0x0, 0xcf, 0x10, 0x0, 0x0, 0x0,
    0xdf, 0x0, 0x0, 0x0, 0x0, 0x0, 0xc, 0xf1,
    0x0, 0x0, 0x0, 0xd, 0xf0, 0x0, 0x0, 0x0,
    0x0, 0x0, 0xcf, 0x10, 0x0, 0x0, 0x0, 0xdf,
    0x0, 0x0, 0x0, 0x0, 0x0, 0xc, 0xf1, 0x0,
    0x0, 0x0, 0xd, 0xf0, 0x0, 0x0, 0x0, 0x0,
    0x0, 0xdf, 0x10, 0x11, 0x0, 0x0, 0xdf, 0x0,
    0x0, 0x11, 0x0, 0x0, 0xd, 0xf1, 0x9, 0xff,
    0xff, 0xff, 0xff, 0xff, 0xff, 0xb0, 0x0, 0x0,
    0xdf, 0x20, 0x5a, 0x99, 0x99, 0x99, 0x99, 0x99,
    0x97, 0x0, 0x0, 0xe, 0xf2, 0x0, 0x0, 0x0,
    0x0, 0x0, 0x0, 0x0, 0x0,

    /* U+4F11 "休" */
    0x0, 0x0, 0x4, 0x0, 0x0, 0x0, 0x6, 0x92,
    0x0, 0x0, 0x0, 0x0, 0x0, 0x0, 0x1f, 0xf3,
    0x0, 0x0, 0xb, 0xf2, 0x0, 0x0, 0x0, 0x0,
    0x0, 0x0, 0x5f, 0xd0, 0x0, 0x0, 0xa, 0xf2,
    0x0, 0x0, 0x0, 0x0, 0x0, 0x0, 0xbf, 0x70,
    0x0, 0x0, 0xa, 0xf2, 0x0, 0x0, 0x0, 0x0,
    0x0, 0x1, 0xff, 0x20, 0x0, 0x0, 0xa, 0xf2,
    0x0, 0x0, 0x0, 0x0, 0x0, 0x7, 0xff, 0x10,
    0x0, 0x0, 0xa, 0xf2, 0x0, 0x0, 0x0, 0x0,
    0x0, 0xe, 0xff, 0x1a, 0xff, 0xff, 0xff, 0xff,
    0xff, 0xff, 0xfb, 0x0, 0x0, 0x6f, 0xff, 0x17,
    0xaa, 0xaa, 0xdf, 0xff, 0xaa, 0xaa, 0xa7, 0x0,
    0x0, 0xdf, 0xdf, 0x10, 0x0, 0x0, 0xcf, 0xff,
    0x20, 0x0, 0x0, 0x0, 0x7, 0xf9, 0xbf, 0x10,
    0x0, 0x2, 0xff, 0xff, 0xa0, 0x0, 0x0, 0x0,
    0xe, 0xf1, 0xbf, 0x10, 0x0, 0x8, 0xff, 0xff,
    0xf2, 0x0, 0x0, 0x0, 0x4, 0x80, 0xbf, 0x10,
    0x0, 0xe, 0xfb, 0xf9, 0xfb, 0x0, 0x0, 0x0,
    0x0, 0x0, 0xbf, 0x10, 0x0, 0x7f, 0x9a, 0xf2,
    0xef, 0x50, 0x0, 0x0, 0x0, 0x0, 0xbf, 0x10,
    0x0, 0xef, 0x2a, 0xf2, 0x6f, 0xe1, 0x0, 0x0,
    0x0, 0x0, 0xbf, 0x10, 0x9, 0xf9, 0xa, 0xf2,
    0xc, 0xfc, 0x0, 0x0, 0x0, 0x0, 0xbf, 0x10,
    0x4f, 0xf1, 0xa, 0xf2, 0x3, 0xff, 0xb0, 0x0,
    0x0, 0x0, 0xbf, 0x12, 0xef, 0x60, 0xa, 0xf2,
    0x0, 0x6f, 0xfb, 0x10, 0x0, 0x0, 0xbf, 0x2e,
    0xfc, 0x0, 0xa, 0xf2, 0x0, 0x9, 0xff, 0x90,
    0x0, 0x0, 0xbf, 0x15, 0xd1, 0x0, 0xa, 0xf2,
    0x0, 0x0, 0x97, 0x0, 0x0, 0x0, 0xbf, 0x10,
    0x0, 0x0, 0xa, 0xf2, 0x0, 0x0, 0x0, 0x0,
    0x0, 0x0, 0xcf, 0x10, 0x0, 0x0, 0xb, 0xf2,
    0x0, 0x0, 0x0, 0x0, 0x0, 0x0, 0xbd, 0x10,
    0x0, 0x0, 0xc, 0xf3, 0x0, 0x0, 0x0, 0x0,

    /* U+4F1E "伞" */
    0x0, 0x0, 0x0, 0x0, 0x1, 0xd9, 0x30, 0x0,
    0x0, 0x0, 0x0, 0x0, 0x0, 0x0, 0x0, 0x9,
    0xff, 0x30, 0x0, 0x0, 0x0, 0x0, 0x0, 0x0,
    0x0, 0x0, 0x4f, 0xff, 0xe2, 0x0, 0x0, 0x0,
    0x0, 0x0, 0x0, 0x0, 0x1, 0xef, 0x55, 0xfd,
    0x20, 0x0, 0x0, 0x0, 0x0, 0x0, 0x0, 0x1d,
    0xf9, 0x0, 0x6f, 0xf6, 0x0, 0x0, 0x0, 0x0,
    0x0, 0x2, 0xef, 0xa0, 0x0, 0x5, 0xff, 0xb3,
    0x0, 0x0, 0x0, 0x0, 0x6f, 0xf9, 0x0, 0x43,
    0x0, 0x2d, 0xff, 0xb5, 0x0, 0x0, 0x2b, 0xff,
    0x70, 0x0, 0xff, 0x0, 0x0, 0x7f, 0xff, 0xf6,
    0x19, 0xff, 0xd4, 0x0, 0x0, 0xfe, 0x0, 0x0,
    0x1, 0x7d, 0xd0, 0x1b, 0xf8, 0x5e, 0x60, 0x0,
    0xfe, 0x0, 0x4, 0xe7, 0x0, 0x10, 0x0, 0x20,
    0x3f, 0xf1, 0x0, 0xfe, 0x0, 0xb, 0xf4, 0x0,
    0x0, 0x0, 0x0, 0x9, 0xfa, 0x0, 0xfe, 0x0,
    0x3f, 0xd0, 0x0, 0x0, 0x0, 0x0, 0x1, 0xff,
    0x30, 0xfe, 0x0, 0xcf, 0x50, 0x0, 0x0, 0x0,
    0x0, 0x0, 0x75, 0x0, 0xfe, 0x0, 0x7a, 0x0,
    0x0, 0x0, 0x18, 0x87, 0x77, 0x77, 0x77, 0xff,
    0x99, 0x99, 0x99, 0x99, 0xa0, 0x2f, 0xff, 0xff,
    0xff, 0xff, 0xff, 0xff, 0xff, 0xff, 0xff, 0xf1,
    0x3, 0x22, 0x22, 0x22, 0x22, 0xfe, 0x0, 0x0,
    0x0, 0x1, 0x10, 0x0, 0x0, 0x0, 0x0, 0x0,
    0xfe, 0x0, 0x0, 0x0, 0x0, 0x0, 0x0, 0x0,
    0x0, 0x0, 0x0, 0xfe, 0x0, 0x0, 0x0, 0x0,
    0x0, 0x0, 0x0, 0x0, 0x0, 0x0, 0xfe, 0x0,
    0x0, 0x0, 0x0, 0x0, 0x0, 0x0, 0x0, 0x0,
    0x0, 0xfe, 0x0, 0x0, 0x0, 0x0, 0x0, 0x0,
    0x0, 0x0, 0x0, 0x1, 0xff, 0x0, 0x0, 0x0,
    0x0, 0x0,

    /* U+4F4E "低" */
    0x0, 0x0, 0x4, 0x51, 0x0, 0x0, 0x0, 0x0,
    0x0, 0x0, 0x0, 0x0, 0x0, 0x0, 0xb, 0xf8,
    0x0, 0x0, 0x0, 0x0, 0x0, 0x28, 0x20, 0x0,
    0x0, 0x0, 0xf, 0xf1, 0x0, 0x1, 0x24, 0x68,
    0xae, 0xff, 0xb0, 0x0, 0x0, 0x0, 0x4f, 0xa0,
    0x2f, 0xff, 0xff, 0xff, 0xfc, 0xa8, 0x60, 0x0,
    0x0, 0x0, 0xbf, 0x40, 0x1f, 0xc6, 0x54, 0x5f,
    0x80, 0x0, 0x0, 0x0, 0x0, 0x1, 0xff, 0x0,
    0x1f, 0xa0, 0x0, 0x2f, 0x80, 0x0, 0x0, 0x0,
    0x0, 0x8, 0xff, 0x0, 0x1f, 0xa0, 0x0, 0x1f,
    0x90, 0x0, 0x0, 0x0, 0x0, 0x1f, 0xff, 0x0,
    0x1f, 0xa0, 0x0, 0x1f, 0x90, 0x0, 0x0, 0x0,
    0x0, 0x8f, 0xff, 0x0, 0x1f, 0xa0, 0x0, 0xf,
    0xa0, 0x0, 0x0, 0x0, 0x2, 0xfc, 0xcf, 0x0,
    0x1f, 0xda, 0xaa, 0xaf, 0xea, 0xaa, 0xab, 0x10,
    0xc, 0xf4, 0xcf, 0x0, 0x1f, 0xfd, 0xdd, 0xdf,
    0xfd, 0xdd, 0xee, 0x20, 0x5, 0xa0, 0xcf, 0x0,
    0x1f, 0xa0, 0x0, 0xb, 0xf0, 0x0, 0x0, 0x0,
    0x0, 0x0, 0xcf, 0x0, 0x1f, 0xa0, 0x0, 0x8,
    0xf1, 0x0, 0x0, 0x0, 0x0, 0x0, 0xcf, 0x0,
    0x1f, 0xa0, 0x0, 0x6, 0xf5, 0x0, 0x0, 0x0,
    0x0, 0x0, 0xcf, 0x0, 0x1f, 0xa0, 0x0, 0x2,
    0xf8, 0x0, 0x0, 0x0, 0x0, 0x0, 0xcf, 0x0,
    0x1f, 0xa0, 0x7, 0x0, 0xed, 0x0, 0x0, 0x0,
    0x0, 0x0, 0xcf, 0x0, 0x1f, 0xa0, 0xcf, 0x20,
    0x9f, 0x30, 0x0, 0x0, 0x0, 0x0, 0xcf, 0x0,
    0x1f, 0xbc, 0xf8, 0x0, 0x3f, 0xb0, 0x8, 0x70,
    0x0, 0x0, 0xcf, 0x0, 0x2f, 0xff, 0x68, 0x10,
    0xc, 0xf4, 0xb, 0xf1, 0x0, 0x0, 0xdf, 0x0,
    0x7f, 0xf4, 0x5f, 0xc0, 0x2, 0xfe, 0x5f, 0xc0,
    0x0, 0x0, 0xdf, 0x0, 0xb, 0x30, 0x8, 0xfb,
    0x0, 0x6f, 0xff, 0x60, 0x0, 0x0, 0xdf, 0x10,
    0x0, 0x0, 0x0, 0xa4, 0x0, 0x4, 0xa9, 0x0,

    /* U+4F53 "体" */
    0x0, 0x0, 0x1, 0x0, 0x0, 0x0, 0x2, 0x30,
    0x0, 0x0, 0x0, 0x0, 0x0, 0x0, 0xc, 0xb1,
    0x0, 0x0, 0x9, 0xf3, 0x0, 0x0, 0x0, 0x0,
    0x0, 0x0, 0x1f, 0xd0, 0x0, 0x0, 0x8, 0xf2,
    0x0, 0x0, 0x0, 0x0, 0x0, 0x0, 0x5f, 0x70,
    0x0, 0x0, 0x8, 0xf2, 0x0, 0x0, 0x0, 0x0,
    0x0, 0x0, 0xbf, 0x20, 0x0, 0x0, 0x8, 0xf2,
    0x0, 0x0, 0x0, 0x0, 0x0, 0x2, 0xfd, 0x6,
    0x77, 0x77, 0x7b, 0xf8, 0x77, 0x77, 0x78, 0x0,
    0x0, 0x9, 0xfb, 0xd, 0xff, 0xff, 0xff, 0xff,
    0xff, 0xff, 0xff, 0x0, 0x0, 0x1f, 0xfb, 0x1,
    0x10, 0x6, 0xfe, 0xfe, 0xe0, 0x0, 0x11, 0x0,
    0x0, 0x8f, 0xfb, 0x0, 0x0, 0xa, 0xfa, 0xf9,
    0xf3, 0x0, 0x0, 0x0, 0x2, 0xfd, 0xfb, 0x0,
    0x0, 0xf, 0xd8, 0xf5, 0xf9, 0x0, 0x0, 0x0,
    0xc, 0xf4, 0xfb, 0x0, 0x0, 0x6f, 0x78, 0xf2,
    0xcf, 0x20, 0x0, 0x0, 0x7, 0xa0, 0xfb, 0x0,
    0x0, 0xef, 0x18, 0xf2, 0x4f, 0xa0, 0x0, 0x0,
    0x0, 0x0, 0xfb, 0x0, 0x8, 0xf8, 0x8, 0xf2,
    0xb, 0xf6, 0x0, 0x0, 0x0, 0x0, 0xfb, 0x0,
    0x5f, 0xe0, 0x8, 0xf2, 0x1, 0xef, 0x50, 0x0,
    0x0, 0x0, 0xfb, 0x4, 0xff, 0x30, 0x8, 0xf2,
    0x0, 0x4f, 0xf8, 0x0, 0x0, 0x0, 0xfb, 0x6f,
    0xf6, 0x0, 0x8, 0xf2, 0x0, 0x5, 0xff, 0xa0,
    0x0, 0x0, 0xfc, 0xaf, 0x61, 0xee, 0xee, 0xfe,
    0xde, 0xa0, 0x4c, 0x0, 0x0, 0x0, 0xfb, 0x4,
    0x1, 0xbb, 0xad, 0xfb, 0xaa, 0x80, 0x0, 0x0,
    0x0, 0x0, 0xfb, 0x0, 0x0, 0x0, 0x8, 0xf2,
    0x0, 0x0, 0x0, 0x0, 0x0, 0x0, 0xfb, 0x0,
    0x0, 0x0, 0x8, 0xf2, 0x0, 0x0, 0x0, 0x0,
    0x0, 0x0, 0xfb, 0x0, 0x0, 0x0, 0x9, 0xf3,
    0x0, 0x0, 0x0, 0x0, 0x0, 0x0, 0xeb, 0x0,
    0x0, 0x0, 0x9, 0xf3, 0x0, 0x0, 0x0, 0x0,

    /* U+4F5C "作" */
    0x0, 0x0, 0x0, 0x74, 0x0, 0x0, 0x4a, 0x40,
    0x0, 0x0, 0x0, 0x0, 0x0, 0x0, 0xe, 0xf8,
    0x0, 0xa, 0xfc, 0x0, 0x0, 0x0, 0x0, 0x0,
    0x0, 0x4, 0xff, 0x10, 0x0, 0xff, 0x20, 0x0,
    0x0, 0x0, 0x0, 0x0, 0x0, 0xaf, 0x90, 0x0,
    0x6f, 0xa0, 0x0, 0x0, 0x0, 0x0, 0x0, 0x0,
    0x1f, 0xf2, 0x0, 0xd, 0xfa, 0x77, 0x77, 0x77,
    0x77, 0x50, 0x0, 0x9, 0xfc, 0x0, 0x6, 0xff,
    0xff, 0xff, 0xff, 0xff, 0xfb, 0x0, 0x1, 0xff,
    0xc0, 0x0, 0xef, 0x3b, 0xf2, 0x0, 0x0, 0x11,
    0x10, 0x0, 0xaf, 0xfc, 0x0, 0x9f, 0x90, 0xbf,
    0x10, 0x0, 0x0, 0x0, 0x0, 0x3f, 0xff, 0xc0,
    0x5f, 0xf1, 0xb, 0xf1, 0x0, 0x0, 0x0, 0x0,
    0xd, 0xf9, 0xfc, 0x7, 0xf6, 0x0, 0xbf, 0x20,
    0x0, 0x1, 0x10, 0xa, 0xfb, 0x3f, 0xc0, 0x3,
    0x0, 0xb, 0xff, 0xff, 0xff, 0xf9, 0x0, 0x8e,
    0x13, 0xfc, 0x0, 0x0, 0x0, 0xbf, 0x98, 0x88,
    0x99, 0x50, 0x0, 0x20, 0x3f, 0xc0, 0x0, 0x0,
    0xb, 0xf1, 0x0, 0x0, 0x0, 0x0, 0x0, 0x3,
    0xfc, 0x0, 0x0, 0x0, 0xbf, 0x10, 0x0, 0x0,
    0x0, 0x0, 0x0, 0x3f, 0xc0, 0x0, 0x0, 0xb,
    0xf1, 0x0, 0x0, 0x0, 0x0, 0x0, 0x3, 0xfc,
    0x0, 0x0, 0x0, 0xbf, 0x98, 0x88, 0x89, 0x92,
    0x0, 0x0, 0x3f, 0xc0, 0x0, 0x0, 0xb, 0xff,
    0xff, 0xff, 0xff, 0x30, 0x0, 0x3, 0xfc, 0x0,
    0x0, 0x0, 0xbf, 0x20, 0x0, 0x1, 0x10, 0x0,
    0x0, 0x3f, 0xc0, 0x0, 0x0, 0xb, 0xf1, 0x0,
    0x0, 0x0, 0x0, 0x0, 0x3, 0xfc, 0x0, 0x0,
    0x0, 0xbf, 0x10, 0x0, 0x0, 0x0, 0x0, 0x0,
    0x3f, 0xd0, 0x0, 0x0, 0xb, 0xf1, 0x0, 0x0,
    0x0, 0x0, 0x0, 0x4, 0xfd, 0x0, 0x0, 0x0,
    0xcf, 0x20, 0x0, 0x0, 0x0,

    /* U+4F60 "你" */
    0x0, 0x0, 0x0, 0x50, 0x0, 0x1, 0x10, 0x0,
    0x0, 0x0, 0x0, 0x0, 0x0, 0x0, 0x4f, 0xe0,
    0x0, 0x6f, 0xb0, 0x0, 0x0, 0x0, 0x0, 0x0,
    0x0, 0x9, 0xf8, 0x0, 0xb, 0xf6, 0x0, 0x0,
    0x0, 0x0, 0x0, 0x0, 0x0, 0xee, 0x10, 0x1,
    0xfd, 0x0, 0x0, 0x0, 0x0, 0x0, 0x0, 0x0,
    0x7f, 0x70, 0x0, 0x8f, 0xda, 0xaa, 0xaa, 0xaa,
    0xaa, 0x20, 0x0, 0x1e, 0xf0, 0x0, 0x1f, 0xff,
    0xff, 0xff, 0xff, 0xff, 0xe0, 0x0, 0xa, 0xff,
    0x0, 0x9, 0xf8, 0x0, 0x0, 0x0, 0x7, 0xf8,
    0x0, 0x4, 0xff, 0xf0, 0x3, 0xfe, 0x10, 0x1,
    0x10, 0x0, 0xdf, 0x20, 0x2, 0xff, 0xef, 0x1,
    0xdf, 0x60, 0x0, 0xef, 0x0, 0x4f, 0xc0, 0x0,
    0xcf, 0x7c, 0xf0, 0x7f, 0xc0, 0x0, 0xd, 0xf0,
    0x0, 0x22, 0x0, 0x1, 0xa0, 0xcf, 0x0, 0x11,
    0x0, 0x0, 0xdf, 0x0, 0x0, 0x0, 0x0, 0x0,
    0xc, 0xf0, 0x0, 0x0, 0x50, 0xd, 0xf0, 0x6,
    0x20, 0x0, 0x0, 0x0, 0xcf, 0x0, 0x0, 0x7f,
    0xa0, 0xdf, 0x5, 0xfc, 0x0, 0x0, 0x0, 0xc,
    0xf0, 0x0, 0x1f, 0xf3, 0xd, 0xf0, 0xb, 0xf8,
    0x0, 0x0, 0x0, 0xcf, 0x0, 0xa, 0xf9, 0x0,
    0xdf, 0x0, 0x1f, 0xf3, 0x0, 0x0, 0xc, 0xf0,
    0x7, 0xfd, 0x0, 0xd, 0xf0, 0x0, 0x6f, 0xd0,
    0x0, 0x0, 0xcf, 0x4, 0xff, 0x30, 0x0, 0xdf,
    0x0, 0x0, 0xdf, 0x80, 0x0, 0xc, 0xf0, 0x5f,
    0x60, 0x0, 0xd, 0xf0, 0x0, 0x4, 0xd4, 0x0,
    0x0, 0xcf, 0x0, 0x10, 0x0, 0x0, 0xdf, 0x0,
    0x0, 0x0, 0x0, 0x0, 0xc, 0xf0, 0x0, 0x0,
    0x0, 0x3f, 0xe0, 0x0, 0x0, 0x0, 0x0, 0x0,
    0xdf, 0x0, 0x0, 0x8, 0xff, 0xfc, 0x0, 0x0,
    0x0, 0x0, 0x0, 0xd, 0xf1, 0x0, 0x0, 0x2f,
    0xea, 0x20, 0x0, 0x0, 0x0, 0x0, 0x0, 0x0,
    0x0, 0x0, 0x0, 0x10, 0x0, 0x0, 0x0, 0x0,
    0x0,

    /* U+4F7F "使" */
    0x0, 0x0, 0x7, 0x10, 0x0, 0x0, 0x2, 0xb8,
    0x0, 0x0, 0x0, 0x0, 0x0, 0x2, 0xfe, 0x0,
    0x0, 0x0, 0x2f, 0xb0, 0x0, 0x0, 0x0, 0x0,
    0x0, 0x6f, 0x80, 0x0, 0x0, 0x2, 0xfa, 0x0,
    0x0, 0x0, 0x0, 0x0, 0xc, 0xf2, 0x59, 0x88,
    0x88, 0x9f, 0xd8, 0x88, 0x89, 0x94, 0x0, 0x2,
    0xfc, 0x9, 0xff, 0xff, 0xff, 0xff, 0xff, 0xff,
    0xff, 0x60, 0x0, 0x9f, 0xb0, 0x0, 0x0, 0x0,
    0x2f, 0xa0, 0x0, 0x0, 0x0, 0x0, 0x1f, 0xfb,
    0x0, 0x0, 0x0, 0x2, 0xfa, 0x0, 0x0, 0x0,
    0x0, 0x9, 0xff, 0xb0, 0xb, 0xff, 0xff, 0xff,
    0xff, 0xff, 0xff, 0x20, 0x2, 0xfb, 0xfb, 0x0,
    0xbf, 0x77, 0x78, 0xfc, 0x77, 0x7d, 0xf2, 0x0,
    0xbf, 0x4f, 0xb0, 0xb, 0xf1, 0x0, 0x2f, 0xa0,
    0x0, 0xbf, 0x10, 0xb, 0xc0, 0xfb, 0x0, 0xbf,
    0x10, 0x2, 0xfa, 0x0, 0xb, 0xf1, 0x0, 0x3,
    0xf, 0xb0, 0xc, 0xf9, 0x88, 0x9f, 0xd8, 0x88,
    0xdf, 0x20, 0x0, 0x0, 0xfb, 0x0, 0xbf, 0xff,
    0xff, 0xff, 0xff, 0xff, 0xf2, 0x0, 0x0, 0xf,
    0xb0, 0x0, 0x32, 0x0, 0x4f, 0x80, 0x0, 0x0,
    0x0, 0x0, 0x0, 0xfb, 0x0, 0x1f, 0xd0, 0x6,
    0xf6, 0x0, 0x0, 0x0, 0x0, 0x0, 0xf, 0xb0,
    0x0, 0x7f, 0xb0, 0x9f, 0x30, 0x0, 0x0, 0x0,
    0x0, 0x0, 0xfb, 0x0, 0x0, 0x9f, 0xcd, 0xf0,
    0x0, 0x0, 0x0, 0x0, 0x0, 0xf, 0xb0, 0x0,
    0x0, 0x9f, 0xfa, 0x0, 0x0, 0x0, 0x0, 0x0,
    0x0, 0xfb, 0x0, 0x0, 0x4, 0xff, 0xf7, 0x0,
    0x0, 0x0, 0x0, 0x0, 0xf, 0xb0, 0x0, 0x6,
    0xfe, 0x7e, 0xfe, 0x83, 0x0, 0x0, 0x0, 0x0,
    0xfc, 0x0, 0x5c, 0xfb, 0x10, 0x19, 0xff, 0xff,
    0xdc, 0x60, 0x0, 0xf, 0xc0, 0x9f, 0xd5, 0x0,
    0x0, 0x0, 0x5a, 0xdf, 0xf0, 0x0, 0x0, 0x0,
    0x0, 0x30, 0x0, 0x0, 0x0, 0x0, 0x0, 0x0,
    0x0,

    /* U+4F9B "供" */
    0x0, 0x0, 0x2, 0x30, 0x0, 0x0, 0x0, 0x0,
    0x0, 0x0, 0x0, 0x0, 0x0, 0x0, 0x7f, 0xc0,
    0x0, 0xbd, 0x0, 0xa, 0xc2, 0x0, 0x0, 0x0,
    0x0, 0xc, 0xf7, 0x0, 0xc, 0xf0, 0x0, 0xdf,
    0x20, 0x0, 0x0, 0x0, 0x1, 0xff, 0x0, 0x0,
    0xce, 0x0, 0xc, 0xf1, 0x0, 0x0, 0x0, 0x0,
    0x7f, 0x90, 0x0, 0xc, 0xe0, 0x0, 0xcf, 0x10,
    0x0, 0x0, 0x0, 0xe, 0xf3, 0x0, 0x0, 0xce,
    0x0, 0xc, 0xf1, 0x0, 0x0, 0x0, 0x6, 0xff,
    0x10, 0xab, 0xbe, 0xfb, 0xbb, 0xef, 0xbb, 0xb7,
    0x0, 0x0, 0xef, 0xf1, 0xd, 0xee, 0xff, 0xee,
    0xef, 0xfe, 0xee, 0x90, 0x0, 0x9f, 0xff, 0x10,
    0x0, 0xc, 0xe0, 0x0, 0xcf, 0x10, 0x0, 0x0,
    0x4f, 0xdd, 0xf1, 0x0, 0x0, 0xce, 0x0, 0xc,
    0xf1, 0x0, 0x0, 0xd, 0xf4, 0xcf, 0x10, 0x0,
    0xc, 0xe0, 0x0, 0xcf, 0x10, 0x0, 0x0, 0x17,
    0xc, 0xf1, 0x0, 0x0, 0xce, 0x0, 0xc, 0xf1,
    0x0, 0x0, 0x0, 0x0, 0xcf, 0x10, 0x0, 0xc,
    0xe0, 0x0, 0xcf, 0x10, 0x0, 0x0, 0x0, 0xc,
    0xf1, 0x6c, 0xcc, 0xff, 0xcc, 0xcf, 0xfc, 0xcc,
    0xc3, 0x0, 0x0, 0xcf, 0x18, 0xff, 0xff, 0xff,
    0xff, 0xff, 0xff, 0xff, 0x40, 0x0, 0xc, 0xf1,
    0x1, 0x0, 0x0, 0x0, 0x0, 0x0, 0x0, 0x10,
    0x0, 0x0, 0xcf, 0x10, 0x0, 0x1d, 0x70, 0x0,
    0x1c, 0xa0, 0x0, 0x0, 0x0, 0xc, 0xf1, 0x0,
    0xb, 0xfd, 0x0, 0x3, 0xff, 0x90, 0x0, 0x0,
    0x0, 0xcf, 0x10, 0x8, 0xfe, 0x10, 0x0, 0x4,
    0xff, 0x70, 0x0, 0x0, 0xd, 0xf1, 0x8, 0xfe,
    0x20, 0x0, 0x0, 0x6, 0xff, 0x50, 0x0, 0x0,
    0xdf, 0x2a, 0xff, 0x30, 0x0, 0x0, 0x0, 0x9,
    0xfe, 0x0, 0x0, 0xe, 0xf2, 0x4e, 0x50, 0x0,
    0x0, 0x0, 0x0, 0xa, 0x20, 0x0, 0x0, 0x0,
    0x0, 0x0, 0x0, 0x0, 0x0, 0x0, 0x0, 0x0,
    0x0,

    /* U+4FDD "保" */
    0x0, 0x0, 0x1, 0x40, 0x0, 0x0, 0x0, 0x0,
    0x0, 0x0, 0x0, 0x0, 0x0, 0x0, 0x6, 0xfa,
    0x1, 0x77, 0x77, 0x77, 0x77, 0x77, 0x10, 0x0,
    0x0, 0x0, 0xb, 0xf4, 0x1, 0xff, 0xff, 0xff,
    0xff, 0xff, 0x20, 0x0, 0x0, 0x0, 0x1f, 0xd0,
    0x1, 0xf9, 0x0, 0x0, 0x0, 0x9f, 0x10, 0x0,
    0x0, 0x0, 0x7f, 0x60, 0x1, 0xf9, 0x0, 0x0,
    0x0, 0x9f, 0x10, 0x0, 0x0, 0x0, 0xef, 0x0,
    0x1, 0xf9, 0x0, 0x0, 0x0, 0x9f, 0x10, 0x0,
    0x0, 0x7, 0xff, 0x0, 0x1, 0xf9, 0x0, 0x0,
    0x0, 0x9f, 0x10, 0x0, 0x0, 0x1e, 0xff, 0x0,
    0x1, 0xff, 0xff, 0xff, 0xff, 0xff, 0x10, 0x0,
    0x0, 0x9f, 0xff, 0x0, 0x1, 0x88, 0x88, 0xfe,
    0x88, 0x88, 0x10, 0x0, 0x5, 0xfc, 0xbf, 0x0,
    0x0, 0x0, 0x0, 0xfd, 0x0, 0x0, 0x0, 0x0,
    0x1e, 0xf2, 0xbf, 0x0, 0x0, 0x0, 0x0, 0xfd,
    0x0, 0x0, 0x0, 0x0, 0x7, 0x60, 0xbf, 0x5,
    0xaa, 0xaa, 0xaa, 0xff, 0xaa, 0xaa, 0xaa, 0x60,
    0x0, 0x0, 0xbf, 0x8, 0xff, 0xff, 0xff, 0xff,
    0xff, 0xff, 0xff, 0x90, 0x0, 0x0, 0xbf, 0x0,
    0x0, 0x2, 0xfc, 0xfe, 0xf7, 0x0, 0x0, 0x0,
    0x0, 0x0, 0xbf, 0x0, 0x0, 0xb, 0xf4, 0xfd,
    0xaf, 0x10, 0x0, 0x0, 0x0, 0x0, 0xbf, 0x0,
    0x0, 0x6f, 0xa0, 0xfd, 0x2f, 0xc0, 0x0, 0x0,
    0x0, 0x0, 0xbf, 0x0, 0x3, 0xfe, 0x10, 0xfd,
    0x7, 0xfb, 0x10, 0x0, 0x0, 0x0, 0xbf, 0x0,
    0x3e, 0xf4, 0x0, 0xfd, 0x0, 0xaf, 0xe4, 0x0,
    0x0, 0x0, 0xbf, 0x6, 0xff, 0x60, 0x0, 0xfd,
    0x0, 0xb, 0xff, 0xb0, 0x0, 0x0, 0xbf, 0x1a,
    0xf6, 0x0, 0x0, 0xfd, 0x0, 0x0, 0x7f, 0x40,
    0x0, 0x0, 0xbf, 0x0, 0x30, 0x0, 0x0, 0xfd,
    0x0, 0x0, 0x1, 0x0, 0x0, 0x0, 0xcf, 0x10,
    0x0, 0x0, 0x0, 0xfe, 0x0, 0x0, 0x0, 0x0,

    /* U+4FE1 "信" */
    0x0, 0x0, 0x1, 0x0, 0x0, 0x0, 0x0, 0x11,
    0x0, 0x0, 0x0, 0x0, 0x0, 0x0, 0x9e, 0x80,
    0x0, 0x0, 0x4f, 0x80, 0x0, 0x0, 0x0, 0x0,
    0x0, 0xe, 0xf5, 0x0, 0x0, 0x0, 0xee, 0x0,
    0x0, 0x0, 0x0, 0x0, 0x3, 0xfd, 0x0, 0x0,
    0x0, 0x7, 0x81, 0x0, 0x0, 0x0, 0x0, 0x0,
    0xaf, 0x61, 0xff, 0xff, 0xff, 0xff, 0xff, 0xff,
    0xff, 0xd0, 0x0, 0x1f, 0xf1, 0x8, 0x87, 0x77,
    0x77, 0x77, 0x77, 0x77, 0x87, 0x0, 0x8, 0xff,
    0x10, 0x0, 0x0, 0x0, 0x0, 0x0, 0x0, 0x0,
    0x0, 0x1, 0xff, 0xf1, 0x0, 0x69, 0x98, 0x88,
    0x88, 0x88, 0x99, 0x40, 0x0, 0xaf, 0xff, 0x10,
    0xa, 0xee, 0xed, 0xdd, 0xdd, 0xee, 0xe6, 0x0,
    0x4f, 0xda, 0xf1, 0x0, 0x0, 0x0, 0x0, 0x0,
    0x0, 0x0, 0x0, 0xe, 0xf4, 0x9f, 0x10, 0x5,
    0x87, 0x77, 0x77, 0x77, 0x77, 0x83, 0x0, 0x4a,
    0x9, 0xf1, 0x0, 0xaf, 0xff, 0xff, 0xff, 0xff,
    0xff, 0x60, 0x0, 0x0, 0x9f, 0x10, 0x0, 0x0,
    0x0, 0x0, 0x0, 0x0, 0x0, 0x0, 0x0, 0x9,
    0xf1, 0x0, 0x0, 0x0, 0x0, 0x0, 0x0, 0x0,
    0x0, 0x0, 0x0, 0x9f, 0x10, 0x7, 0xff, 0xff,
    0xff, 0xff, 0xff, 0xf3, 0x0, 0x0, 0x9, 0xf1,
    0x0, 0x6f, 0x95, 0x55, 0x55, 0x55, 0xbf, 0x20,
    0x0, 0x0, 0x9f, 0x10, 0x6, 0xf6, 0x0, 0x0,
    0x0, 0x8, 0xf2, 0x0, 0x0, 0x9, 0xf1, 0x0,
    0x6f, 0x60, 0x0, 0x0, 0x0, 0x8f, 0x20, 0x0,
    0x0, 0x9f, 0x10, 0x6, 0xfa, 0x77, 0x77, 0x77,
    0x7c, 0xf2, 0x0, 0x0, 0xa, 0xf1, 0x0, 0x6f,
    0xff, 0xff, 0xff, 0xff, 0xff, 0x20, 0x0, 0x0,
    0xbf, 0x10, 0x6, 0xf6, 0x0, 0x0, 0x0, 0x9,
    0xf2, 0x0, 0x0, 0xd, 0xf2, 0x0, 0x7f, 0x60,
    0x0, 0x0, 0x0, 0x8f, 0x30,

    /* U+5165 "入" */
    0x0, 0x0, 0x0, 0x0, 0x0, 0x0, 0x0, 0x0,
    0x0, 0x0, 0x0, 0x0, 0x0, 0x0, 0x0, 0x7d,
    0x20, 0x0, 0x0, 0x0, 0x0, 0x0, 0x0, 0x0,
    0x0, 0x0, 0x2e, 0xff, 0x40, 0x0, 0x0, 0x0,
    0x0, 0x0, 0x0, 0x0, 0x0, 0x0, 0xa, 0xff,
    0x40, 0x0, 0x0, 0x0, 0x0, 0x0, 0x0, 0x0,
    0x0, 0x0, 0x9, 0xff, 0x20, 0x0, 0x0, 0x0,
    0x0, 0x0, 0x0, 0x0, 0x0, 0x0, 0xa, 0xfd,
    0x0, 0x0, 0x0, 0x0, 0x0, 0x0, 0x0, 0x0,
    0x0, 0x0, 0x1f, 0xf6, 0x0, 0x0, 0x0, 0x0,
    0x0, 0x0, 0x0, 0x0, 0x0, 0x2, 0xff, 0xd0,
    0x0, 0x0, 0x0, 0x0, 0x0, 0x0, 0x0, 0x0,
    0x0, 0x9f, 0xef, 0x50, 0x0, 0x0, 0x0, 0x0,
    0x0, 0x0, 0x0, 0x0, 0x1f, 0xe5, 0xfc, 0x0,
    0x0, 0x0, 0x0, 0x0, 0x0, 0x0, 0x0, 0x9,
    0xf8, 0xe, 0xf3, 0x0, 0x0, 0x0, 0x0, 0x0,
    0x0, 0x0, 0x2, 0xff, 0x10, 0x8f, 0xa0, 0x0,
    0x0, 0x0, 0x0, 0x0, 0x0, 0x0, 0xbf, 0x90,
    0x1, 0xff, 0x30, 0x0, 0x0, 0x0, 0x0, 0x0,
    0x0, 0x6f, 0xe1, 0x0, 0x9, 0xfb, 0x0, 0x0,
    0x0, 0x0, 0x0, 0x0, 0x2f, 0xf6, 0x0, 0x0,
    0x2f, 0xf7, 0x0, 0x0, 0x0, 0x0, 0x0, 0xd,
    0xfb, 0x0, 0x0, 0x0, 0x8f, 0xf3, 0x0, 0x0,
    0x0, 0x0, 0xb, 0xfd, 0x10, 0x0, 0x0, 0x0,
    0xef, 0xf4, 0x0, 0x0, 0x0, 0xb, 0xff, 0x20,
    0x0, 0x0, 0x0, 0x3, 0xff, 0xf7, 0x0, 0x0,
    0x2d, 0xff, 0x30, 0x0, 0x0, 0x0, 0x0, 0x3,
    0xff, 0xfc, 0x30, 0x8f, 0xff, 0x30, 0x0, 0x0,
    0x0, 0x0, 0x0, 0x4, 0xff, 0xf8, 0x6, 0xfe,
    0x30, 0x0, 0x0, 0x0, 0x0, 0x0, 0x0, 0x2,
    0xda, 0x0, 0x7, 0x10, 0x0, 0x0, 0x0, 0x0,
    0x0, 0x0, 0x0, 0x0, 0x10,

    /* U+516D "六" */
    0x0, 0x0, 0x0, 0x0, 0x0, 0x0, 0x0, 0x0,
    0x0, 0x0, 0x0, 0x0, 0x0, 0x0, 0x0, 0x1b,
    0x70, 0x0, 0x0, 0x0, 0x0, 0x0, 0x0, 0x0,
    0x0, 0x0, 0x5f, 0xf4, 0x0, 0x0, 0x0, 0x0,
    0x0, 0x0, 0x0, 0x0, 0x0, 0xa, 0xfe, 0x10,
    0x0, 0x0, 0x0, 0x0, 0x0, 0x0, 0x0, 0x0,
    0x0, 0xef, 0x90, 0x0, 0x0, 0x0, 0x0, 0x0,
    0x0, 0x0, 0x0, 0x0, 0x5f, 0xc0, 0x0, 0x0,
    0x0, 0x0, 0x1, 0x0, 0x0, 0x0, 0x0, 0x4,
    0x0, 0x0, 0x0, 0x0, 0x0, 0x1f, 0xff, 0xee,
    0xee, 0xee, 0xee, 0xee, 0xee, 0xee, 0xef, 0xf8,
    0x1f, 0xff, 0xff, 0xff, 0xff, 0xff, 0xff, 0xff,
    0xff, 0xff, 0xf8, 0x0, 0x0, 0x0, 0x0, 0x0,
    0x0, 0x0, 0x0, 0x0, 0x0, 0x0, 0x0, 0x0,
    0x0, 0x0, 0x0, 0x0, 0x0, 0x0, 0x0, 0x0,
    0x0, 0x0, 0x0, 0x0, 0x8, 0x10, 0x0, 0x0,
    0x84, 0x0, 0x0, 0x0, 0x0, 0x0, 0x0, 0x3f,
    0xe4, 0x0, 0x9, 0xfe, 0x10, 0x0, 0x0, 0x0,
    0x0, 0x0, 0xcf, 0xe1, 0x0, 0x2, 0xff, 0xa0,
    0x0, 0x0, 0x0, 0x0, 0x6, 0xff, 0x50, 0x0,
    0x0, 0x5f, 0xf6, 0x0, 0x0, 0x0, 0x0, 0x2f,
    0xf9, 0x0, 0x0, 0x0, 0x9, 0xff, 0x30, 0x0,
    0x0, 0x0, 0xcf, 0xd0, 0x0, 0x0, 0x0, 0x0,
    0xdf, 0xd0, 0x0, 0x0, 0x9, 0xff, 0x30, 0x0,
    0x0, 0x0, 0x0, 0x2f, 0xf9, 0x0, 0x0, 0x8f,
    0xf8, 0x0, 0x0, 0x0, 0x0, 0x0, 0x7, 0xff,
    0x30, 0x7, 0xff, 0xb0, 0x0, 0x0, 0x0, 0x0,
    0x0, 0x0, 0xdf, 0xd0, 0xa, 0xfd, 0x10, 0x0,
    0x0, 0x0, 0x0, 0x0, 0x0, 0x4c, 0x20, 0x0,
    0x61, 0x0, 0x0, 0x0, 0x0, 0x0, 0x0, 0x0,
    0x0, 0x0,

    /* U+5176 "其" */
    0x0, 0x0, 0x0, 0x0, 0x0, 0x0, 0x0, 0x0,
    0x0, 0x0, 0x0, 0x0, 0x0, 0xf, 0xf3, 0x0,
    0x0, 0x0, 0x2f, 0xe0, 0x0, 0x0, 0x0, 0x0,
    0xe, 0xf1, 0x0, 0x0, 0x0, 0x2f, 0xe0, 0x0,
    0x0, 0x1, 0x10, 0xe, 0xf2, 0x0, 0x0, 0x0,
    0x2f, 0xd0, 0x11, 0x0, 0x8, 0xff, 0xff, 0xff,
    0xff, 0xff, 0xff, 0xff, 0xff, 0xff, 0x60, 0x3,
    0x66, 0x5e, 0xf6, 0x55, 0x55, 0x55, 0x6f, 0xe5,
    0x66, 0x30, 0x0, 0x0, 0xe, 0xf1, 0x0, 0x0,
    0x0, 0x1f, 0xd0, 0x0, 0x0, 0x0, 0x0, 0xe,
    0xf6, 0x55, 0x55, 0x55, 0x6f, 0xd0, 0x0, 0x0,
    0x0, 0x0, 0xe, 0xff, 0xff, 0xff, 0xff, 0xff,
    0xd0, 0x0, 0x0, 0x0, 0x0, 0xe, 0xf1, 0x0,
    0x0, 0x0, 0x1f, 0xd0, 0x0, 0x0, 0x0, 0x0,
    0xe, 0xf1, 0x0, 0x0, 0x0, 0x1f, 0xd0, 0x0,
    0x0, 0x0, 0x0, 0xe, 0xff, 0xff, 0xff, 0xff,
    0xff, 0xd0, 0x0, 0x0, 0x0, 0x0, 0xe, 0xf7,
    0x77, 0x77, 0x77, 0x8f, 0xd0, 0x0, 0x0, 0x0,
    0x0, 0xe, 0xf1, 0x0, 0x0, 0x0, 0x1f, 0xd0,
    0x0, 0x0, 0x32, 0x22, 0x2e, 0xf3, 0x22, 0x22,
    0x22, 0x3f, 0xe2, 0x22, 0x32, 0xdf, 0xff, 0xff,
    0xff, 0xff, 0xff, 0xff, 0xff, 0xff, 0xff, 0xfb,
    0x33, 0x22, 0x22, 0x32, 0x22, 0x22, 0x22, 0x32,
    0x22, 0x22, 0x32, 0x0, 0x0, 0x3, 0xe8, 0x0,
    0x0, 0x1, 0xcc, 0x30, 0x0, 0x0, 0x0, 0x0,
    0x6f, 0xfa, 0x0, 0x0, 0x2, 0xcf, 0xf8, 0x0,
    0x0, 0x0, 0x1a, 0xff, 0x60, 0x0, 0x0, 0x0,
    0x7, 0xff, 0xc2, 0x0, 0x5, 0xef, 0xc2, 0x0,
    0x0, 0x0, 0x0, 0x0, 0x2d, 0xff, 0x40, 0x8,
    0xf9, 0x0, 0x0, 0x0, 0x0, 0x0, 0x0, 0x0,
    0xbd, 0x10, 0x0, 0x30, 0x0, 0x0, 0x0, 0x0,
    0x0, 0x0, 0x0, 0x1, 0x0,

    /* U+5185 "内" */
    0x0, 0x0, 0x0, 0x0, 0x4, 0x52, 0x0, 0x0,
    0x0, 0x0, 0x0, 0x0, 0x0, 0x0, 0x0, 0xcf,
    0x50, 0x0, 0x0, 0x0, 0x0, 0x0, 0x0, 0x0,
    0x0, 0xb, 0xf2, 0x0, 0x0, 0x0, 0x0, 0x0,
    0x0, 0x0, 0x0, 0x0, 0xbf, 0x10, 0x0, 0x0,
    0x0, 0x0, 0x2a, 0xaa, 0xaa, 0xaa, 0xae, 0xfa,
    0xaa, 0xaa, 0xaa, 0xaa, 0x3, 0xff, 0xff, 0xff,
    0xff, 0xff, 0xff, 0xff, 0xff, 0xff, 0xf0, 0x3f,
    0xd0, 0x0, 0x0, 0xd, 0xf0, 0x0, 0x0, 0x1,
    0xff, 0x2, 0xfd, 0x0, 0x0, 0x0, 0xfe, 0x0,
    0x0, 0x0, 0x1f, 0xe0, 0x2f, 0xd0, 0x0, 0x0,
    0x2f, 0xc0, 0x0, 0x0, 0x1, 0xfe, 0x2, 0xfd,
    0x0, 0x0, 0x7, 0xfe, 0x20, 0x0, 0x0, 0x1f,
    0xe0, 0x2f, 0xd0, 0x0, 0x0, 0xef, 0xff, 0x60,
    0x0, 0x1, 0xfe, 0x2, 0xfd, 0x0, 0x0, 0x8f,
    0xc4, 0xef, 0xa0, 0x0, 0x1f, 0xe0, 0x2f, 0xd0,
    0x0, 0x5f, 0xf2, 0x2, 0xdf, 0xd2, 0x1, 0xfe,
    0x2, 0xfd, 0x0, 0x5f, 0xf6, 0x0, 0x1, 0xcf,
    0xf4, 0x1f, 0xe0, 0x2f, 0xd0, 0x8f, 0xf8, 0x0,
    0x0, 0x0, 0xcf, 0x81, 0xfe, 0x2, 0xfd, 0x19,
    0xfa, 0x0, 0x0, 0x0, 0x0, 0x60, 0x1f, 0xe0,
    0x2f, 0xd0, 0x3, 0x0, 0x0, 0x0, 0x0, 0x0,
    0x1, 0xfe, 0x2, 0xfd, 0x0, 0x0, 0x0, 0x0,
    0x0, 0x0, 0x0, 0x1f, 0xe0, 0x2f, 0xd0, 0x0,
    0x0, 0x0, 0x0, 0x0, 0x0, 0x1, 0xfe, 0x2,
    0xfd, 0x0, 0x0, 0x0, 0x0, 0x0, 0x0, 0x0,
    0x4f, 0xe0, 0x3f, 0xd0, 0x0, 0x0, 0x0, 0x0,
    0x0, 0x5e, 0xff, 0xfc, 0x4, 0xfd, 0x0, 0x0,
    0x0, 0x0, 0x0, 0x0, 0xbf, 0xda, 0x20, 0x0,
    0x0, 0x0, 0x0, 0x0, 0x0, 0x0, 0x1, 0x0,
    0x0, 0x0,

    /* U+5199 "写" */
    0xef, 0xff, 0xff, 0xff, 0xff, 0xff, 0xff, 0xff,
    0xff, 0xff, 0x2e, 0xf9, 0x99, 0x99, 0x99, 0x99,
    0x99, 0x99, 0x99, 0x9e, 0xf1, 0xdf, 0x0, 0x13,
    0x10, 0x0, 0x0, 0x0, 0x0, 0x0, 0xbf, 0x1e,
    0xf0, 0x7, 0xf8, 0x0, 0x0, 0x0, 0x0, 0x0,
    0xb, 0xf2, 0xaa, 0x0, 0x8f, 0x60, 0x0, 0x0,
    0x0, 0x0, 0x0, 0x23, 0x0, 0x0, 0x9, 0xfa,
    0x77, 0x77, 0x77, 0x77, 0x88, 0x10, 0x0, 0x0,
    0x0, 0xbf, 0xff, 0xff, 0xff, 0xff, 0xff, 0xf2,
    0x0, 0x0, 0x0, 0xc, 0xf2, 0x0, 0x0, 0x0,
    0x0, 0x1, 0x0, 0x0, 0x0, 0x0, 0xef, 0x0,
    0x0, 0x0, 0x0, 0x0, 0x0, 0x0, 0x0, 0x0,
    0xf, 0xd0, 0x0, 0x0, 0x0, 0x0, 0x0, 0x0,
    0x0, 0x0, 0x1, 0xff, 0xff, 0xff, 0xff, 0xff,
    0xff, 0xff, 0xb0, 0x0, 0x0, 0x18, 0x88, 0x88,
    0x88, 0x88, 0x88, 0x8a, 0xfb, 0x0, 0x0, 0x0,
    0x0, 0x0, 0x0, 0x0, 0x0, 0x0, 0x3f, 0xb0,
    0x0, 0x0, 0x0, 0x0, 0x0, 0x0, 0x0, 0x0,
    0x4, 0xf9, 0x0, 0x7b, 0xaa, 0xaa, 0xaa, 0xaa,
    0xaa, 0xbb, 0x0, 0x5f, 0x80, 0xa, 0xff, 0xff,
    0xff, 0xff, 0xff, 0xff, 0xf0, 0x7, 0xf7, 0x0,
    0x0, 0x0, 0x0, 0x0, 0x0, 0x0, 0x0, 0x0,
    0x9f, 0x50, 0x0, 0x0, 0x0, 0x0, 0x0, 0x0,
    0x0, 0x0, 0x3e, 0xf1, 0x0, 0x0, 0x0, 0x0,
    0x0, 0x0, 0x0, 0x8d, 0xef, 0xfb, 0x0, 0x0,
    0x0, 0x0, 0x0, 0x0, 0x0, 0x3, 0xff, 0xc7,
    0x0, 0x0, 0x0, 0x0, 0x0, 0x0, 0x0, 0x0,
    0x1, 0x0, 0x0, 0x0, 0x0,

    /* U+51B0 "冰" */
    0x0, 0x0, 0x0, 0x0, 0x0, 0x0, 0x2, 0x30,
    0x0, 0x0, 0x0, 0x0, 0x0, 0x0, 0x0, 0x0,
    0x0, 0x0, 0xcf, 0x40, 0x0, 0x0, 0x0, 0x0,
    0x0, 0x0, 0x0, 0x0, 0x0, 0xb, 0xf2, 0x0,
    0x0, 0x0, 0x0, 0x2e, 0x60, 0x0, 0x0, 0x0,
    0x0, 0xbf, 0x20, 0x0, 0x0, 0x0, 0x6, 0xff,
    0x30, 0x0, 0x0, 0x0, 0xb, 0xf2, 0x0, 0x0,
    0x0, 0x0, 0x9, 0xfe, 0x10, 0x0, 0x0, 0x0,
    0xbf, 0x30, 0x0, 0x84, 0x0, 0x0, 0xc, 0xfc,
    0x12, 0x11, 0x11, 0xb, 0xf4, 0x0, 0x3f, 0xf3,
    0x0, 0x0, 0x2f, 0x74, 0xff, 0xff, 0xf1, 0xbf,
    0x70, 0xd, 0xfb, 0x10, 0x0, 0x0, 0x10, 0x3a,
    0x99, 0xdf, 0xb, 0xfb, 0xb, 0xfa, 0x0, 0x0,
    0x0, 0x0, 0x0, 0x0, 0xc, 0xd0, 0xbf, 0xfb,
    0xfb, 0x0, 0x0, 0x0, 0x0, 0x6, 0x0, 0x0,
    0xeb, 0xb, 0xff, 0xfb, 0x0, 0x0, 0x0, 0x0,
    0x5, 0xf5, 0x0, 0x2f, 0x80, 0xbf, 0xcf, 0x10,
    0x0, 0x0, 0x0, 0x0, 0xdf, 0x30, 0x6, 0xf4,
    0xb, 0xf6, 0xf9, 0x0, 0x0, 0x0, 0x0, 0x6f,
    0x90, 0x0, 0xcf, 0x0, 0xbf, 0x1d, 0xf3, 0x0,
    0x0, 0x0, 0x1f, 0xf1, 0x0, 0x3f, 0xb0, 0xb,
    0xf1, 0x5f, 0xd0, 0x0, 0x0, 0xa, 0xf7, 0x0,
    0xc, 0xf4, 0x0, 0xbf, 0x10, 0xcf, 0x90, 0x0,
    0x6, 0xfe, 0x0, 0x7, 0xfc, 0x0, 0xb, 0xf1,
    0x3, 0xff, 0x80, 0x2, 0xff, 0x60, 0x4, 0xff,
    0x30, 0x0, 0xbf, 0x10, 0x6, 0xff, 0xb1, 0x9,
    0xd0, 0x4, 0xff, 0x80, 0x0, 0xb, 0xf1, 0x0,
    0x9, 0xfe, 0x50, 0x3, 0x0, 0x7f, 0xc0, 0x0,
    0x0, 0xdf, 0x0, 0x0, 0x9, 0x30, 0x0, 0x0,
    0x0, 0x32, 0x0, 0x2c, 0xcf, 0xf0, 0x0, 0x0,
    0x0, 0x0, 0x0, 0x0, 0x0, 0x0, 0x0, 0xcf,
    0xf9, 0x0, 0x0, 0x0, 0x0, 0x0, 0x0, 0x0,
    0x0, 0x0, 0x5, 0x62, 0x0, 0x0, 0x0, 0x0,
    0x0,

    /* U+51B7 "冷" */
    0x0, 0x0, 0x0, 0x0, 0x0, 0x0, 0x4, 0x60,
    0x0, 0x0, 0x0, 0x0, 0x0, 0x0, 0x0, 0x0,
    0x0, 0x0, 0xb, 0xf7, 0x0, 0x0, 0x0, 0x0,
    0x0, 0x34, 0x0, 0x0, 0x0, 0x0, 0x1f, 0xf8,
    0x0, 0x0, 0x0, 0x0, 0x1, 0xff, 0x40, 0x0,
    0x0, 0x0, 0x9f, 0xef, 0x30, 0x0, 0x0, 0x0,
    0x0, 0x7f, 0xf3, 0x0, 0x0, 0x2, 0xfc, 0x1e,
    0xe1, 0x0, 0x0, 0x0, 0x0, 0x8, 0xfe, 0x20,
    0x0, 0xc, 0xf3, 0x5, 0xfd, 0x10, 0x0, 0x0,
    0x0, 0x0, 0xaf, 0xa0, 0x0, 0x8f, 0x80, 0x0,
    0x8f, 0xd1, 0x0, 0x0, 0x0, 0x0, 0xa, 0x0,
    0x6, 0xfc, 0x7, 0xa0, 0x9, 0xfe, 0x40, 0x0,
    0x0, 0x0, 0x0, 0x0, 0x7f, 0xd1, 0xc, 0xf7,
    0x0, 0x9f, 0xfa, 0x20, 0x0, 0x0, 0x0, 0x1b,
    0xfd, 0x10, 0x1, 0xef, 0x40, 0x7, 0xff, 0xd0,
    0x0, 0x0, 0xb, 0x2b, 0xd1, 0x0, 0x0, 0x4f,
    0xa0, 0x0, 0x3c, 0x20, 0x0, 0x0, 0x5f, 0xa0,
    0x10, 0x0, 0x0, 0x4, 0x0, 0x0, 0x0, 0x0,
    0x0, 0x0, 0xcf, 0x20, 0xcf, 0xff, 0xff, 0xff,
    0xff, 0xff, 0xc0, 0x0, 0x0, 0x4, 0xfa, 0x0,
    0x8b, 0xaa, 0xaa, 0xaa, 0xac, 0xff, 0x20, 0x0,
    0x0, 0xc, 0xf2, 0x0, 0x0, 0x0, 0x0, 0x0,
    0xd, 0xf6, 0x0, 0x0, 0x0, 0x5f, 0xb0, 0x0,
    0x0, 0x1, 0x0, 0x0, 0x9f, 0xa0, 0x0, 0x0,
    0x0, 0xef, 0x30, 0x0, 0x0, 0x1e, 0x80, 0x5,
    0xfd, 0x0, 0x0, 0x0, 0x9, 0xfb, 0x0, 0x0,
    0x0, 0x2e, 0xfc, 0x3e, 0xf2, 0x0, 0x0, 0x0,
    0xb, 0xf3, 0x0, 0x0, 0x0, 0x1, 0xcf, 0xff,
    0x50, 0x0, 0x0, 0x0, 0x0, 0x40, 0x0, 0x0,
    0x0, 0x0, 0x9, 0xff, 0x40, 0x0, 0x0, 0x0,
    0x0, 0x0, 0x0, 0x0, 0x0, 0x0, 0x0, 0x7f,
    0xf7, 0x0, 0x0, 0x0, 0x0, 0x0, 0x0, 0x0,
    0x0, 0x0, 0x0, 0x5, 0xf7, 0x0, 0x0, 0x0,
    0x0, 0x0, 0x0, 0x0, 0x0, 0x0, 0x0, 0x0,
    0x30, 0x0, 0x0, 0x0,

    /* U+51BB "冻" */
    0x0, 0x0, 0x0, 0x0, 0x0, 0x0, 0x25, 0x0,
    0x0, 0x0, 0x0, 0x0, 0x0, 0x0, 0x0, 0x0,
    0x0, 0x7, 0xfa, 0x0, 0x0, 0x0, 0x0, 0x0,
    0x11, 0x0, 0x0, 0x0, 0x0, 0xcf, 0x30, 0x0,
    0x0, 0x0, 0x0, 0x2d, 0xc0, 0x0, 0x11, 0x0,
    0x2f, 0xc0, 0x0, 0x0, 0x1, 0x10, 0x0, 0xdf,
    0xa0, 0x1f, 0xff, 0xff, 0xff, 0xff, 0xff, 0xff,
    0xff, 0x60, 0x2, 0xff, 0x60, 0x99, 0x89, 0xff,
    0x88, 0x88, 0x88, 0x89, 0x94, 0x0, 0x5, 0xff,
    0x30, 0x0, 0x5f, 0x90, 0x0, 0x0, 0x0, 0x0,
    0x0, 0x0, 0xa, 0x70, 0x0, 0xc, 0xf1, 0x4,
    0x51, 0x0, 0x0, 0x0, 0x0, 0x0, 0x0, 0x0,
    0x4, 0xf9, 0x0, 0xcf, 0x20, 0x0, 0x0, 0x0,
    0x0, 0x0, 0x0, 0x0, 0xdf, 0x10, 0xc, 0xf2,
    0x0, 0x0, 0x0, 0x0, 0x0, 0x0, 0x0, 0xaf,
    0x81, 0x11, 0xcf, 0x21, 0x11, 0x10, 0x0, 0x0,
    0x4, 0x40, 0x2f, 0xff, 0xff, 0xff, 0xff, 0xff,
    0xff, 0x40, 0x0, 0x0, 0xcf, 0x50, 0xbc, 0xa9,
    0x88, 0xef, 0x98, 0x88, 0x92, 0x0, 0x0, 0x3f,
    0xe0, 0x0, 0x0, 0x0, 0xc, 0xf2, 0x0, 0x0,
    0x0, 0x0, 0xb, 0xf6, 0x0, 0x0, 0x60, 0x0,
    0xcf, 0x20, 0x33, 0x0, 0x0, 0x3, 0xfe, 0x0,
    0x0, 0x4f, 0xc0, 0xc, 0xf2, 0x2f, 0xe1, 0x0,
    0x0, 0xcf, 0x70, 0x0, 0x1e, 0xf7, 0x0, 0xcf,
    0x20, 0x9f, 0xc0, 0x0, 0x6f, 0xe0, 0x0, 0xc,
    0xf9, 0x0, 0xc, 0xf2, 0x0, 0xcf, 0x90, 0xc,
    0xf7, 0x0, 0xb, 0xfb, 0x0, 0x0, 0xcf, 0x20,
    0x1, 0xef, 0x50, 0x9, 0x0, 0xb, 0xfc, 0x0,
    0x0, 0xd, 0xf1, 0x0, 0x5, 0xf6, 0x0, 0x0,
    0x0, 0x1c, 0x10, 0x3, 0x9b, 0xff, 0x0, 0x0,
    0x2, 0x0, 0x0, 0x0, 0x0, 0x0, 0x0, 0xf,
    0xff, 0x80, 0x0, 0x0, 0x0, 0x0, 0x0, 0x0,
    0x0, 0x0, 0x0, 0x75, 0x10, 0x0, 0x0, 0x0,
    0x0,

    /* U+51C9 "凉" */
    0x0, 0x0, 0x0, 0x0, 0x0, 0x0, 0x4, 0x50,
    0x0, 0x0, 0x0, 0x0, 0x0, 0x0, 0x0, 0x0,
    0x0, 0x2, 0xff, 0x10, 0x0, 0x0, 0x0, 0x0,
    0x0, 0x0, 0x0, 0x0, 0x0, 0x9, 0xfa, 0x0,
    0x0, 0x0, 0x0, 0x2c, 0x20, 0x0, 0x11, 0x0,
    0x0, 0x2a, 0x40, 0x0, 0x1, 0x10, 0x7, 0xfe,
    0x20, 0xd, 0xff, 0xff, 0xff, 0xff, 0xff, 0xff,
    0xff, 0x40, 0x8, 0xfe, 0x20, 0x89, 0x98, 0x88,
    0x88, 0x88, 0x88, 0x89, 0x92, 0x0, 0xa, 0xfd,
    0x0, 0x0, 0x0, 0x0, 0x0, 0x0, 0x0, 0x0,
    0x0, 0x0, 0xa, 0x30, 0x0, 0x77, 0x77, 0x77,
    0x77, 0x77, 0x74, 0x0, 0x0, 0x0, 0x0, 0x0,
    0xf, 0xff, 0xff, 0xff, 0xff, 0xff, 0x90, 0x0,
    0x0, 0x0, 0x0, 0x0, 0xfd, 0x0, 0x0, 0x0,
    0x6, 0xf8, 0x0, 0x0, 0x0, 0x0, 0x0, 0xf,
    0xd0, 0x0, 0x0, 0x0, 0x6f, 0x80, 0x0, 0x0,
    0x0, 0xc2, 0x0, 0xfd, 0x0, 0x0, 0x0, 0x6,
    0xf8, 0x0, 0x0, 0x0, 0x6f, 0xc0, 0xf, 0xfa,
    0xaa, 0xaa, 0xaa, 0xcf, 0x80, 0x0, 0x0, 0xe,
    0xf3, 0x1, 0xff, 0xff, 0xff, 0xff, 0xff, 0xf8,
    0x0, 0x0, 0x7, 0xf9, 0x0, 0x0, 0x0, 0x2,
    0xfa, 0x0, 0x0, 0x0, 0x0, 0x2, 0xfe, 0x10,
    0x0, 0x63, 0x0, 0x2f, 0xa0, 0x5, 0x0, 0x0,
    0x0, 0xcf, 0x60, 0x0, 0x1f, 0xf4, 0x2, 0xfa,
    0x8, 0xfb, 0x0, 0x0, 0x8f, 0xc0, 0x0, 0xa,
    0xf9, 0x0, 0x2f, 0xa0, 0x2e, 0xfa, 0x0, 0x1d,
    0xf2, 0x0, 0x7, 0xfc, 0x0, 0x2, 0xfa, 0x0,
    0x2f, 0xf9, 0x0, 0x5, 0x0, 0x6, 0xff, 0x20,
    0x0, 0x3f, 0x90, 0x0, 0x4f, 0xf2, 0x0, 0x0,
    0x0, 0x9f, 0x50, 0xb, 0xef, 0xf8, 0x0, 0x0,
    0x62, 0x0, 0x0, 0x0, 0x0, 0x40, 0x0, 0x6f,
    0xfe, 0x30, 0x0, 0x0, 0x0, 0x0, 0x0, 0x0,
    0x0, 0x0, 0x1, 0x42, 0x0, 0x0, 0x0, 0x0,
    0x0,

    /* U+5206 "分" */
    0x0, 0x0, 0x0, 0x0, 0x0, 0x0, 0x0, 0x0,
    0x0, 0x0, 0x0, 0x0, 0x0, 0x0, 0x0, 0x92,
    0x0, 0x9, 0xf1, 0x0, 0x0, 0x0, 0x0, 0x0,
    0x0, 0x0, 0x5f, 0xe0, 0x0, 0x7f, 0x90, 0x0,
    0x0, 0x0, 0x0, 0x0, 0x0, 0xc, 0xf5, 0x0,
    0x0, 0xef, 0x30, 0x0, 0x0, 0x0, 0x0, 0x0,
    0x5, 0xfd, 0x0, 0x0, 0x6, 0xfd, 0x0, 0x0,
    0x0, 0x0, 0x0, 0x1, 0xef, 0x40, 0x0, 0x0,
    0xc, 0xfa, 0x0, 0x0, 0x0, 0x0, 0x0, 0xaf,
    0xb0, 0x0, 0x0, 0x0, 0x2f, 0xf9, 0x0, 0x0,
    0x0, 0x0, 0x5f, 0xf2, 0x0, 0x0, 0x0, 0x0,
    0x4f, 0xfa, 0x0, 0x0, 0x0, 0x2f, 0xf5, 0x0,
    0x0, 0x0, 0x0, 0x0, 0x5f, 0xfd, 0x30, 0x0,
    0x2e, 0xfa, 0x21, 0x11, 0x11, 0x11, 0x11, 0x11,
    0x5e, 0xff, 0xa0, 0x2e, 0xfc, 0x6f, 0xff, 0xff,
    0xff, 0xff, 0xff, 0xfc, 0x1c, 0xf7, 0x0, 0xad,
    0x14, 0xbb, 0xbf, 0xfb, 0xbb, 0xbb, 0xcf, 0xa0,
    0x6, 0x0, 0x0, 0x0, 0x0, 0x0, 0xfe, 0x0,
    0x0, 0x6, 0xf8, 0x0, 0x0, 0x0, 0x0, 0x0,
    0x0, 0x2f, 0xc0, 0x0, 0x0, 0x8f, 0x60, 0x0,
    0x0, 0x0, 0x0, 0x0, 0x6, 0xf9, 0x0, 0x0,
    0x9, 0xf5, 0x0, 0x0, 0x0, 0x0, 0x0, 0x0,
    0xbf, 0x40, 0x0, 0x0, 0xbf, 0x30, 0x0, 0x0,
    0x0, 0x0, 0x0, 0x3f, 0xe0, 0x0, 0x0, 0xc,
    0xf1, 0x0, 0x0, 0x0, 0x0, 0x0, 0xd, 0xf7,
    0x0, 0x0, 0x0, 0xef, 0x0, 0x0, 0x0, 0x0,
    0x0, 0xc, 0xfc, 0x0, 0x0, 0x0, 0x1f, 0xe0,
    0x0, 0x0, 0x0, 0x0, 0x3d, 0xfd, 0x10, 0x0,
    0x12, 0x29, 0xfb, 0x0, 0x0, 0x0, 0x3, 0xbf,
    0xfb, 0x10, 0x0, 0x2, 0xff, 0xff, 0x40, 0x0,
    0x0, 0x0, 0x2e, 0xf7, 0x0, 0x0, 0x0, 0xb,
    0xd9, 0x30, 0x0, 0x0, 0x0, 0x0, 0x31, 0x0,
    0x0, 0x0, 0x0, 0x0, 0x0, 0x0, 0x0, 0x0,
    0x0,

    /* U+5220 "删" */
    0x0, 0x0, 0x0, 0x0, 0x0, 0x0, 0x0, 0x0,
    0x0, 0x0, 0x0, 0x0, 0x0, 0x88, 0x88, 0x81,
    0x18, 0x88, 0x88, 0x0, 0x0, 0xa, 0xf2, 0x0,
    0xf, 0xfd, 0xef, 0x13, 0xfe, 0xdf, 0xf0, 0x0,
    0x0, 0x9f, 0x20, 0x0, 0xf9, 0x8, 0xf1, 0x2f,
    0x70, 0x9f, 0x0, 0xfc, 0x9, 0xf1, 0x0, 0xf,
    0x90, 0x8f, 0x12, 0xf7, 0x9, 0xf0, 0xf, 0xc0,
    0x9f, 0x10, 0x0, 0xf9, 0x8, 0xf1, 0x2f, 0x70,
    0x9f, 0x0, 0xfc, 0x9, 0xf1, 0x0, 0xf, 0x90,
    0x8f, 0x12, 0xf7, 0x9, 0xf0, 0xf, 0xc0, 0x9f,
    0x10, 0x0, 0xf9, 0x8, 0xf1, 0x2f, 0x70, 0x9f,
    0x0, 0xfc, 0x9, 0xf1, 0x0, 0xf, 0x90, 0x8f,
    0x12, 0xf7, 0x9, 0xf0, 0xf, 0xc0, 0x9f, 0x10,
    0xac, 0xfe, 0xce, 0xfc, 0xcf, 0xdc, 0xef, 0xc4,
    0xfc, 0x9, 0xf1, 0x9, 0xbf, 0xeb, 0xdf, 0xcc,
    0xfd, 0xbe, 0xfc, 0x4f, 0xc0, 0x9f, 0x10, 0x0,
    0xf9, 0x8, 0xf1, 0x2f, 0x70, 0x9f, 0x0, 0xfc,
    0x9, 0xf1, 0x0, 0xf, 0x90, 0x8f, 0x12, 0xf7,
    0x9, 0xf0, 0xf, 0xc0, 0x9f, 0x10, 0x1, 0xf8,
    0x8, 0xf1, 0x2f, 0x60, 0x9f, 0x0, 0xfc, 0x9,
    0xf1, 0x0, 0x2f, 0x70, 0x8f, 0x13, 0xf6, 0x9,
    0xf0, 0xf, 0xc0, 0x9f, 0x10, 0x4, 0xf5, 0x8,
    0xf1, 0x3f, 0x50, 0x9f, 0x0, 0xfc, 0x9, 0xf1,
    0x0, 0x7f, 0x20, 0x8f, 0x15, 0xf4, 0x9, 0xf0,
    0xb, 0x90, 0x9f, 0x10, 0xb, 0xf0, 0x8, 0xf1,
    0x7f, 0x30, 0x9f, 0x0, 0x0, 0x9, 0xf1, 0x0,
    0xfb, 0x0, 0x8f, 0x1b, 0xf0, 0x9, 0xf0, 0x0,
    0x0, 0x9f, 0x10, 0x6f, 0x60, 0x8, 0xf3, 0xfd,
    0x0, 0x9f, 0x0, 0x0, 0x9, 0xf1, 0xe, 0xf1,
    0x2d, 0xff, 0x7f, 0x72, 0x9d, 0xf0, 0x0, 0x69,
    0xef, 0x0, 0x8a, 0x0, 0xdd, 0x60, 0x41, 0xe,
    0xf9, 0x0, 0x4, 0xff, 0xa0, 0x0, 0x0, 0x0,
    0x0, 0x0, 0x0, 0x31, 0x0, 0x0, 0x17, 0x30,
    0x0,

    /* U+5229 "利" */
    0x0, 0x0, 0x0, 0x0, 0x0, 0x21, 0x0, 0x0,
    0x0, 0x2, 0x20, 0x0, 0x0, 0x1, 0x59, 0xef,
    0x80, 0x0, 0x0, 0x2, 0xfd, 0x3, 0x68, 0xbe,
    0xff, 0xff, 0xeb, 0x10, 0x0, 0x0, 0x1f, 0xc0,
    0x5f, 0xff, 0xdf, 0xf4, 0x10, 0x0, 0x0, 0x0,
    0x1, 0xfc, 0x0, 0x63, 0x0, 0xef, 0x0, 0x0,
    0x0, 0x45, 0x0, 0x1f, 0xc0, 0x0, 0x0, 0xe,
    0xf0, 0x0, 0x0, 0xd, 0xf2, 0x1, 0xfc, 0x0,
    0x0, 0x0, 0xef, 0x0, 0x0, 0x0, 0xdf, 0x10,
    0x1f, 0xc1, 0xaa, 0x99, 0x9f, 0xf9, 0x99, 0xaa,
    0xc, 0xf1, 0x1, 0xfc, 0x2f, 0xff, 0xff, 0xff,
    0xff, 0xff, 0xf1, 0xcf, 0x10, 0x1f, 0xc0, 0x0,
    0x0, 0x4f, 0xf0, 0x0, 0x0, 0xc, 0xf1, 0x1,
    0xfc, 0x0, 0x0, 0xa, 0xff, 0x60, 0x0, 0x0,
    0xcf, 0x10, 0x1f, 0xc0, 0x0, 0x3, 0xff, 0xff,
    0x70, 0x0, 0xc, 0xf1, 0x1, 0xfc, 0x0, 0x0,
    0xcf, 0xff, 0xcf, 0x60, 0x0, 0xcf, 0x10, 0x1f,
    0xc0, 0x0, 0x7f, 0xae, 0xf1, 0xdf, 0x50, 0xc,
    0xf1, 0x1, 0xfc, 0x0, 0x3f, 0xe1, 0xef, 0x3,
    0xfd, 0x0, 0xdf, 0x10, 0x1f, 0xc0, 0x1d, 0xf5,
    0xe, 0xf0, 0x5, 0x10, 0xd, 0xf1, 0x1, 0xfc,
    0x1d, 0xf9, 0x0, 0xef, 0x0, 0x0, 0x0, 0xdf,
    0x20, 0x1f, 0xc8, 0xfc, 0x0, 0xe, 0xf0, 0x0,
    0x0, 0x0, 0x0, 0x1, 0xfc, 0x7, 0x10, 0x0,
    0xef, 0x0, 0x0, 0x0, 0x0, 0x0, 0x1f, 0xc0,
    0x0, 0x0, 0xe, 0xf0, 0x0, 0x0, 0x0, 0x0,
    0x4, 0xfc, 0x0, 0x0, 0x0, 0xef, 0x0, 0x0,
    0x0, 0x1, 0xff, 0xff, 0x90, 0x0, 0x0, 0xf,
    0xf0, 0x0, 0x0, 0x0, 0xb, 0xda, 0x60,

    /* U+529E "办" */
    0x0, 0x0, 0x0, 0x0, 0x23, 0x10, 0x0, 0x0,
    0x0, 0x0, 0x0, 0x0, 0x0, 0x0, 0x0, 0x8,
    0xfe, 0x0, 0x0, 0x0, 0x0, 0x0, 0x0, 0x0,
    0x0, 0x0, 0x0, 0x7f, 0xb0, 0x0, 0x0, 0x0,
    0x0, 0x0, 0x0, 0x0, 0x0, 0x0, 0x7, 0xf9,
    0x0, 0x0, 0x0, 0x0, 0x0, 0x0, 0x0, 0x0,
    0x0, 0x0, 0x7f, 0x80, 0x0, 0x0, 0x0, 0x0,
    0x0, 0x0, 0x0, 0x0, 0x0, 0x7, 0xf8, 0x0,
    0x0, 0x0, 0x0, 0x0, 0x0, 0x0, 0x7f, 0xff,
    0xff, 0xff, 0xff, 0xff, 0xff, 0xf7, 0x0, 0x0,
    0x0, 0x5, 0xbb, 0xaa, 0xad, 0xfc, 0xaa, 0xaa,
    0xef, 0x50, 0x0, 0x0, 0x0, 0x0, 0x0, 0x0,
    0xaf, 0x50, 0x0, 0xc, 0xf3, 0x0, 0x0, 0x0,
    0x0, 0x0, 0x0, 0xb, 0xf3, 0x0, 0x0, 0xdf,
    0x20, 0x0, 0x0, 0x0, 0x7e, 0x60, 0x0, 0xdf,
    0x10, 0x0, 0xe, 0xf6, 0xe7, 0x0, 0x0, 0xe,
    0xf7, 0x0, 0xf, 0xf0, 0x0, 0x0, 0xff, 0x4f,
    0xf1, 0x0, 0x6, 0xfe, 0x0, 0x3, 0xfc, 0x0,
    0x0, 0xf, 0xf0, 0xbf, 0x80, 0x0, 0xef, 0x50,
    0x0, 0x7f, 0x80, 0x0, 0x1, 0xfe, 0x4, 0xff,
    0x0, 0x7f, 0xd0, 0x0, 0xd, 0xf4, 0x0, 0x0,
    0x2f, 0xd0, 0xd, 0xf6, 0xa, 0xf4, 0x0, 0x5,
    0xfe, 0x0, 0x0, 0x3, 0xfc, 0x0, 0x7f, 0xd0,
    0x3, 0x0, 0x0, 0xdf, 0x70, 0x0, 0x0, 0x4f,
    0xb0, 0x1, 0xe7, 0x0, 0x0, 0x0, 0x9f, 0xd0,
    0x0, 0x0, 0x5, 0xfa, 0x0, 0x0, 0x0, 0x0,
    0x0, 0x8f, 0xf3, 0x0, 0x0, 0x0, 0x8f, 0x90,
    0x0, 0x0, 0x0, 0x1, 0xbf, 0xf5, 0x0, 0x0,
    0x0, 0x1d, 0xf5, 0x0, 0x0, 0x0, 0x18, 0xff,
    0xf4, 0x0, 0x0, 0x6c, 0xdf, 0xfe, 0x0, 0x0,
    0x0, 0x6, 0xff, 0xd2, 0x0, 0x0, 0x1, 0xff,
    0xfa, 0x20, 0x0, 0x0, 0x0, 0x4, 0x80, 0x0,
    0x0, 0x0, 0x5, 0x30, 0x0, 0x0, 0x0, 0x0,
    0x0,

    /* U+52A0 "加" */
    0x0, 0x0, 0x0, 0x0, 0x0, 0x0, 0x0, 0x0,
    0x0, 0x0, 0x0, 0x0, 0x0, 0x6, 0xfb, 0x0,
    0x0, 0x0, 0x0, 0x0, 0x0, 0x0, 0x0, 0x0,
    0x6, 0xfa, 0x0, 0x0, 0x0, 0x0, 0x0, 0x0,
    0x0, 0x0, 0x0, 0x5, 0xf8, 0x0, 0x0, 0x0,
    0x0, 0x0, 0x0, 0x0, 0x0, 0x0, 0x6, 0xf7,
    0x0, 0x0, 0x0, 0x99, 0x99, 0x99, 0x91, 0x0,
    0x97, 0x7b, 0xfb, 0x77, 0x77, 0x30, 0xff, 0xff,
    0xff, 0xf2, 0x0, 0xff, 0xff, 0xff, 0xff, 0xff,
    0x70, 0xfb, 0x11, 0x1a, 0xf1, 0x0, 0x32, 0x2a,
    0xf6, 0x22, 0x7f, 0x50, 0xfb, 0x0, 0x9, 0xf1,
    0x0, 0x0, 0xa, 0xf3, 0x0, 0x7f, 0x40, 0xfb,
    0x0, 0x9, 0xf1, 0x0, 0x0, 0xb, 0xf2, 0x0,
    0x8f, 0x30, 0xfb, 0x0, 0x9, 0xf1, 0x0, 0x0,
    0xc, 0xf1, 0x0, 0x9f, 0x20, 0xfb, 0x0, 0x9,
    0xf1, 0x0, 0x0, 0xe, 0xf0, 0x0, 0xaf, 0x10,
    0xfb, 0x0, 0x9, 0xf1, 0x0, 0x0, 0xf, 0xc0,
    0x0, 0xbf, 0x0, 0xfb, 0x0, 0x9, 0xf1, 0x0,
    0x0, 0x4f, 0x90, 0x0, 0xcf, 0x0, 0xfb, 0x0,
    0x9, 0xf1, 0x0, 0x0, 0x7f, 0x60, 0x0, 0xde,
    0x0, 0xfb, 0x0, 0x9, 0xf1, 0x0, 0x0, 0xcf,
    0x20, 0x0, 0xed, 0x0, 0xfb, 0x0, 0x9, 0xf1,
    0x0, 0x2, 0xfe, 0x0, 0x0, 0xfc, 0x0, 0xfb,
    0x0, 0x9, 0xf1, 0x0, 0x9, 0xf8, 0x0, 0x0,
    0xfb, 0x0, 0xff, 0xdd, 0xde, 0xf1, 0x0, 0x2f,
    0xf2, 0x0, 0x1, 0xfa, 0x0, 0xff, 0xff, 0xff,
    0xf1, 0x0, 0xcf, 0xa0, 0x3, 0x49, 0xf8, 0x0,
    0xfb, 0x0, 0xa, 0xf2, 0xa, 0xff, 0x20, 0xc,
    0xff, 0xf2, 0x0, 0xfb, 0x0, 0x9, 0xf2, 0x5,
    0xe7, 0x0, 0x7, 0xc9, 0x30, 0x1, 0xfb, 0x0,
    0x3, 0x50, 0x0, 0x20, 0x0, 0x0, 0x0, 0x0,
    0x0, 0x0, 0x0, 0x0, 0x0,

    /* U+52A1 "务" */
    0x0, 0x0, 0x0, 0x5, 0x10, 0x0, 0x0, 0x0,
    0x0, 0x0, 0x0, 0x0, 0x0, 0x0, 0x1, 0xff,
    0x50, 0x0, 0x0, 0x0, 0x0, 0x0, 0x0, 0x0,
    0x0, 0x0, 0xaf, 0xc1, 0x11, 0x11, 0x11, 0x11,
    0x0, 0x0, 0x0, 0x0, 0x0, 0x4f, 0xff, 0xff,
    0xff, 0xff, 0xff, 0xf6, 0x0, 0x0, 0x0, 0x0,
    0x2e, 0xff, 0xc5, 0x55, 0x55, 0x5e, 0xfb, 0x0,
    0x0, 0x0, 0x0, 0x2e, 0xf7, 0xdf, 0x50, 0x0,
    0x8, 0xfd, 0x10, 0x0, 0x0, 0x0, 0x4e, 0xf8,
    0x2, 0xff, 0x40, 0x7, 0xfe, 0x20, 0x0, 0x0,
    0x0, 0x9, 0xf7, 0x0, 0x4, 0xff, 0x59, 0xfd,
    0x20, 0x0, 0x0, 0x0, 0x0, 0x2, 0x0, 0x0,
    0x4, 0xff, 0xfa, 0x0, 0x0, 0x0, 0x0, 0x0,
    0x0, 0x0, 0x0, 0x27, 0xdf, 0xff, 0xe6, 0x10,
    0x0, 0x0, 0x0, 0x0, 0x3, 0x69, 0xdf, 0xfe,
    0x71, 0x6e, 0xff, 0xdb, 0x87, 0x64, 0x5, 0xff,
    0xff, 0xfe, 0x94, 0x4b, 0x70, 0x4, 0x9e, 0xff,
    0xff, 0x80, 0xc, 0xda, 0x73, 0x0, 0x5, 0xf9,
    0x0, 0x0, 0x2, 0x57, 0x91, 0x0, 0x0, 0x43,
    0x33, 0x33, 0x8f, 0x83, 0x33, 0x33, 0x32, 0x0,
    0x0, 0x0, 0x1f, 0xff, 0xff, 0xff, 0xff, 0xff,
    0xff, 0xff, 0xe0, 0x0, 0x0, 0x0, 0x54, 0x33,
    0x33, 0xff, 0x43, 0x33, 0x35, 0xfd, 0x0, 0x0,
    0x0, 0x0, 0x0, 0x0, 0x6f, 0xa0, 0x0, 0x0,
    0x3f, 0xc0, 0x0, 0x0, 0x0, 0x0, 0x0, 0x2f,
    0xf3, 0x0, 0x0, 0x4, 0xfa, 0x0, 0x0, 0x0,
    0x0, 0x0, 0x3e, 0xf9, 0x0, 0x0, 0x0, 0x5f,
    0x80, 0x0, 0x0, 0x0, 0x3, 0xaf, 0xfb, 0x0,
    0x0, 0x0, 0x2c, 0xf7, 0x0, 0x0, 0x5, 0x9d,
    0xff, 0xe6, 0x0, 0x0, 0x2f, 0xff, 0xff, 0x20,
    0x0, 0x0, 0x4f, 0xfd, 0x60, 0x0, 0x0, 0x0,
    0xaf, 0xca, 0x40, 0x0, 0x0, 0x0, 0x63, 0x0,
    0x0, 0x0, 0x0, 0x0, 0x0, 0x0, 0x0, 0x0,
    0x0,

    /* U+52A8 "动" */
    0x0, 0x0, 0x0, 0x0, 0x0, 0x0, 0x0, 0x21,
    0x0, 0x0, 0x0, 0x0, 0x0, 0x0, 0x0, 0x0,
    0x0, 0x0, 0x9f, 0x70, 0x0, 0x0, 0x0, 0x0,
    0x0, 0x0, 0x0, 0x0, 0x0, 0x9f, 0x50, 0x0,
    0x0, 0x7, 0xa9, 0x99, 0x99, 0x99, 0x0, 0x0,
    0x8f, 0x40, 0x0, 0x0, 0xa, 0xff, 0xff, 0xff,
    0xff, 0x0, 0x0, 0x8f, 0x30, 0x0, 0x0, 0x1,
    0x10, 0x0, 0x0, 0x1, 0x11, 0x10, 0x9f, 0x40,
    0x0, 0x0, 0x0, 0x0, 0x0, 0x0, 0x0, 0x9f,
    0xff, 0xff, 0xff, 0xff, 0xf6, 0x0, 0x0, 0x0,
    0x0, 0x0, 0x59, 0x88, 0xcf, 0xa8, 0x8b, 0xf5,
    0x11, 0x0, 0x0, 0x0, 0x11, 0x10, 0x0, 0x9f,
    0x20, 0x7, 0xf4, 0xff, 0xff, 0xff, 0xff, 0xff,
    0xd0, 0x0, 0xaf, 0x10, 0x8, 0xf3, 0x87, 0x77,
    0xfe, 0x77, 0x78, 0x60, 0x0, 0xbf, 0x0, 0x9,
    0xf2, 0x0, 0x5, 0xf8, 0x0, 0x0, 0x0, 0x0,
    0xcf, 0x0, 0x9, 0xf2, 0x0, 0xa, 0xf2, 0x0,
    0x30, 0x0, 0x0, 0xed, 0x0, 0xa, 0xf1, 0x0,
    0x1f, 0xc0, 0xa, 0xf2, 0x0, 0x1, 0xfb, 0x0,
    0xb, 0xf0, 0x0, 0x7f, 0x40, 0x5, 0xfb, 0x0,
    0x4, 0xf7, 0x0, 0xc, 0xf0, 0x0, 0xec, 0x0,
    0x0, 0xcf, 0x40, 0x9, 0xf3, 0x0, 0xd, 0xf0,
    0x9, 0xf5, 0x24, 0x68, 0xdf, 0xc0, 0xe, 0xe0,
    0x0, 0xd, 0xe0, 0x6f, 0xff, 0xff, 0xff, 0xef,
    0xf4, 0x7f, 0x80, 0x0, 0xe, 0xe0, 0x1f, 0xeb,
    0x85, 0x30, 0x7, 0xd5, 0xff, 0x10, 0x0, 0xf,
    0xd0, 0x2, 0x0, 0x0, 0x0, 0x0, 0x1d, 0xf6,
    0x0, 0x0, 0x2f, 0xc0, 0x0, 0x0, 0x0, 0x0,
    0x1, 0xcf, 0xa0, 0x3, 0x9a, 0xef, 0x80, 0x0,
    0x0, 0x0, 0x0, 0x9, 0xfd, 0x0, 0x0, 0xef,
    0xfb, 0x0, 0x0, 0x0, 0x0, 0x0, 0x0, 0x71,
    0x0, 0x0, 0x44, 0x10, 0x0,

    /* U+52A9 "助" */
    0x0, 0x0, 0x0, 0x0, 0x0, 0x0, 0x0, 0x22,
    0x0, 0x0, 0x0, 0x0, 0x0, 0x0, 0x0, 0x0,
    0x0, 0x0, 0xff, 0x50, 0x0, 0x0, 0x0, 0x88,
    0x88, 0x88, 0x87, 0x0, 0x0, 0xef, 0x30, 0x0,
    0x0, 0x0, 0xff, 0xff, 0xff, 0xfd, 0x0, 0x0,
    0xef, 0x20, 0x0, 0x0, 0x0, 0xfc, 0x0, 0x1,
    0xfd, 0x0, 0x0, 0xef, 0x10, 0x0, 0x0, 0x0,
    0xfc, 0x0, 0x1, 0xfc, 0x4, 0x44, 0xef, 0x54,
    0x44, 0x41, 0x0, 0xfc, 0x0, 0x1, 0xfc, 0xc,
    0xff, 0xff, 0xff, 0xff, 0xf3, 0x0, 0xfe, 0x77,
    0x77, 0xfc, 0x4, 0x44, 0xef, 0x44, 0x4d, 0xf1,
    0x0, 0xff, 0xff, 0xff, 0xfc, 0x0, 0x0, 0xff,
    0x0, 0xc, 0xf1, 0x0, 0xfc, 0x0, 0x1, 0xfc,
    0x0, 0x0, 0xfe, 0x0, 0xd, 0xf0, 0x0, 0xfc,
    0x0, 0x1, 0xfc, 0x0, 0x1, 0xfd, 0x0, 0xe,
    0xf0, 0x0, 0xfc, 0x0, 0x1, 0xfc, 0x0, 0x3,
    0xfb, 0x0, 0xe, 0xe0, 0x0, 0xfe, 0x77, 0x77,
    0xfc, 0x0, 0x5, 0xf9, 0x0, 0xf, 0xd0, 0x0,
    0xff, 0xff, 0xff, 0xfc, 0x0, 0x8, 0xf6, 0x0,
    0xf, 0xc0, 0x0, 0xfc, 0x0, 0x1, 0xfc, 0x0,
    0xb, 0xf3, 0x0, 0x1f, 0xb0, 0x0, 0xfc, 0x0,
    0x1, 0xfc, 0x0, 0xf, 0xf0, 0x0, 0x1f, 0xa0,
    0x0, 0xfc, 0x0, 0x1, 0xfd, 0x40, 0x5f, 0x90,
    0x0, 0x2f, 0x90, 0x0, 0xfc, 0x25, 0x8b, 0xff,
    0xf0, 0xdf, 0x20, 0x0, 0x3f, 0x90, 0x5a, 0xff,
    0xff, 0xfe, 0xa7, 0x47, 0xfa, 0x0, 0x0, 0x5f,
    0x80, 0x9f, 0xff, 0xb6, 0x20, 0x0, 0x5f, 0xf1,
    0x1, 0xcd, 0xff, 0x50, 0x4a, 0x50, 0x0, 0x0,
    0x4, 0xff, 0x50, 0x0, 0xdf, 0xfc, 0x0, 0x0,
    0x0, 0x0, 0x0, 0x0, 0x58, 0x0, 0x0, 0x44,
    0x10, 0x0,

    /* U+5317 "北" */
    0x0, 0x0, 0x0, 0xb, 0xc0, 0x0, 0x9c, 0x10,
    0x0, 0x0, 0x0, 0x0, 0x0, 0x0, 0x0, 0xdf,
    0x0, 0xb, 0xf1, 0x0, 0x0, 0x0, 0x0, 0x0,
    0x0, 0x0, 0xd, 0xf0, 0x0, 0xbf, 0x10, 0x0,
    0x0, 0x0, 0x0, 0x0, 0x0, 0x0, 0xdf, 0x0,
    0xb, 0xf1, 0x0, 0x0, 0x0, 0x0, 0x0, 0x0,
    0x0, 0xd, 0xf0, 0x0, 0xbf, 0x10, 0x0, 0x0,
    0x0, 0x0, 0x0, 0x0, 0x0, 0xdf, 0x0, 0xb,
    0xf1, 0x0, 0x3, 0xe5, 0x0, 0x1, 0x10, 0x0,
    0xd, 0xf0, 0x0, 0xbf, 0x10, 0x7, 0xff, 0xe1,
    0x0, 0xcf, 0xff, 0xff, 0xff, 0x0, 0xb, 0xf1,
    0x5d, 0xfe, 0x70, 0x0, 0x7, 0x98, 0x88, 0x8e,
    0xf0, 0x0, 0xbf, 0xcf, 0xf8, 0x0, 0x0, 0x0,
    0x0, 0x0, 0x0, 0xdf, 0x0, 0xb, 0xfe, 0x81,
    0x0, 0x0, 0x0, 0x0, 0x0, 0x0, 0xd, 0xf0,
    0x0, 0xbf, 0x10, 0x0, 0x0, 0x0, 0x0, 0x0,
    0x0, 0x0, 0xdf, 0x0, 0xb, 0xf1, 0x0, 0x0,
    0x0, 0x0, 0x0, 0x0, 0x0, 0xd, 0xf0, 0x0,
    0xbf, 0x10, 0x0, 0x0, 0x0, 0x0, 0x0, 0x0,
    0x0, 0xdf, 0x0, 0xb, 0xf1, 0x0, 0x0, 0x0,
    0x0, 0x0, 0x0, 0x0, 0xd, 0xf0, 0x0, 0xbf,
    0x10, 0x0, 0x0, 0x0, 0x0, 0x0, 0x0, 0x1,
    0xef, 0x0, 0xb, 0xf1, 0x0, 0x0, 0x0, 0x0,
    0x0, 0x15, 0x9d, 0xff, 0xf0, 0x0, 0xbf, 0x10,
    0x0, 0x2, 0x60, 0x8, 0xef, 0xff, 0xd9, 0xef,
    0x0, 0xb, 0xf1, 0x0, 0x0, 0x6f, 0xd0, 0x3f,
    0xd7, 0x20, 0xd, 0xf0, 0x0, 0x9f, 0x81, 0x11,
    0x2c, 0xf7, 0x0, 0x30, 0x0, 0x0, 0xef, 0x0,
    0x4, 0xff, 0xff, 0xff, 0xfd, 0x0, 0x0, 0x0,
    0x0, 0xe, 0xf0, 0x0, 0x3, 0x78, 0x88, 0x86,
    0x10, 0x0,

    /* U+5347 "升" */
    0x0, 0x0, 0x0, 0x0, 0x0, 0x2, 0x0, 0x3,
    0x41, 0x0, 0x0, 0x0, 0x0, 0x0, 0x0, 0x0,
    0x4, 0xbf, 0x70, 0xd, 0xf4, 0x0, 0x0, 0x0,
    0x0, 0x0, 0x0, 0x38, 0xef, 0xff, 0xd2, 0xc,
    0xf3, 0x0, 0x0, 0x0, 0x0, 0x27, 0xae, 0xff,
    0xff, 0x82, 0x0, 0xc, 0xf3, 0x0, 0x0, 0x0,
    0x0, 0x1e, 0xff, 0xb7, 0xff, 0x0, 0x0, 0xc,
    0xf3, 0x0, 0x0, 0x0, 0x0, 0x3, 0x40, 0x0,
    0xff, 0x0, 0x0, 0xc, 0xf3, 0x0, 0x0, 0x0,
    0x0, 0x0, 0x0, 0x0, 0xff, 0x0, 0x0, 0xc,
    0xf3, 0x0, 0x0, 0x0, 0x0, 0x0, 0x0, 0x0,
    0xff, 0x0, 0x0, 0xc, 0xf3, 0x0, 0x0, 0x0,
    0x0, 0x0, 0x0, 0x0, 0xff, 0x0, 0x0, 0xc,
    0xf3, 0x0, 0x0, 0x0, 0x1c, 0xcb, 0xbb, 0xbb,
    0xff, 0xbb, 0xbb, 0xbf, 0xfc, 0xbb, 0xcc, 0xc0,
    0x1f, 0xff, 0xff, 0xff, 0xff, 0xff, 0xff, 0xff,
    0xff, 0xff, 0xff, 0xf0, 0x0, 0x0, 0x0, 0x3,
    0xfd, 0x0, 0x0, 0xc, 0xf3, 0x0, 0x0, 0x0,
    0x0, 0x0, 0x0, 0x6, 0xfa, 0x0, 0x0, 0xc,
    0xf3, 0x0, 0x0, 0x0, 0x0, 0x0, 0x0, 0xb,
    0xf6, 0x0, 0x0, 0xc, 0xf3, 0x0, 0x0, 0x0,
    0x0, 0x0, 0x0, 0x2f, 0xf1, 0x0, 0x0, 0xc,
    0xf3, 0x0, 0x0, 0x0, 0x0, 0x0, 0x0, 0xbf,
    0xa0, 0x0, 0x0, 0xc, 0xf3, 0x0, 0x0, 0x0,
    0x0, 0x0, 0x8, 0xff, 0x10, 0x0, 0x0, 0xc,
    0xf3, 0x0, 0x0, 0x0, 0x0, 0x0, 0x6f, 0xf5,
    0x0, 0x0, 0x0, 0xc, 0xf3, 0x0, 0x0, 0x0,
    0x0, 0x7, 0xff, 0x80, 0x0, 0x0, 0x0, 0xc,
    0xf3, 0x0, 0x0, 0x0, 0x1, 0xaf, 0xf8, 0x0,
    0x0, 0x0, 0x0, 0xc, 0xf3, 0x0, 0x0, 0x0,
    0x9, 0xff, 0x60, 0x0, 0x0, 0x0, 0x0, 0xc,
    0xf3, 0x0, 0x0, 0x0, 0x0, 0x73, 0x0, 0x0,
    0x0, 0x0, 0x0, 0xd, 0xf4, 0x0, 0x0, 0x0,

    /* U+5348 "午" */
    0x0, 0x0, 0x0, 0x53, 0x0, 0x0, 0x0, 0x0,
    0x0, 0x0, 0x0, 0x0, 0x0, 0x0, 0xef, 0x50,
    0x0, 0x0, 0x0, 0x0, 0x0, 0x0, 0x0, 0x0,
    0x4, 0xfb, 0x0, 0x0, 0x0, 0x0, 0x0, 0x0,
    0x0, 0x0, 0x0, 0xb, 0xf3, 0x0, 0x0, 0x0,
    0x0, 0x0, 0x0, 0x0, 0x0, 0x0, 0x4f, 0xe8,
    0x88, 0x88, 0x88, 0x88, 0x88, 0x99, 0x0, 0x0,
    0x0, 0xcf, 0xff, 0xff, 0xff, 0xff, 0xff, 0xff,
    0xfe, 0x0, 0x0, 0x6, 0xf9, 0x0, 0x0, 0x1f,
    0xb0, 0x0, 0x0, 0x0, 0x0, 0x0, 0x3f, 0xe1,
    0x0, 0x0, 0x1f, 0xb0, 0x0, 0x0, 0x0, 0x0,
    0x1, 0xdf, 0x50, 0x0, 0x0, 0x1f, 0xb0, 0x0,
    0x0, 0x0, 0x0, 0x4, 0xeb, 0x0, 0x0, 0x0,
    0x1f, 0xb0, 0x0, 0x0, 0x0, 0x0, 0x0, 0x1,
    0x0, 0x0, 0x0, 0x1f, 0xb0, 0x0, 0x0, 0x0,
    0x0, 0x0, 0x0, 0x0, 0x0, 0x0, 0x1f, 0xb0,
    0x0, 0x0, 0x0, 0x0, 0x3b, 0xaa, 0xaa, 0xaa,
    0xaa, 0xaf, 0xea, 0xaa, 0xaa, 0xab, 0xc9, 0x4f,
    0xff, 0xff, 0xff, 0xff, 0xff, 0xff, 0xff, 0xff,
    0xff, 0xfa, 0x0, 0x0, 0x0, 0x0, 0x0, 0x1f,
    0xb0, 0x0, 0x0, 0x0, 0x0, 0x0, 0x0, 0x0,
    0x0, 0x0, 0x1f, 0xb0, 0x0, 0x0, 0x0, 0x0,
    0x0, 0x0, 0x0, 0x0, 0x0, 0x1f, 0xb0, 0x0,
    0x0, 0x0, 0x0, 0x0, 0x0, 0x0, 0x0, 0x0,
    0x1f, 0xb0, 0x0, 0x0, 0x0, 0x0, 0x0, 0x0,
    0x0, 0x0, 0x0, 0x1f, 0xb0, 0x0, 0x0, 0x0,
    0x0, 0x0, 0x0, 0x0, 0x0, 0x0, 0x1f, 0xb0,
    0x0, 0x0, 0x0, 0x0, 0x0, 0x0, 0x0, 0x0,
    0x0, 0x2f, 0xc0, 0x0, 0x0, 0x0, 0x0, 0x0,
    0x0, 0x0, 0x0, 0x0, 0x3f, 0xc0, 0x0, 0x0,
    0x0, 0x0,

    /* U+5357 "南" */
    0x0, 0x0, 0x0, 0x0, 0x0, 0x88, 0x20, 0x0,
    0x0, 0x0, 0x0, 0x0, 0x0, 0x0, 0x0, 0x0,
    0xdf, 0x20, 0x0, 0x0, 0x0, 0x0, 0x1, 0x0,
    0x0, 0x0, 0x0, 0xfe, 0x0, 0x0, 0x0, 0x0,
    0x0, 0x3f, 0xff, 0xff, 0xff, 0xff, 0xff, 0xff,
    0xff, 0xff, 0xff, 0xfd, 0x19, 0x87, 0x77, 0x77,
    0x79, 0xfc, 0x77, 0x77, 0x77, 0x77, 0x76, 0x0,
    0x0, 0x0, 0x0, 0x6, 0xf7, 0x0, 0x0, 0x0,
    0x0, 0x0, 0x0, 0x0, 0x0, 0x0, 0x9, 0xf4,
    0x0, 0x0, 0x0, 0x0, 0x0, 0x9, 0xff, 0xff,
    0xff, 0xff, 0xff, 0xff, 0xff, 0xff, 0xff, 0xc0,
    0x9, 0xf9, 0x77, 0x77, 0x77, 0x77, 0x77, 0x77,
    0x77, 0xaf, 0xb0, 0x9, 0xf4, 0x0, 0x2d, 0x30,
    0x0, 0x9, 0x71, 0x0, 0x5f, 0xa0, 0x8, 0xf4,
    0x0, 0x2e, 0xe2, 0x0, 0x3f, 0xe2, 0x0, 0x5f,
    0xa0, 0x7, 0xf4, 0x0, 0x5, 0xf5, 0x0, 0xcf,
    0x40, 0x0, 0x5f, 0xa0, 0x7, 0xf4, 0x7, 0x76,
    0x86, 0x68, 0xfd, 0x66, 0x60, 0x5f, 0xa0, 0x7,
    0xf4, 0xe, 0xff, 0xff, 0xff, 0xff, 0xff, 0xe0,
    0x5f, 0xa0, 0x7, 0xf4, 0x1, 0x0, 0x0, 0xff,
    0x0, 0x0, 0x10, 0x5f, 0xa0, 0x7, 0xf4, 0x22,
    0x10, 0x0, 0xff, 0x0, 0x0, 0x11, 0x5f, 0xa0,
    0x7, 0xf4, 0xaf, 0xff, 0xff, 0xff, 0xff, 0xff,
    0xf9, 0x5f, 0xa0, 0x7, 0xf4, 0x57, 0x77, 0x77,
    0xff, 0x77, 0x77, 0x74, 0x5f, 0xa0, 0x8, 0xf4,
    0x0, 0x0, 0x0, 0xff, 0x0, 0x0, 0x0, 0x5f,
    0xa0, 0x9, 0xf4, 0x0, 0x0, 0x0, 0xff, 0x0,
    0x0, 0x0, 0x5f, 0xa0, 0x9, 0xf4, 0x0, 0x0,
    0x0, 0xff, 0x0, 0x0, 0x69, 0xcf, 0x80, 0xa,
    0xf4, 0x0, 0x0, 0x0, 0x77, 0x0, 0x0, 0x4f,
    0xd9, 0x10, 0x0, 0x0, 0x0, 0x0, 0x0, 0x0,
    0x0, 0x0, 0x0, 0x0, 0x0,

    /* U+53D1 "发" */
    0x0, 0x0, 0x0, 0x0, 0x0, 0x10, 0x0, 0x0,
    0x0, 0x0, 0x0, 0x0, 0x0, 0x40, 0x0, 0x4,
    0xfb, 0x0, 0x4e, 0x30, 0x0, 0x0, 0x0, 0x2,
    0xfe, 0x0, 0x6, 0xf9, 0x0, 0x5f, 0xe1, 0x0,
    0x0, 0x0, 0x5, 0xf9, 0x0, 0x9, 0xf4, 0x0,
    0x8, 0xfd, 0x10, 0x0, 0x0, 0x9, 0xf2, 0x0,
    0xd, 0xf0, 0x0, 0x0, 0xbf, 0x50, 0x0, 0x0,
    0xe, 0xc0, 0x0, 0xf, 0xc0, 0x0, 0x0, 0x14,
    0x0, 0x0, 0x0, 0xbf, 0xda, 0xaa, 0xbf, 0xda,
    0xaa, 0xaa, 0xaa, 0xaa, 0x90, 0x0, 0xdf, 0xff,
    0xff, 0xff, 0xff, 0xff, 0xff, 0xff, 0xff, 0xd0,
    0x0, 0x33, 0x10, 0x0, 0xee, 0x0, 0x0, 0x0,
    0x0, 0x0, 0x0, 0x0, 0x0, 0x0, 0x5, 0xf8,
    0x0, 0x0, 0x0, 0x0, 0x0, 0x0, 0x0, 0x0,
    0x0, 0xc, 0xf2, 0x0, 0x0, 0x0, 0x0, 0x0,
    0x0, 0x0, 0x0, 0x0, 0x5f, 0xff, 0xff, 0xff,
    0xff, 0xff, 0xa0, 0x0, 0x0, 0x0, 0x0, 0xef,
    0xf9, 0x88, 0x88, 0x88, 0xef, 0x20, 0x0, 0x0,
    0x0, 0xa, 0xfd, 0xfa, 0x0, 0x0, 0x3, 0xfa,
    0x0, 0x0, 0x0, 0x0, 0x6f, 0xe1, 0x9f, 0x50,
    0x0, 0xd, 0xe1, 0x0, 0x0, 0x0, 0x5, 0xff,
    0x40, 0xd, 0xf3, 0x0, 0xaf, 0x50, 0x0, 0x0,
    0x0, 0x5f, 0xf6, 0x0, 0x2, 0xfe, 0x29, 0xf8,
    0x0, 0x0, 0x0, 0x9, 0xff, 0x50, 0x0, 0x0,
    0x4f, 0xff, 0x90, 0x0, 0x0, 0x0, 0x7f, 0xe4,
    0x0, 0x0, 0x0, 0x7f, 0xff, 0x70, 0x0, 0x0,
    0x0, 0x6, 0x10, 0x0, 0x1, 0x7e, 0xfd, 0x7e,
    0xfe, 0x82, 0x0, 0x0, 0x0, 0x1, 0x58, 0xdf,
    0xfd, 0x60, 0x0, 0x8f, 0xff, 0xeb, 0x81, 0x0,
    0x1, 0xff, 0xfa, 0x40, 0x0, 0x0, 0x0, 0x6b,
    0xff, 0xa0, 0x0, 0x0, 0x65, 0x0, 0x0, 0x0,
    0x0, 0x0, 0x0, 0x4, 0x20,

    /* U+53E3 "口" */
    0x0, 0x0, 0x0, 0x0, 0x0, 0x0, 0x0, 0x0,
    0x0, 0xf, 0xff, 0xff, 0xff, 0xff, 0xff, 0xff,
    0xff, 0xf4, 0xf, 0xf8, 0x88, 0x88, 0x88, 0x88,
    0x88, 0x8d, 0xf3, 0xf, 0xe0, 0x0, 0x0, 0x0,
    0x0, 0x0, 0xa, 0xf3, 0xf, 0xe0, 0x0, 0x0,
    0x0, 0x0, 0x0, 0xa, 0xf3, 0xf, 0xe0, 0x0,
    0x0, 0x0, 0x0, 0x0, 0xa, 0xf3, 0xf, 0xe0,
    0x0, 0x0, 0x0, 0x0, 0x0, 0xa, 0xf3, 0xf,
    0xe0, 0x0, 0x0, 0x0, 0x0, 0x0, 0xa, 0xf3,
    0xf, 0xe0, 0x0, 0x0, 0x0, 0x0, 0x0, 0xa,
    0xf3, 0xf, 0xe0, 0x0, 0x0, 0x0, 0x0, 0x0,
    0xa, 0xf3, 0xf, 0xe0, 0x0, 0x0, 0x0, 0x0,
    0x0, 0xa, 0xf3, 0xf, 0xe0, 0x0, 0x0, 0x0,
    0x0, 0x0, 0xa, 0xf3, 0xf, 0xe0, 0x0, 0x0,
    0x0, 0x0, 0x0, 0xa, 0xf3, 0xf, 0xe0, 0x0,
    0x0, 0x0, 0x0, 0x0, 0xa, 0xf3, 0xf, 0xe0,
    0x0, 0x0, 0x0, 0x0, 0x0, 0xa, 0xf3, 0xf,
    0xff, 0xff, 0xff, 0xff, 0xff, 0xff, 0xff, 0xf3,
    0xf, 0xfa, 0xaa, 0xaa, 0xaa, 0xaa, 0xaa, 0xae,
    0xf3, 0xf, 0xe0, 0x0, 0x0, 0x0, 0x0, 0x0,
    0xa, 0xf3, 0xf, 0xe0, 0x0, 0x0, 0x0, 0x0,
    0x0, 0xa, 0xf4,

    /* U+53EF "可" */
    0x9b, 0xaa, 0xaa, 0xaa, 0xaa, 0xaa, 0xaa, 0xaa,
    0xaa, 0xaa, 0xb6, 0xcf, 0xff, 0xff, 0xff, 0xff,
    0xff, 0xff, 0xff, 0xff, 0xff, 0xf9, 0x0, 0x0,
    0x0, 0x0, 0x0, 0x0, 0x0, 0x2, 0xfe, 0x0,
    0x0, 0x0, 0x0, 0x0, 0x0, 0x0, 0x0, 0x0,
    0x2, 0xfe, 0x0, 0x0, 0x0, 0x0, 0x0, 0x0,
    0x0, 0x0, 0x0, 0x2, 0xfe, 0x0, 0x0, 0x0,
    0xc, 0xff, 0xff, 0xff, 0xff, 0x20, 0x2, 0xfe,
    0x0, 0x0, 0x0, 0xb, 0xf9, 0x88, 0x88, 0xef,
    0x10, 0x2, 0xfe, 0x0, 0x0, 0x0, 0xb, 0xf1,
    0x0, 0x0, 0xcf, 0x10, 0x2, 0xfe, 0x0, 0x0,
    0x0, 0xb, 0xf1, 0x0, 0x0, 0xcf, 0x10, 0x2,
    0xfe, 0x0, 0x0, 0x0, 0xb, 0xf1, 0x0, 0x0,
    0xcf, 0x10, 0x2, 0xfe, 0x0, 0x0, 0x0, 0xb,
    0xf1, 0x0, 0x0, 0xcf, 0x10, 0x2, 0xfe, 0x0,
    0x0, 0x0, 0xb, 0xf9, 0x88, 0x88, 0xef, 0x10,
    0x2, 0xfe, 0x0, 0x0, 0x0, 0xb, 0xff, 0xff,
    0xff, 0xff, 0x10, 0x2, 0xfe, 0x0, 0x0, 0x0,
    0xb, 0xf1, 0x0, 0x0, 0xcf, 0x10, 0x2, 0xfe,
    0x0, 0x0, 0x0, 0xb, 0xf1, 0x0, 0x0, 0xcf,
    0x20, 0x2, 0xfe, 0x0, 0x0, 0x0, 0xa, 0xd1,
    0x0, 0x0, 0x0, 0x0, 0x2, 0xfe, 0x0, 0x0,
    0x0, 0x0, 0x0, 0x0, 0x0, 0x0, 0x0, 0x2,
    0xfe, 0x0, 0x0, 0x0, 0x0, 0x0, 0x0, 0x0,
    0x0, 0x0, 0x3, 0xfe, 0x0, 0x0, 0x0, 0x0,
    0x0, 0x0, 0x0, 0x0, 0x89, 0xaf, 0xfc, 0x0,
    0x0, 0x0, 0x0, 0x0, 0x0, 0x0, 0x0, 0x8f,
    0xff, 0xe4, 0x0, 0x0, 0x0, 0x0, 0x0, 0x0,
    0x0, 0x0, 0x28, 0x63, 0x0, 0x0, 0x0,

    /* U+53F7 "号" */
    0x0, 0x0, 0x77, 0x77, 0x77, 0x77, 0x77, 0x77,
    0x74, 0x0, 0x0, 0x0, 0x0, 0xef, 0xff, 0xff,
    0xff, 0xff, 0xff, 0xf9, 0x0, 0x0, 0x0, 0x0,
    0xee, 0x0, 0x0, 0x0, 0x0, 0x4, 0xf8, 0x0,
    0x0, 0x0, 0x0, 0xee, 0x0, 0x0, 0x0, 0x0,
    0x4, 0xf8, 0x0, 0x0, 0x0, 0x0, 0xee, 0x0,
    0x0, 0x0, 0x0, 0x4, 0xf8, 0x0, 0x0, 0x0,
    0x0, 0xef, 0x77, 0x77, 0x77, 0x77, 0x79, 0xf9,
    0x0, 0x0, 0x0, 0x0, 0xff, 0xff, 0xff, 0xff,
    0xff, 0xff, 0xf9, 0x0, 0x0, 0x0, 0x0, 0x0,
    0x0, 0x0, 0x0, 0x0, 0x0, 0x0, 0x0, 0x0,
    0x0, 0x0, 0x0, 0x0, 0x0, 0x0, 0x0, 0x0,
    0x0, 0x0, 0x0, 0xdf, 0xff, 0xff, 0xff, 0xff,
    0xff, 0xff, 0xff, 0xff, 0xff, 0xf6, 0x89, 0x98,
    0x88, 0xff, 0x88, 0x88, 0x88, 0x88, 0x88, 0x89,
    0x93, 0x0, 0x0, 0x2, 0xfb, 0x0, 0x0, 0x0,
    0x0, 0x0, 0x0, 0x0, 0x0, 0x0, 0x6, 0xf6,
    0x0, 0x0, 0x0, 0x0, 0x0, 0x0, 0x0, 0x0,
    0x0, 0xb, 0xfa, 0x88, 0x88, 0x88, 0x88, 0x88,
    0x10, 0x0, 0x0, 0x0, 0x1f, 0xff, 0xff, 0xff,
    0xff, 0xff, 0xff, 0x0, 0x0, 0x0, 0x0, 0x0,
    0x0, 0x0, 0x0, 0x0, 0x2, 0xfd, 0x0, 0x0,
    0x0, 0x0, 0x0, 0x0, 0x0, 0x0, 0x0, 0x4,
    0xfa, 0x0, 0x0, 0x0, 0x0, 0x0, 0x0, 0x0,
    0x0, 0x0, 0x7, 0xf8, 0x0, 0x0, 0x0, 0x0,
    0x0, 0x0, 0x0, 0x0, 0x0, 0x2e, 0xf4, 0x0,
    0x0, 0x0, 0x0, 0x0, 0x0, 0x0, 0xdf, 0xff,
    0xff, 0xd0, 0x0, 0x0, 0x0, 0x0, 0x0, 0x0,
    0x0, 0x6f, 0xfd, 0xb8, 0x10, 0x0, 0x0, 0x0,
    0x0, 0x0, 0x0, 0x0, 0x0, 0x0, 0x0, 0x0,
    0x0, 0x0,

    /* U+5403 "吃" */
    0x0, 0x0, 0x0, 0x0, 0x0, 0x0, 0x10, 0x0,
    0x0, 0x0, 0x0, 0x0, 0x0, 0x0, 0x0, 0x0,
    0x0, 0x5f, 0x80, 0x0, 0x0, 0x0, 0x0, 0x0,
    0x0, 0x0, 0x0, 0x0, 0xb, 0xf5, 0x0, 0x0,
    0x0, 0x0, 0x0, 0xaa, 0xaa, 0xaa, 0x60, 0x1,
    0xfc, 0x0, 0x0, 0x0, 0x0, 0x0, 0x1f, 0xfd,
    0xdd, 0xf9, 0x0, 0x8f, 0xca, 0xaa, 0xaa, 0xab,
    0xb4, 0x0, 0xfb, 0x0, 0x1f, 0x80, 0x1f, 0xff,
    0xff, 0xff, 0xff, 0xff, 0x60, 0xf, 0xb0, 0x1,
    0xf8, 0x9, 0xf5, 0x0, 0x0, 0x0, 0x0, 0x0,
    0x0, 0xfb, 0x0, 0x1f, 0x83, 0xfc, 0x0, 0x0,
    0x0, 0x0, 0x0, 0x0, 0xf, 0xb0, 0x1, 0xf9,
    0xdf, 0x30, 0x0, 0x0, 0x0, 0x0, 0x0, 0x0,
    0xfb, 0x0, 0x1f, 0x89, 0x8e, 0xff, 0xff, 0xff,
    0xff, 0x40, 0x0, 0xf, 0xb0, 0x1, 0xf8, 0x0,
    0xab, 0xaa, 0xaa, 0xef, 0xf3, 0x0, 0x0, 0xfb,
    0x0, 0x1f, 0x80, 0x0, 0x0, 0x0, 0x8f, 0xd2,
    0x0, 0x0, 0xf, 0xb0, 0x1, 0xf8, 0x0, 0x0,
    0x0, 0x8f, 0xc1, 0x0, 0x0, 0x0, 0xfb, 0x0,
    0x1f, 0x80, 0x0, 0x0, 0x7f, 0xc1, 0x0, 0x0,
    0x0, 0xf, 0xff, 0xff, 0xf8, 0x0, 0x0, 0x6f,
    0xd1, 0x0, 0x0, 0x0, 0x0, 0xfd, 0x77, 0x7f,
    0x80, 0x0, 0x4f, 0xe1, 0x0, 0x0, 0x0, 0x0,
    0xf, 0xb0, 0x1, 0xf9, 0x0, 0x2f, 0xf3, 0x0,
    0x0, 0x0, 0x0, 0x0, 0xfb, 0x0, 0x1f, 0x90,
    0xb, 0xf5, 0x0, 0x0, 0x0, 0x9, 0x10, 0x1f,
    0xb0, 0x0, 0x21, 0x2, 0xfb, 0x0, 0x0, 0x0,
    0x2, 0xff, 0x0, 0x74, 0x0, 0x0, 0x0, 0x6f,
    0x80, 0x0, 0x0, 0x0, 0x8f, 0xb0, 0x0, 0x0,
    0x0, 0x0, 0x4, 0xff, 0xa9, 0x99, 0x99, 0xbf,
    0xf4, 0x0, 0x0, 0x0, 0x0, 0x0, 0x6, 0xce,
    0xee, 0xee, 0xee, 0xc5, 0x0,

    /* U+540E "后" */
    0x0, 0x0, 0x0, 0x0, 0x0, 0x0, 0x0, 0x0,
    0x0, 0x0, 0x0, 0x0, 0x0, 0x0, 0x0, 0x0,
    0x0, 0x0, 0x0, 0x24, 0x7a, 0xc0, 0x0, 0x0,
    0x0, 0x23, 0x44, 0x57, 0x8a, 0xcd, 0xff, 0xff,
    0xff, 0x80, 0x0, 0x0, 0xf, 0xff, 0xff, 0xff,
    0xfe, 0xdb, 0x97, 0x64, 0x21, 0x0, 0x0, 0x0,
    0xff, 0x54, 0x32, 0x10, 0x0, 0x0, 0x0, 0x0,
    0x0, 0x0, 0x0, 0xf, 0xe0, 0x0, 0x0, 0x0,
    0x0, 0x0, 0x0, 0x0, 0x0, 0x0, 0x0, 0xfe,
    0x0, 0x0, 0x0, 0x0, 0x0, 0x0, 0x0, 0x0,
    0x0, 0x0, 0xf, 0xfb, 0xbb, 0xbb, 0xbb, 0xbb,
    0xbb, 0xbb, 0xbc, 0xc5, 0x0, 0x0, 0xff, 0xff,
    0xff, 0xff, 0xff, 0xff, 0xff, 0xff, 0xff, 0x60,
    0x0, 0x1f, 0xd0, 0x0, 0x0, 0x0, 0x0, 0x0,
    0x0, 0x0, 0x0, 0x0, 0x1, 0xfc, 0x0, 0x0,
    0x0, 0x0, 0x0, 0x0, 0x0, 0x0, 0x0, 0x0,
    0x2f, 0xb0, 0x0, 0x0, 0x0, 0x0, 0x0, 0x0,
    0x0, 0x0, 0x0, 0x4, 0xf9, 0x2, 0xff, 0xff,
    0xff, 0xff, 0xff, 0xff, 0xb0, 0x0, 0x0, 0x6f,
    0x70, 0x2f, 0xd8, 0x88, 0x88, 0x88, 0x89, 0xfb,
    0x0, 0x0, 0x9, 0xf5, 0x1, 0xfb, 0x0, 0x0,
    0x0, 0x0, 0x2f, 0xa0, 0x0, 0x0, 0xcf, 0x10,
    0x1f, 0xb0, 0x0, 0x0, 0x0, 0x2, 0xfa, 0x0,
    0x0, 0x1f, 0xd0, 0x1, 0xfb, 0x0, 0x0, 0x0,
    0x0, 0x2f, 0xa0, 0x0, 0x6, 0xf9, 0x0, 0x1f,
    0xb0, 0x0, 0x0, 0x0, 0x2, 0xfa, 0x0, 0x0,
    0xef, 0x40, 0x1, 0xfd, 0x77, 0x77, 0x77, 0x77,
    0x8f, 0xa0, 0x0, 0x9f, 0xd0, 0x0, 0x1f, 0xff,
    0xff, 0xff, 0xff, 0xff, 0xfa, 0x0, 0x6, 0xd5,
    0x0, 0x2, 0xfb, 0x0, 0x0, 0x0, 0x0, 0x2f,
    0xb0, 0x0, 0x0, 0x0, 0x0, 0x2f, 0xb0, 0x0,
    0x0, 0x0, 0x2, 0xfc, 0x0, 0x0, 0x0, 0x0,
    0x0, 0x32, 0x0, 0x0, 0x0, 0x0, 0x0, 0x0,
    0x0,

    /* U+5417 "吗" */
    0x8, 0x88, 0x88, 0x86, 0x2e, 0xdd, 0xdd, 0xdd,
    0xdd, 0xd2, 0x0, 0xf, 0xff, 0xff, 0xfb, 0x2d,
    0xcc, 0xcc, 0xcc, 0xcf, 0xf1, 0x0, 0xf, 0xb0,
    0x0, 0xfb, 0x0, 0x0, 0x0, 0x0, 0xd, 0xf0,
    0x0, 0xf, 0xb0, 0x0, 0xfb, 0x0, 0x33, 0x0,
    0x0, 0xe, 0xe0, 0x0, 0xf, 0xb0, 0x0, 0xfa,
    0x0, 0xdf, 0x10, 0x0, 0xf, 0xd0, 0x0, 0xf,
    0xb0, 0x0, 0xfa, 0x0, 0xef, 0x0, 0x0, 0xf,
    0xc0, 0x0, 0xf, 0xb0, 0x0, 0xfa, 0x0, 0xfd,
    0x0, 0x0, 0x1f, 0xa0, 0x0, 0xf, 0xb0, 0x0,
    0xfa, 0x0, 0xfb, 0x0, 0x0, 0x3f, 0x90, 0x0,
    0xf, 0xb0, 0x0, 0xfa, 0x1, 0xfa, 0x0, 0x0,
    0x4f, 0x80, 0x0, 0xf, 0xb0, 0x0, 0xfa, 0x2,
    0xfd, 0xaa, 0xaa, 0xcf, 0xca, 0xa5, 0xf, 0xb0,
    0x0, 0xfa, 0x4, 0xff, 0xff, 0xff, 0xff, 0xff,
    0xf7, 0xf, 0xd7, 0x77, 0xfa, 0x0, 0x0, 0x0,
    0x0, 0x0, 0x8, 0xf5, 0xf, 0xfe, 0xee, 0xfb,
    0x0, 0x0, 0x0, 0x0, 0x0, 0x9, 0xf4, 0xf,
    0xb0, 0x0, 0xfb, 0x5a, 0xaa, 0xaa, 0xaa, 0xab,
    0x4b, 0xf2, 0xf, 0xb0, 0x0, 0xfb, 0x7e, 0xee,
    0xee, 0xee, 0xef, 0x5c, 0xf0, 0xf, 0xb0, 0x0,
    0x21, 0x0, 0x0, 0x0, 0x0, 0x0, 0xd, 0xf0,
    0xf, 0xb0, 0x0, 0x0, 0x0, 0x0, 0x0, 0x0,
    0x0, 0xf, 0xd0, 0x0, 0x0, 0x0, 0x0, 0x0,
    0x0, 0x0, 0x0, 0x0, 0x4f, 0xa0, 0x0, 0x0,
    0x0, 0x0, 0x0, 0x0, 0x0, 0x3, 0xab, 0xff,
    0x50, 0x0, 0x0, 0x0, 0x0, 0x0, 0x0, 0x0,
    0x0, 0xef, 0xf8, 0x0, 0x0, 0x0, 0x0, 0x0,
    0x0, 0x0, 0x0, 0x0, 0x43, 0x0, 0x0,

    /* U+5427 "吧" */
    0x0, 0x0, 0x0, 0x0, 0xb, 0xff, 0xff, 0xff,
    0xff, 0xff, 0xa0, 0x0, 0xff, 0xff, 0xff, 0x0,
    0xbf, 0x55, 0x5f, 0xd5, 0x56, 0xfa, 0x0, 0xf,
    0xd7, 0x7c, 0xf0, 0xb, 0xf0, 0x0, 0xec, 0x0,
    0x1f, 0xa0, 0x0, 0xfc, 0x0, 0xaf, 0x0, 0xbf,
    0x0, 0xe, 0xc0, 0x1, 0xfa, 0x0, 0xf, 0xc0,
    0xa, 0xf0, 0xb, 0xf0, 0x0, 0xec, 0x0, 0x1f,
    0xa0, 0x0, 0xfc, 0x0, 0xaf, 0x0, 0xbf, 0x0,
    0xe, 0xc0, 0x1, 0xfa, 0x0, 0xf, 0xc0, 0xa,
    0xf0, 0xb, 0xf0, 0x0, 0xec, 0x0, 0x1f, 0xa0,
    0x0, 0xfc, 0x0, 0xaf, 0x0, 0xbf, 0x0, 0xe,
    0xc0, 0x1, 0xfa, 0x0, 0xf, 0xc0, 0xa, 0xf0,
    0xb, 0xf0, 0x0, 0xec, 0x0, 0x2f, 0xa0, 0x0,
    0xfc, 0x0, 0xaf, 0x0, 0xbf, 0xff, 0xff, 0xff,
    0xff, 0xfa, 0x0, 0xf, 0xc0, 0xa, 0xf0, 0xb,
    0xf7, 0x77, 0x77, 0x77, 0x8f, 0xa0, 0x0, 0xfc,
    0x0, 0xaf, 0x0, 0xbf, 0x0, 0x0, 0x0, 0x1,
    0xb7, 0x0, 0xf, 0xff, 0xff, 0xf0, 0xb, 0xf0,
    0x0, 0x0, 0x0, 0x0, 0x0, 0x0, 0xfe, 0x88,
    0xdf, 0x0, 0xbf, 0x0, 0x0, 0x0, 0x0, 0x0,
    0x0, 0xf, 0xc0, 0xa, 0xf0, 0xb, 0xf0, 0x0,
    0x0, 0x0, 0x0, 0x0, 0x0, 0xfc, 0x0, 0x36,
    0x0, 0xbf, 0x0, 0x0, 0x0, 0x0, 0x9, 0x10,
    0xf, 0xc0, 0x0, 0x0, 0xa, 0xf0, 0x0, 0x0,
    0x0, 0x0, 0xff, 0x20, 0x10, 0x0, 0x0, 0x0,
    0x9f, 0x30, 0x0, 0x0, 0x0, 0x4f, 0xe0, 0x0,
    0x0, 0x0, 0x0, 0x4, 0xfe, 0x76, 0x66, 0x66,
    0x7e, 0xf8, 0x0, 0x0, 0x0, 0x0, 0x0, 0x6,
    0xdf, 0xff, 0xff, 0xff, 0xfb, 0x10,

    /* U+5468 "周" */
    0x0, 0x17, 0x77, 0x77, 0x77, 0x77, 0x77, 0x77,
    0x77, 0x77, 0x0, 0x3, 0xff, 0xff, 0xff, 0xff,
    0xff, 0xff, 0xff, 0xff, 0xf0, 0x0, 0x3f, 0xa0,
    0x0, 0x0, 0x56, 0x0, 0x0, 0x0, 0xdf, 0x0,
    0x2, 0xf9, 0x0, 0x0, 0xc, 0xf0, 0x0, 0x0,
    0xd, 0xe0, 0x0, 0x2f, 0x90, 0x11, 0x11, 0xcf,
    0x0, 0x11, 0x0, 0xde, 0x0, 0x2, 0xf9, 0x9,
    0xff, 0xff, 0xff, 0xff, 0xc0, 0xd, 0xe0, 0x0,
    0x2f, 0x90, 0x69, 0x99, 0xef, 0x88, 0x97, 0x0,
    0xde, 0x0, 0x2, 0xf9, 0x0, 0x0, 0xc, 0xf0,
    0x0, 0x0, 0xd, 0xe0, 0x0, 0x2f, 0x96, 0xba,
    0xaa, 0xef, 0xaa, 0xaa, 0xb1, 0xde, 0x0, 0x2,
    0xf8, 0x8f, 0xff, 0xff, 0xff, 0xff, 0xff, 0x1d,
    0xe0, 0x0, 0x4f, 0x80, 0x0, 0x0, 0x0, 0x0,
    0x0, 0x0, 0xde, 0x0, 0x5, 0xf7, 0x0, 0x0,
    0x0, 0x0, 0x0, 0x0, 0xd, 0xe0, 0x0, 0x7f,
    0x50, 0x2f, 0xff, 0xff, 0xff, 0xfa, 0x0, 0xde,
    0x0, 0x9, 0xf3, 0x1, 0xfd, 0x77, 0x77, 0x8f,
    0xa0, 0xd, 0xe0, 0x0, 0xcf, 0x10, 0x1f, 0xb0,
    0x0, 0x2, 0xfa, 0x0, 0xde, 0x0, 0xf, 0xe0,
    0x1, 0xfb, 0x0, 0x0, 0x2f, 0xa0, 0xd, 0xe0,
    0x4, 0xfb, 0x0, 0x2f, 0xd8, 0x88, 0x89, 0xfa,
    0x0, 0xde, 0x0, 0xaf, 0x60, 0x2, 0xff, 0xff,
    0xff, 0xff, 0xa0, 0xd, 0xe0, 0x2f, 0xf1, 0x0,
    0x0, 0x0, 0x0, 0x0, 0x0, 0x0, 0xee, 0xb,
    0xfb, 0x0, 0x0, 0x0, 0x0, 0x0, 0x1, 0xdd,
    0xff, 0xc0, 0x1c, 0x30, 0x0, 0x0, 0x0, 0x0,
    0x0, 0xb, 0xfe, 0xb3, 0x0, 0x0, 0x0, 0x0,
    0x0, 0x0, 0x0, 0x0, 0x0, 0x0, 0x0,

    /* U+54CD "响" */
    0x0, 0x0, 0x0, 0x0, 0x0, 0x0, 0x76, 0x20,
    0x0, 0x0, 0x0, 0x0, 0x0, 0x0, 0x0, 0x0,
    0x0, 0xef, 0x40, 0x0, 0x0, 0x0, 0x0, 0x0,
    0x0, 0x0, 0x0, 0x1, 0xfe, 0x0, 0x0, 0x0,
    0x0, 0xe, 0xee, 0xee, 0x90, 0x23, 0x37, 0xfb,
    0x33, 0x33, 0x33, 0x30, 0xf, 0xd8, 0x8f, 0xa0,
    0xcf, 0xff, 0xff, 0xff, 0xff, 0xff, 0xf0, 0xf,
    0x90, 0xe, 0x90, 0xcf, 0x43, 0x33, 0x33, 0x33,
    0x3e, 0xf0, 0xf, 0x90, 0xe, 0x90, 0xbf, 0x10,
    0x0, 0x0, 0x0, 0xe, 0xf0, 0xf, 0x90, 0xe,
    0x90, 0xbf, 0x10, 0x0, 0x0, 0x0, 0xe, 0xf0,
    0xf, 0x90, 0xe, 0x90, 0xbf, 0x10, 0x88, 0x88,
    0x84, 0xe, 0xf0, 0xf, 0x90, 0xe, 0x90, 0xbf,
    0x11, 0xff, 0xff, 0xf8, 0xe, 0xf0, 0xf, 0x90,
    0xe, 0x90, 0xbf, 0x11, 0xf9, 0x1, 0xf8, 0xe,
    0xf0, 0xf, 0x90, 0xe, 0x90, 0xbf, 0x11, 0xf9,
    0x1, 0xf8, 0xe, 0xf0, 0xf, 0x90, 0xe, 0x90,
    0xbf, 0x11, 0xf9, 0x1, 0xf8, 0xe, 0xf0, 0xf,
    0x90, 0xe, 0x90, 0xbf, 0x11, 0xf9, 0x1, 0xf8,
    0xe, 0xf0, 0xf, 0xc6, 0x6f, 0x90, 0xbf, 0x11,
    0xf9, 0x1, 0xf8, 0xe, 0xf0, 0xf, 0xfe, 0xef,
    0x90, 0xbf, 0x11, 0xff, 0xff, 0xf8, 0xe, 0xf0,
    0xf, 0x90, 0xe, 0xa0, 0xbf, 0x10, 0x77, 0x77,
    0x73, 0xe, 0xf0, 0xf, 0x90, 0xb, 0x70, 0xbf,
    0x10, 0x0, 0x0, 0x0, 0xe, 0xf0, 0x1f, 0x90,
    0x0, 0x0, 0xbf, 0x10, 0x0, 0x0, 0x0, 0xe,
    0xf0, 0x0, 0x0, 0x0, 0x0, 0xbf, 0x10, 0x0,
    0x0, 0x12, 0x4f, 0xf0, 0x0, 0x0, 0x0, 0x0,
    0xcf, 0x10, 0x0, 0x0, 0x2f, 0xff, 0xb0, 0x0,
    0x0, 0x0, 0x0, 0xcf, 0x10, 0x0, 0x0, 0x9,
    0xb7, 0x0,

    /* U+559D "喝" */
    0x0, 0x0, 0x0, 0x0, 0xb, 0xff, 0xff, 0xff,
    0xff, 0xff, 0xc0, 0x9, 0xdd, 0xdd, 0xd9, 0x0,
    0xbf, 0x77, 0x77, 0x77, 0x78, 0xfc, 0x0, 0xaf,
    0xbb, 0xbf, 0xa0, 0xb, 0xf0, 0x0, 0x0, 0x0,
    0x1f, 0xc0, 0xa, 0xf1, 0x1, 0xfa, 0x0, 0xbf,
    0x77, 0x77, 0x77, 0x78, 0xfc, 0x0, 0xaf, 0x10,
    0x1f, 0xa0, 0xb, 0xff, 0xff, 0xff, 0xff, 0xff,
    0xc0, 0x9, 0xf1, 0x1, 0xf9, 0x0, 0xbf, 0x0,
    0x0, 0x0, 0x2, 0xfc, 0x0, 0x9f, 0x10, 0x1f,
    0x90, 0xb, 0xf3, 0x33, 0x33, 0x33, 0x4f, 0xc0,
    0x9, 0xf1, 0x1, 0xf9, 0x0, 0xcf, 0xff, 0xff,
    0xff, 0xff, 0xfd, 0x0, 0x9f, 0x10, 0x1f, 0x90,
    0x2, 0x3a, 0xf8, 0x33, 0x33, 0x33, 0x20, 0x9,
    0xf1, 0x1, 0xf9, 0x0, 0x2, 0xfe, 0x10, 0x0,
    0x0, 0x0, 0x0, 0x9f, 0x10, 0x1f, 0x90, 0x1,
    0xdf, 0xff, 0xff, 0xff, 0xff, 0xff, 0x29, 0xf1,
    0x1, 0xf9, 0x3, 0xef, 0xb8, 0x8e, 0xf8, 0x88,
    0x8e, 0xf1, 0x9f, 0x10, 0x1f, 0x97, 0xff, 0x80,
    0x1, 0xfc, 0x0, 0x0, 0xdf, 0x19, 0xf6, 0x56,
    0xfa, 0x8f, 0xb8, 0x0, 0x7f, 0xf6, 0x0, 0xd,
    0xf0, 0x9f, 0xff, 0xff, 0xa0, 0x2b, 0xf0, 0x1e,
    0xdb, 0xfc, 0x20, 0xef, 0xa, 0xf1, 0x1, 0xfb,
    0x0, 0xbf, 0x1d, 0xf3, 0x9, 0xfd, 0xe, 0xf0,
    0xaf, 0x10, 0x9, 0x60, 0xb, 0xf8, 0xf8, 0x0,
    0x8, 0x20, 0xfe, 0x8, 0xc0, 0x0, 0x0, 0x0,
    0xbf, 0x6, 0x1, 0x20, 0x0, 0x1f, 0xd0, 0x0,
    0x0, 0x0, 0x0, 0xc, 0xff, 0xff, 0xfd, 0x0,
    0x5, 0xfb, 0x0, 0x0, 0x0, 0x0, 0x0, 0x57,
    0x77, 0x77, 0x73, 0x9a, 0xff, 0x70, 0x0, 0x0,
    0x0, 0x0, 0x0, 0x0, 0x0, 0x0, 0xf, 0xff,
    0xc1, 0x0, 0x0, 0x0, 0x0, 0x0, 0x0, 0x0,
    0x0, 0x0, 0x66, 0x30, 0x0,

    /* U+56DB "四" */
    0xdf, 0xff, 0xff, 0xff, 0xff, 0xff, 0xff, 0xff,
    0xff, 0xf2, 0xdf, 0x98, 0x88, 0xaf, 0xc8, 0x9f,
    0xd8, 0x88, 0x8e, 0xf2, 0xcf, 0x10, 0x0, 0x4f,
    0x80, 0x1f, 0xb0, 0x0, 0xc, 0xf1, 0xcf, 0x10,
    0x0, 0x4f, 0x70, 0x1f, 0xb0, 0x0, 0xc, 0xf1,
    0xcf, 0x10, 0x0, 0x5f, 0x60, 0x1f, 0xb0, 0x0,
    0xc, 0xf1, 0xcf, 0x10, 0x0, 0x7f, 0x50, 0x1f,
    0xb0, 0x0, 0xc, 0xf1, 0xcf, 0x10, 0x0, 0x9f,
    0x20, 0x1f, 0xb0, 0x0, 0xc, 0xf1, 0xcf, 0x10,
    0x0, 0xee, 0x0, 0x1f, 0xb0, 0x0, 0xc, 0xf1,
    0xcf, 0x10, 0x4, 0xfa, 0x0, 0x1f, 0xb0, 0x0,
    0xc, 0xf1, 0xcf, 0x10, 0xc, 0xf3, 0x0, 0x1f,
    0xb0, 0x0, 0xc, 0xf1, 0xcf, 0x10, 0x7f, 0xa0,
    0x0, 0x1f, 0xd2, 0x12, 0x1c, 0xf1, 0xcf, 0x15,
    0xfe, 0x10, 0x0, 0xe, 0xff, 0xff, 0x3c, 0xf1,
    0xcf, 0x3e, 0xf4, 0x0, 0x0, 0x3, 0x89, 0x99,
    0xc, 0xf1, 0xcf, 0x12, 0x50, 0x0, 0x0, 0x0,
    0x0, 0x0, 0xc, 0xf1, 0xcf, 0x10, 0x0, 0x0,
    0x0, 0x0, 0x0, 0x0, 0xc, 0xf1, 0xcf, 0x10,
    0x0, 0x0, 0x0, 0x0, 0x0, 0x0, 0xc, 0xf1,
    0xcf, 0xaa, 0xaa, 0xaa, 0xaa, 0xaa, 0xaa, 0xaa,
    0xae, 0xf1, 0xcf, 0xff, 0xff, 0xff, 0xff, 0xff,
    0xff, 0xff, 0xff, 0xf1, 0xdf, 0x10, 0x0, 0x0,
    0x0, 0x0, 0x0, 0x0, 0xc, 0xf2, 0xdf, 0x10,
    0x0, 0x0, 0x0, 0x0, 0x0, 0x0, 0xc, 0xf2,
    0x23, 0x0, 0x0, 0x0, 0x0, 0x0, 0x0, 0x0,
    0x0, 0x0,

    /* U+56DE "回" */
    0x0, 0x0, 0x0, 0x0, 0x0, 0x0, 0x0, 0x0,
    0x0, 0x0, 0x2f, 0xff, 0xff, 0xff, 0xff, 0xff,
    0xff, 0xff, 0xff, 0xf2, 0x1f, 0xd8, 0x88, 0x88,
    0x88, 0x88, 0x88, 0x88, 0x8d, 0xf2, 0x1f, 0xb0,
    0x0, 0x0, 0x0, 0x0, 0x0, 0x0, 0xb, 0xf2,
    0x1f, 0xb0, 0x0, 0x0, 0x0, 0x0, 0x0, 0x0,
    0xb, 0xf1, 0x1f, 0xb0, 0x0, 0x0, 0x0, 0x0,
    0x0, 0x0, 0xb, 0xf1, 0x1f, 0xb0, 0x0, 0xff,
    0xff, 0xff, 0xff, 0x30, 0xb, 0xf1, 0x1f, 0xb0,
    0x0, 0xfd, 0x77, 0x77, 0xcf, 0x20, 0xb, 0xf1,
    0x1f, 0xb0, 0x0, 0xfb, 0x0, 0x0, 0xaf, 0x20,
    0xb, 0xf1, 0x1f, 0xb0, 0x0, 0xfb, 0x0, 0x0,
    0xaf, 0x20, 0xb, 0xf1, 0x1f, 0xb0, 0x0, 0xfb,
    0x0, 0x0, 0xaf, 0x20, 0xb, 0xf1, 0x1f, 0xb0,
    0x0, 0xfb, 0x0, 0x0, 0xaf, 0x20, 0xb, 0xf1,
    0x1f, 0xb0, 0x0, 0xff, 0xff, 0xff, 0xff, 0x20,
    0xb, 0xf1, 0x1f, 0xb0, 0x0, 0xaa, 0xaa, 0xaa,
    0xaa, 0x20, 0xb, 0xf1, 0x1f, 0xb0, 0x0, 0x0,
    0x0, 0x0, 0x0, 0x0, 0xb, 0xf1, 0x1f, 0xb0,
    0x0, 0x0, 0x0, 0x0, 0x0, 0x0, 0xb, 0xf1,
    0x1f, 0xb0, 0x0, 0x0, 0x0, 0x0, 0x0, 0x0,
    0xb, 0xf1, 0x1f, 0xff, 0xff, 0xff, 0xff, 0xff,
    0xff, 0xff, 0xff, 0xf2, 0x1f, 0xd8, 0x88, 0x88,
    0x88, 0x88, 0x88, 0x88, 0x8d, 0xf2, 0x2f, 0xa0,
    0x0, 0x0, 0x0, 0x0, 0x0, 0x0, 0xb, 0xf2,
    0x18, 0x50, 0x0, 0x0, 0x0, 0x0, 0x0, 0x0,
    0x6, 0x81,

    /* U+5733 "圳" */
    0x0, 0x0, 0x56, 0x0, 0x0, 0x0, 0x0, 0x0,
    0x0, 0x0, 0x0, 0x0, 0x0, 0xdf, 0x0, 0x0,
    0x8a, 0x30, 0x0, 0x0, 0x1, 0xfb, 0x0, 0x0,
    0xdf, 0x0, 0x0, 0xbf, 0x40, 0x2, 0x20, 0x0,
    0xfb, 0x0, 0x0, 0xcf, 0x0, 0x0, 0xaf, 0x30,
    0xf, 0xd0, 0x0, 0xfb, 0x0, 0x0, 0xcf, 0x0,
    0x0, 0x9f, 0x30, 0xf, 0xc0, 0x0, 0xfb, 0x0,
    0x0, 0xcf, 0x0, 0x0, 0x8f, 0x30, 0xe, 0xc0,
    0x0, 0xfb, 0x4, 0x76, 0xdf, 0x77, 0x50, 0x8f,
    0x20, 0xe, 0xc0, 0x0, 0xfb, 0x8, 0xff, 0xff,
    0xff, 0xb0, 0x8f, 0x20, 0xe, 0xc0, 0x0, 0xfb,
    0x0, 0x0, 0xcf, 0x0, 0x0, 0x8f, 0x20, 0xe,
    0xc0, 0x0, 0xfb, 0x0, 0x0, 0xcf, 0x0, 0x0,
    0x9f, 0x20, 0xe, 0xc0, 0x0, 0xfb, 0x0, 0x0,
    0xcf, 0x0, 0x0, 0x9f, 0x10, 0xe, 0xc0, 0x0,
    0xfb, 0x0, 0x0, 0xcf, 0x0, 0x0, 0xaf, 0x0,
    0xe, 0xc0, 0x0, 0xfb, 0x0, 0x0, 0xcf, 0x0,
    0x0, 0xcf, 0x0, 0xe, 0xc0, 0x0, 0xfb, 0x0,
    0x0, 0xcf, 0x0, 0x0, 0xfe, 0x0, 0xe, 0xc0,
    0x0, 0xfb, 0x0, 0x0, 0xcf, 0x38, 0x32, 0xfc,
    0x0, 0xe, 0xc0, 0x0, 0xfb, 0x0, 0x37, 0xef,
    0xff, 0x45, 0xf9, 0x0, 0xe, 0xc0, 0x0, 0xfb,
    0x1f, 0xff, 0xfa, 0x62, 0xa, 0xf5, 0x0, 0xe,
    0xc0, 0x0, 0xfb, 0xb, 0xa5, 0x0, 0x0, 0x1f,
    0xf0, 0x0, 0xf, 0xd0, 0x0, 0xfb, 0x0, 0x0,
    0x0, 0x0, 0x9f, 0x80, 0x0, 0xf, 0xd0, 0x0,
    0xfb, 0x0, 0x0, 0x0, 0x6, 0xff, 0x10, 0x0,
    0x2, 0x10, 0x0, 0xfb, 0x0, 0x0, 0x0, 0xa,
    0xf5, 0x0, 0x0, 0x0, 0x0, 0x1, 0xfb, 0x0,
    0x0, 0x0, 0x0, 0x20, 0x0, 0x0, 0x0, 0x0,
    0x0, 0x43,

    /* U+5747 "均" */
    0x0, 0x0, 0x21, 0x0, 0x0, 0x0, 0x42, 0x0,
    0x0, 0x0, 0x0, 0x0, 0x2, 0xfd, 0x0, 0x0,
    0x0, 0xef, 0x40, 0x0, 0x0, 0x0, 0x0, 0x1,
    0xfd, 0x0, 0x0, 0x2, 0xfc, 0x0, 0x0, 0x0,
    0x0, 0x0, 0x1, 0xfc, 0x0, 0x0, 0x7, 0xf5,
    0x0, 0x0, 0x0, 0x0, 0x0, 0x1, 0xfc, 0x0,
    0x0, 0xc, 0xf8, 0x77, 0x77, 0x77, 0x72, 0x0,
    0x1, 0xfc, 0x0, 0x0, 0x2f, 0xff, 0xff, 0xff,
    0xff, 0xf4, 0x3a, 0x9a, 0xfe, 0x9a, 0x70, 0x9f,
    0x62, 0x22, 0x22, 0x2a, 0xf4, 0x4f, 0xff, 0xff,
    0xff, 0xb1, 0xfe, 0x0, 0x0, 0x0, 0xa, 0xf3,
    0x2, 0x12, 0xfc, 0x12, 0x18, 0xf7, 0x18, 0x0,
    0x0, 0xa, 0xf3, 0x0, 0x1, 0xfc, 0x0, 0x2f,
    0xe0, 0x9f, 0x90, 0x0, 0xb, 0xf2, 0x0, 0x1,
    0xfc, 0x0, 0x19, 0x60, 0xd, 0xf5, 0x0, 0xb,
    0xf2, 0x0, 0x1, 0xfc, 0x0, 0x0, 0x0, 0x2,
    0xfa, 0x0, 0xc, 0xf1, 0x0, 0x1, 0xfc, 0x0,
    0x0, 0x0, 0x0, 0x30, 0x63, 0xc, 0xf1, 0x0,
    0x1, 0xfc, 0x0, 0x0, 0x0, 0x0, 0xa, 0xf9,
    0xc, 0xf0, 0x0, 0x1, 0xfc, 0x0, 0x10, 0x0,
    0x3, 0xdf, 0xb1, 0xd, 0xf0, 0x0, 0x1, 0xfd,
    0x8e, 0x90, 0x0, 0x9f, 0xf6, 0x0, 0xd, 0xf0,
    0x3, 0x6b, 0xff, 0xfd, 0x60, 0x6e, 0xfc, 0x20,
    0x0, 0xe, 0xf0, 0xaf, 0xff, 0xd8, 0x20, 0x0,
    0xaf, 0x90, 0x0, 0x0, 0xe, 0xe0, 0x4f, 0x93,
    0x0, 0x0, 0x0, 0x15, 0x0, 0x0, 0x0, 0xf,
    0xe0, 0x1, 0x0, 0x0, 0x0, 0x0, 0x0, 0x0,
    0x3, 0x34, 0x9f, 0xc0, 0x0, 0x0, 0x0, 0x0,
    0x0, 0x0, 0x0, 0x9, 0xff, 0xff, 0x70, 0x0,
    0x0, 0x0, 0x0, 0x0, 0x0, 0x0, 0x4, 0xed,
    0xa5, 0x0,

    /* U+5750 "坐" */
    0x0, 0x0, 0x0, 0x0, 0x0, 0x21, 0x0, 0x0,
    0x0, 0x0, 0x0, 0x0, 0x0, 0x0, 0x0, 0x1,
    0xfe, 0x0, 0x0, 0x0, 0x0, 0x0, 0x0, 0x0,
    0x0, 0x0, 0x0, 0xfd, 0x0, 0x0, 0x30, 0x0,
    0x0, 0x0, 0x0, 0xbc, 0x50, 0x0, 0xfd, 0x0,
    0x0, 0xef, 0x30, 0x0, 0x0, 0x0, 0xff, 0x20,
    0x0, 0xfd, 0x0, 0x2, 0xfd, 0x0, 0x0, 0x0,
    0x4, 0xfb, 0x0, 0x0, 0xfd, 0x0, 0x7, 0xf7,
    0x0, 0x0, 0x0, 0xa, 0xf8, 0x0, 0x0, 0xfd,
    0x0, 0xd, 0xf4, 0x0, 0x0, 0x0, 0x1f, 0xff,
    0x50, 0x0, 0xfd, 0x0, 0x4f, 0xff, 0x40, 0x0,
    0x0, 0x7f, 0xae, 0xf5, 0x0, 0xfd, 0x0, 0xbf,
    0x8f, 0xf4, 0x0, 0x1, 0xef, 0x13, 0xff, 0x30,
    0xfd, 0x3, 0xfc, 0x3, 0xff, 0x50, 0x9, 0xf8,
    0x0, 0x6f, 0xd0, 0xfd, 0xd, 0xf4, 0x0, 0x4f,
    0xf2, 0x4f, 0xe0, 0x0, 0xa, 0x20, 0xfd, 0x7f,
    0xb0, 0x0, 0x6, 0x50, 0x1a, 0x40, 0x0, 0x0,
    0x0, 0xfd, 0x7, 0x10, 0x0, 0x0, 0x0, 0x0,
    0x0, 0x0, 0x0, 0x0, 0xfd, 0x0, 0x0, 0x0,
    0x0, 0x0, 0x0, 0x4a, 0xaa, 0xaa, 0xaa, 0xff,
    0xaa, 0xaa, 0xaa, 0xb4, 0x0, 0x0, 0x6f, 0xee,
    0xee, 0xee, 0xff, 0xee, 0xee, 0xee, 0xf6, 0x0,
    0x0, 0x0, 0x0, 0x0, 0x0, 0xfd, 0x0, 0x0,
    0x0, 0x0, 0x0, 0x0, 0x0, 0x0, 0x0, 0x0,
    0xfd, 0x0, 0x0, 0x0, 0x0, 0x0, 0x0, 0x0,
    0x0, 0x0, 0x0, 0xfd, 0x0, 0x0, 0x0, 0x0,
    0x0, 0x11, 0x11, 0x0, 0x0, 0x1, 0xfd, 0x0,
    0x0, 0x0, 0x1, 0x10, 0x8f, 0xff, 0xff, 0xff,
    0xff, 0xff, 0xff, 0xff, 0xff, 0xff, 0xf6, 0x48,
    0x87, 0x77, 0x77, 0x77, 0x77, 0x77, 0x77, 0x77,
    0x77, 0x83,

    /* U+5907 "备" */
    0x0, 0x0, 0x0, 0x0, 0x96, 0x0, 0x0, 0x0,
    0x0, 0x0, 0x0, 0x0, 0x0, 0x0, 0x0, 0x4f,
    0xe1, 0x0, 0x0, 0x0, 0x0, 0x0, 0x0, 0x0,
    0x0, 0x0, 0xd, 0xf3, 0x11, 0x11, 0x11, 0x11,
    0x10, 0x0, 0x0, 0x0, 0x0, 0x9, 0xff, 0xff,
    0xff, 0xff, 0xff, 0xfb, 0x0, 0x0, 0x0, 0x0,
    0x6, 0xff, 0x54, 0x44, 0x44, 0x45, 0xff, 0x20,
    0x0, 0x0, 0x0, 0x4, 0xff, 0xfd, 0x10, 0x0,
    0x0, 0xcf, 0x50, 0x0, 0x0, 0x0, 0x6, 0xff,
    0x35, 0xfe, 0x30, 0x0, 0xbf, 0x80, 0x0, 0x0,
    0x0, 0x0, 0x9e, 0x30, 0x4, 0xff, 0x61, 0xcf,
    0x80, 0x0, 0x0, 0x0, 0x0, 0x0, 0x10, 0x0,
    0x3, 0xef, 0xff, 0x60, 0x0, 0x0, 0x0, 0x0,
    0x0, 0x0, 0x0, 0x2, 0x8f, 0xff, 0xf8, 0x30,
    0x0, 0x0, 0x0, 0x0, 0x0, 0x25, 0x9d, 0xff,
    0xc5, 0x6d, 0xff, 0xeb, 0x97, 0x55, 0x50, 0x9d,
    0xff, 0xff, 0xc7, 0x20, 0x0, 0x3, 0x8d, 0xff,
    0xff, 0xf9, 0x4, 0xfc, 0x8c, 0x87, 0x77, 0x77,
    0x77, 0x77, 0x77, 0x94, 0x79, 0x20, 0x0, 0x0,
    0xff, 0xff, 0xff, 0xff, 0xff, 0xff, 0xfe, 0x0,
    0x0, 0x0, 0x0, 0xf, 0xc0, 0x0, 0xe, 0xc0,
    0x0, 0xd, 0xe0, 0x0, 0x0, 0x0, 0x0, 0xfc,
    0x0, 0x0, 0xec, 0x0, 0x0, 0xde, 0x0, 0x0,
    0x0, 0x0, 0xf, 0xff, 0xff, 0xff, 0xff, 0xff,
    0xff, 0xe0, 0x0, 0x0, 0x0, 0x0, 0xfd, 0x77,
    0x77, 0xfd, 0x77, 0x77, 0xee, 0x0, 0x0, 0x0,
    0x0, 0xf, 0xc0, 0x0, 0xe, 0xc0, 0x0, 0xd,
    0xe0, 0x0, 0x0, 0x0, 0x0, 0xfd, 0x77, 0x77,
    0xfd, 0x77, 0x77, 0xee, 0x0, 0x0, 0x0, 0x0,
    0xf, 0xff, 0xff, 0xff, 0xff, 0xff, 0xff, 0xe0,
    0x0, 0x0, 0x0, 0x0, 0xfc, 0x0, 0x0, 0x0,
    0x0, 0x0, 0xdf, 0x0, 0x0,

    /* U+590D "复" */
    0x0, 0x0, 0x0, 0x81, 0x0, 0x0, 0x0, 0x0,
    0x0, 0x0, 0x0, 0x0, 0x0, 0x0, 0x7f, 0xc0,
    0x0, 0x0, 0x0, 0x0, 0x0, 0x0, 0x0, 0x0,
    0x0, 0x2f, 0xf8, 0x77, 0x77, 0x77, 0x77, 0x77,
    0x78, 0x50, 0x0, 0x0, 0x1d, 0xff, 0xff, 0xff,
    0xff, 0xff, 0xff, 0xff, 0xfa, 0x0, 0x0, 0x1c,
    0xf7, 0x0, 0x0, 0x0, 0x0, 0x0, 0x0, 0x0,
    0x0, 0x0, 0x2d, 0xfc, 0x77, 0x77, 0x77, 0x77,
    0x77, 0x77, 0x74, 0x0, 0x0, 0x7f, 0xf8, 0x9f,
    0xff, 0xff, 0xff, 0xff, 0xff, 0xff, 0x90, 0x0,
    0x3, 0xe6, 0x9, 0xf1, 0x0, 0x0, 0x0, 0x0,
    0x1, 0xf9, 0x0, 0x0, 0x1, 0x0, 0x9f, 0x77,
    0x77, 0x77, 0x77, 0x77, 0x8f, 0x90, 0x0, 0x0,
    0x0, 0x9, 0xff, 0xff, 0xff, 0xff, 0xff, 0xff,
    0xf9, 0x0, 0x0, 0x0, 0x0, 0x9f, 0x10, 0x0,
    0x0, 0x0, 0x0, 0x1f, 0x90, 0x0, 0x0, 0x0,
    0xa, 0xff, 0xff, 0xff, 0xff, 0xff, 0xff, 0xf9,
    0x0, 0x0, 0x0, 0x0, 0x57, 0xaf, 0xe7, 0x77,
    0x77, 0x77, 0x77, 0x40, 0x0, 0x0, 0x0, 0x0,
    0xc, 0xf4, 0x0, 0x0, 0x0, 0x0, 0x0, 0x0,
    0x0, 0x0, 0x0, 0xa, 0xff, 0xff, 0xff, 0xff,
    0xff, 0xfd, 0x10, 0x0, 0x0, 0x0, 0xa, 0xfc,
    0xd7, 0x77, 0x77, 0x78, 0xff, 0x40, 0x0, 0x0,
    0x0, 0x2c, 0xfb, 0x9f, 0xc1, 0x0, 0x0, 0xcf,
    0x70, 0x0, 0x0, 0x0, 0x2f, 0xf8, 0x0, 0xaf,
    0xe5, 0x1, 0xcf, 0x70, 0x0, 0x0, 0x0, 0x0,
    0x34, 0x0, 0x0, 0x5e, 0xfc, 0xef, 0x60, 0x0,
    0x0, 0x0, 0x0, 0x0, 0x0, 0x0, 0x3, 0x9f,
    0xff, 0xe8, 0x41, 0x0, 0x0, 0x0, 0x5, 0x56,
    0x8a, 0xdf, 0xff, 0xa5, 0x9e, 0xff, 0xfe, 0xca,
    0x97, 0x0, 0xdf, 0xff, 0xeb, 0x84, 0x0, 0x0,
    0x2, 0x69, 0xdf, 0xff, 0x80, 0x3, 0x53, 0x10,
    0x0, 0x0, 0x0, 0x0, 0x0, 0x0, 0x2, 0x41,
    0x0,

    /* U+5915 "夕" */
    0x0, 0x0, 0x0, 0x0, 0x55, 0x0, 0x0, 0x0,
    0x0, 0x0, 0x0, 0x0, 0x0, 0x0, 0xc, 0xf7,
    0x0, 0x0, 0x0, 0x0, 0x0, 0x0, 0x0, 0x0,
    0x3, 0xfd, 0x0, 0x0, 0x0, 0x0, 0x0, 0x0,
    0x0, 0x0, 0x0, 0xbf, 0x40, 0x0, 0x0, 0x0,
    0x0, 0x0, 0x0, 0x0, 0x0, 0x4f, 0xf8, 0x88,
    0x88, 0x88, 0x88, 0x88, 0x20, 0x0, 0x0, 0xd,
    0xff, 0xff, 0xff, 0xff, 0xff, 0xff, 0xf2, 0x0,
    0x0, 0x7, 0xfa, 0x0, 0x0, 0x0, 0x0, 0x1,
    0xff, 0x0, 0x0, 0x2, 0xfe, 0x10, 0x0, 0x0,
    0x0, 0x0, 0x3f, 0xc0, 0x0, 0x1, 0xdf, 0x50,
    0x0, 0x0, 0x0, 0x0, 0x8, 0xf8, 0x0, 0x0,
    0xcf, 0x90, 0x0, 0x0, 0x0, 0x0, 0x0, 0xdf,
    0x30, 0x0, 0xbf, 0xc0, 0x0, 0xda, 0x10, 0x0,
    0x0, 0x4f, 0xd0, 0x0, 0x2c, 0xd1, 0x0, 0x3e,
    0xfe, 0x40, 0x0, 0xd, 0xf5, 0x0, 0x0, 0x1,
    0x0, 0x0, 0x1a, 0xff, 0x80, 0x7, 0xfc, 0x0,
    0x0, 0x0, 0x0, 0x0, 0x0, 0x7, 0xff, 0xb4,
    0xff, 0x20, 0x0, 0x0, 0x0, 0x0, 0x0, 0x0,
    0x4, 0xff, 0xff, 0x60, 0x0, 0x0, 0x0, 0x0,
    0x0, 0x0, 0x0, 0x8, 0xff, 0x80, 0x0, 0x0,
    0x0, 0x0, 0x0, 0x0, 0x0, 0x8, 0xff, 0x70,
    0x0, 0x0, 0x0, 0x0, 0x0, 0x0, 0x0, 0x4d,
    0xfe, 0x40, 0x0, 0x0, 0x0, 0x0, 0x0, 0x0,
    0x16, 0xcf, 0xfa, 0x10, 0x0, 0x0, 0x0, 0x0,
    0x0, 0x37, 0xcf, 0xff, 0xb3, 0x0, 0x0, 0x0,
    0x0, 0x0, 0xc, 0xff, 0xff, 0xd8, 0x20, 0x0,
    0x0, 0x0, 0x0, 0x0, 0x0, 0x2f, 0xb7, 0x30,
    0x0, 0x0, 0x0, 0x0, 0x0, 0x0, 0x0, 0x0,
    0x0, 0x0, 0x0, 0x0, 0x0, 0x0, 0x0, 0x0,
    0x0, 0x0,

    /* U+5916 "外" */
    0x0, 0x0, 0x0, 0x0, 0x0, 0x0, 0x0, 0x11,
    0x0, 0x0, 0x0, 0x0, 0x0, 0x0, 0x2b, 0x60,
    0x0, 0x0, 0x1f, 0xf0, 0x0, 0x0, 0x0, 0x0,
    0x0, 0x6, 0xfd, 0x0, 0x0, 0x0, 0xfe, 0x0,
    0x0, 0x0, 0x0, 0x0, 0x0, 0xbf, 0x40, 0x0,
    0x0, 0xf, 0xe0, 0x0, 0x0, 0x0, 0x0, 0x0,
    0xf, 0xd0, 0x0, 0x0, 0x0, 0xfe, 0x0, 0x0,
    0x0, 0x0, 0x0, 0x6, 0xff, 0xff, 0xff, 0xf5,
    0xf, 0xe0, 0x0, 0x0, 0x0, 0x0, 0x0, 0xcf,
    0xaa, 0xaa, 0xef, 0x30, 0xfe, 0x0, 0x0, 0x0,
    0x0, 0x0, 0x5f, 0x90, 0x0, 0xe, 0xf0, 0xf,
    0xe2, 0xc2, 0x0, 0x0, 0x0, 0xd, 0xf1, 0x0,
    0x2, 0xfc, 0x0, 0xfe, 0x6f, 0xd1, 0x0, 0x0,
    0xa, 0xf8, 0x0, 0x0, 0x6f, 0x80, 0xf, 0xe0,
    0x9f, 0xc0, 0x0, 0x8, 0xfd, 0x1c, 0x50, 0xa,
    0xf4, 0x0, 0xfe, 0x0, 0xbf, 0x90, 0x0, 0x9e,
    0x23, 0xff, 0x81, 0xfe, 0x0, 0xf, 0xe0, 0x1,
    0xdf, 0x60, 0x0, 0x20, 0x2, 0xdf, 0xef, 0x70,
    0x0, 0xfe, 0x0, 0x3, 0xff, 0x30, 0x0, 0x0,
    0x1, 0xdf, 0xf1, 0x0, 0xf, 0xe0, 0x0, 0x7,
    0xfa, 0x0, 0x0, 0x0, 0xa, 0xf7, 0x0, 0x0,
    0xfe, 0x0, 0x0, 0x8, 0x0, 0x0, 0x0, 0x5,
    0xfc, 0x0, 0x0, 0xf, 0xe0, 0x0, 0x0, 0x0,
    0x0, 0x0, 0x3, 0xff, 0x20, 0x0, 0x0, 0xfe,
    0x0, 0x0, 0x0, 0x0, 0x0, 0x4, 0xff, 0x40,
    0x0, 0x0, 0xf, 0xe0, 0x0, 0x0, 0x0, 0x0,
    0x7, 0xff, 0x50, 0x0, 0x0, 0x0, 0xfe, 0x0,
    0x0, 0x0, 0x0, 0x3c, 0xff, 0x40, 0x0, 0x0,
    0x0, 0xf, 0xe0, 0x0, 0x0, 0x0, 0x7, 0xfd,
    0x30, 0x0, 0x0, 0x0, 0x0, 0xff, 0x0, 0x0,
    0x0, 0x0, 0x4, 0x0, 0x0, 0x0, 0x0, 0x0,
    0x1f, 0xf0, 0x0, 0x0, 0x0,

    /* U+591A "多" */
    0x0, 0x0, 0x0, 0x3, 0x10, 0x0, 0x0, 0x0,
    0x0, 0x0, 0x0, 0x0, 0x0, 0x1, 0xee, 0x10,
    0x0, 0x0, 0x0, 0x0, 0x0, 0x0, 0x0, 0x1,
    0xdf, 0x61, 0x11, 0x11, 0x11, 0x10, 0x0, 0x0,
    0x0, 0x2, 0xdf, 0xff, 0xff, 0xff, 0xff, 0xff,
    0x30, 0x0, 0x0, 0x5, 0xff, 0x65, 0x55, 0x55,
    0x55, 0xdf, 0x70, 0x0, 0x0, 0x2a, 0xfd, 0x22,
    0x40, 0x0, 0x0, 0x7f, 0xa0, 0x0, 0x0, 0x3f,
    0xf9, 0x0, 0xdf, 0x50, 0x0, 0x8f, 0xb0, 0x0,
    0x0, 0x0, 0x54, 0x0, 0x2, 0xef, 0x41, 0xbf,
    0xb0, 0x0, 0x0, 0x0, 0x0, 0x0, 0x0, 0x3,
    0xff, 0xef, 0x80, 0x0, 0x0, 0x0, 0x0, 0x0,
    0x0, 0x0, 0x6e, 0xfc, 0x5b, 0x20, 0x0, 0x0,
    0x0, 0x0, 0x2, 0x6a, 0xff, 0xc5, 0x1d, 0xf9,
    0x0, 0x0, 0x0, 0x6, 0xcf, 0xff, 0xe9, 0x30,
    0x2e, 0xfd, 0x77, 0x77, 0x77, 0x70, 0xe, 0xd8,
    0x40, 0x0, 0x5f, 0xff, 0xff, 0xff, 0xff, 0xfb,
    0x0, 0x0, 0x0, 0x1, 0xaf, 0xf5, 0x0, 0x0,
    0x0, 0xcf, 0x30, 0x0, 0x0, 0x18, 0xff, 0xb2,
    0x40, 0x0, 0x0, 0x7f, 0xa0, 0x0, 0x2, 0xaf,
    0xfd, 0x50, 0xaf, 0x60, 0x0, 0x4f, 0xe1, 0x0,
    0x0, 0xb, 0xd5, 0x0, 0x2, 0xef, 0x60, 0x4f,
    0xf3, 0x0, 0x0, 0x0, 0x0, 0x0, 0x0, 0x2,
    0xef, 0xaf, 0xe3, 0x0, 0x0, 0x0, 0x0, 0x0,
    0x0, 0x0, 0x19, 0xff, 0xc2, 0x0, 0x0, 0x0,
    0x0, 0x0, 0x0, 0x26, 0xbf, 0xfe, 0x60, 0x0,
    0x0, 0x0, 0x26, 0x67, 0xac, 0xef, 0xff, 0xb5,
    0x0, 0x0, 0x0, 0x0, 0x1, 0xef, 0xff, 0xfe,
    0xa6, 0x10, 0x0, 0x0, 0x0, 0x0, 0x0, 0x5,
    0x86, 0x31, 0x0, 0x0, 0x0, 0x0, 0x0, 0x0,
    0x0, 0x0,

    /* U+591C "夜" */
    0x0, 0x0, 0x0, 0x0, 0x0, 0x28, 0xb0, 0x0,
    0x0, 0x0, 0x0, 0x0, 0x0, 0x0, 0x0, 0x0,
    0x0, 0x2f, 0xf2, 0x0, 0x0, 0x0, 0x0, 0x0,
    0x0, 0x0, 0x0, 0x0, 0x0, 0xf, 0xf5, 0x0,
    0x0, 0x0, 0x0, 0x0, 0x3, 0xff, 0xff, 0xff,
    0xff, 0xff, 0xff, 0xff, 0xff, 0xff, 0xff, 0x60,
    0x2, 0xcb, 0xbb, 0xbb, 0xbb, 0xbb, 0xbb, 0xbb,
    0xbb, 0xbb, 0xbc, 0x50, 0x0, 0x0, 0x0, 0x62,
    0x0, 0x2, 0x93, 0x0, 0x0, 0x0, 0x0, 0x0,
    0x0, 0x0, 0x0, 0xef, 0x70, 0x5, 0xff, 0x10,
    0x0, 0x0, 0x0, 0x0, 0x0, 0x0, 0x6, 0xff,
    0x30, 0xb, 0xf9, 0x0, 0x0, 0x0, 0x0, 0x0,
    0x0, 0x0, 0xe, 0xf8, 0x0, 0x2f, 0xff, 0xff,
    0xff, 0xff, 0x90, 0x0, 0x0, 0x0, 0x7f, 0xe1,
    0x0, 0xaf, 0xb8, 0x88, 0x88, 0xcf, 0x50, 0x0,
    0x0, 0x1, 0xff, 0xc0, 0x3, 0xfe, 0x0, 0x0,
    0x0, 0xcf, 0x10, 0x0, 0x0, 0xb, 0xff, 0xc0,
    0xc, 0xf6, 0x5, 0xf4, 0x1, 0xfc, 0x0, 0x0,
    0x0, 0x7f, 0xef, 0xc0, 0x7f, 0xf9, 0x62, 0xfd,
    0x7, 0xf7, 0x0, 0x0, 0x5, 0xff, 0x5f, 0xc2,
    0xff, 0x6f, 0xd0, 0x9d, 0x3e, 0xf1, 0x0, 0x0,
    0xb, 0xf7, 0x1f, 0xc0, 0x36, 0xc, 0xf4, 0x0,
    0x8f, 0x90, 0x0, 0x0, 0x0, 0x60, 0x1f, 0xc0,
    0x0, 0x5, 0xfc, 0x3, 0xfe, 0x10, 0x0, 0x0,
    0x0, 0x0, 0x1f, 0xc0, 0x0, 0x0, 0xcf, 0x7e,
    0xf5, 0x0, 0x0, 0x0, 0x0, 0x0, 0x1f, 0xc0,
    0x0, 0x0, 0x3f, 0xff, 0x80, 0x0, 0x0, 0x0,
    0x0, 0x0, 0x1f, 0xc0, 0x0, 0x0, 0x7f, 0xff,
    0xa2, 0x0, 0x0, 0x0, 0x0, 0x0, 0x1f, 0xc0,
    0x2, 0x7e, 0xfe, 0x7d, 0xff, 0xc7, 0x31, 0x0,
    0x0, 0x0, 0x2f, 0xd0, 0xcf, 0xff, 0x90, 0x0,
    0x6d, 0xff, 0xff, 0xb0, 0x0, 0x0, 0x2f, 0xd0,
    0x6f, 0x92, 0x0, 0x0, 0x0, 0x39, 0xdf, 0x10,
    0x0, 0x0, 0x0, 0x0, 0x1, 0x0, 0x0, 0x0,
    0x0, 0x0, 0x1, 0x0,

    /* U+5927 "大" */
    0x0, 0x0, 0x0, 0x0, 0x0, 0x14, 0x20, 0x0,
    0x0, 0x0, 0x0, 0x0, 0x0, 0x0, 0x0, 0x0,
    0x2, 0xff, 0x20, 0x0, 0x0, 0x0, 0x0, 0x0,
    0x0, 0x0, 0x0, 0x0, 0x1f, 0xf0, 0x0, 0x0,
    0x0, 0x0, 0x0, 0x0, 0x0, 0x0, 0x0, 0x1,
    0xfe, 0x0, 0x0, 0x0, 0x0, 0x0, 0x0, 0x0,
    0x0, 0x0, 0x0, 0x1f, 0xd0, 0x0, 0x0, 0x0,
    0x0, 0x0, 0x0, 0x0, 0x0, 0x0, 0x1, 0xfd,
    0x0, 0x0, 0x0, 0x0, 0x0, 0x0, 0x0, 0x0,
    0x0, 0x0, 0x1f, 0xc0, 0x0, 0x0, 0x0, 0x0,
    0x0, 0xe, 0xee, 0xdd, 0xdd, 0xdd, 0xff, 0xdd,
    0xdd, 0xdd, 0xde, 0xf3, 0x0, 0xff, 0xff, 0xff,
    0xff, 0xff, 0xff, 0xff, 0xff, 0xff, 0xff, 0x30,
    0x0, 0x0, 0x0, 0x0, 0x5, 0xff, 0x0, 0x0,
    0x0, 0x0, 0x0, 0x0, 0x0, 0x0, 0x0, 0x0,
    0x8f, 0xf5, 0x0, 0x0, 0x0, 0x0, 0x0, 0x0,
    0x0, 0x0, 0x0, 0xe, 0xff, 0xd0, 0x0, 0x0,
    0x0, 0x0, 0x0, 0x0, 0x0, 0x0, 0x4, 0xfa,
    0x9f, 0x50, 0x0, 0x0, 0x0, 0x0, 0x0, 0x0,
    0x0, 0x0, 0xdf, 0x31, 0xfe, 0x0, 0x0, 0x0,
    0x0, 0x0, 0x0, 0x0, 0x0, 0x7f, 0xb0, 0x7,
    0xfa, 0x0, 0x0, 0x0, 0x0, 0x0, 0x0, 0x0,
    0x3f, 0xf2, 0x0, 0xc, 0xf7, 0x0, 0x0, 0x0,
    0x0, 0x0, 0x0, 0x2e, 0xf5, 0x0, 0x0, 0x2e,
    0xf6, 0x0, 0x0, 0x0, 0x0, 0x0, 0x5f, 0xf9,
    0x0, 0x0, 0x0, 0x4f, 0xf7, 0x0, 0x0, 0x0,
    0x1, 0xaf, 0xfa, 0x0, 0x0, 0x0, 0x0, 0x6f,
    0xfb, 0x10, 0x0, 0x29, 0xff, 0xf7, 0x0, 0x0,
    0x0, 0x0, 0x0, 0x6f, 0xfe, 0x70, 0xb, 0xff,
    0xd3, 0x0, 0x0, 0x0, 0x0, 0x0, 0x0, 0x3e,
    0xff, 0x30, 0xd, 0x70, 0x0, 0x0, 0x0, 0x0,
    0x0, 0x0, 0x0, 0x19, 0x60, 0x0, 0x0, 0x0,
    0x0, 0x0, 0x0, 0x0, 0x0, 0x0, 0x0, 0x0,
    0x0,

    /* U+5929 "天" */
    0x0, 0x0, 0x32, 0x22, 0x22, 0x22, 0x22, 0x22,
    0x22, 0x33, 0x0, 0x0, 0x0, 0x4, 0xff, 0xff,
    0xff, 0xff, 0xff, 0xff, 0xff, 0xff, 0x20, 0x0,
    0x0, 0x2, 0xba, 0xaa, 0xaa, 0xaf, 0xfa, 0xaa,
    0xaa, 0xab, 0x10, 0x0, 0x0, 0x0, 0x0, 0x0,
    0x0, 0xf, 0xf0, 0x0, 0x0, 0x0, 0x0, 0x0,
    0x0, 0x0, 0x0, 0x0, 0x0, 0xf, 0xf0, 0x0,
    0x0, 0x0, 0x0, 0x0, 0x0, 0x0, 0x0, 0x0,
    0x0, 0xf, 0xf0, 0x0, 0x0, 0x0, 0x0, 0x0,
    0x0, 0x0, 0x0, 0x0, 0x0, 0xf, 0xf0, 0x0,
    0x0, 0x0, 0x0, 0x0, 0x0, 0xac, 0xbb, 0xbb,
    0xbb, 0xbf, 0xfb, 0xbb, 0xbb, 0xbb, 0xcc, 0x10,
    0x0, 0xdf, 0xff, 0xff, 0xff, 0xff, 0xff, 0xff,
    0xff, 0xff, 0xff, 0x20, 0x0, 0x11, 0x10, 0x0,
    0x0, 0x6f, 0xf7, 0x0, 0x0, 0x0, 0x11, 0x0,
    0x0, 0x0, 0x0, 0x0, 0x0, 0xbf, 0xfd, 0x0,
    0x0, 0x0, 0x0, 0x0, 0x0, 0x0, 0x0, 0x0,
    0x1, 0xfe, 0xaf, 0x50, 0x0, 0x0, 0x0, 0x0,
    0x0, 0x0, 0x0, 0x0, 0x9, 0xf8, 0x2f, 0xd0,
    0x0, 0x0, 0x0, 0x0, 0x0, 0x0, 0x0, 0x0,
    0x3f, 0xf1, 0x9, 0xf9, 0x0, 0x0, 0x0, 0x0,
    0x0, 0x0, 0x0, 0x1, 0xdf, 0x80, 0x1, 0xef,
    0x60, 0x0, 0x0, 0x0, 0x0, 0x0, 0x0, 0x1c,
    0xfd, 0x0, 0x0, 0x4f, 0xf6, 0x0, 0x0, 0x0,
    0x0, 0x0, 0x3, 0xdf, 0xe2, 0x0, 0x0, 0x6,
    0xff, 0x80, 0x0, 0x0, 0x0, 0x0, 0x8f, 0xfd,
    0x20, 0x0, 0x0, 0x0, 0x6f, 0xfd, 0x60, 0x0,
    0x1, 0x7e, 0xff, 0xa1, 0x0, 0x0, 0x0, 0x0,
    0x3, 0xdf, 0xfe, 0x90, 0xb, 0xff, 0xe5, 0x0,
    0x0, 0x0, 0x0, 0x0, 0x0, 0x8, 0xff, 0x50,
    0x0, 0xb7, 0x0, 0x0, 0x0, 0x0, 0x0, 0x0,
    0x0, 0x0, 0x4, 0x0,

    /* U+5957 "套" */
    0x0, 0x0, 0x0, 0x0, 0x5, 0xb5, 0x0, 0x0,
    0x0, 0x0, 0x0, 0x0, 0x0, 0x0, 0x0, 0x0,
    0xaf, 0x80, 0x0, 0x0, 0x0, 0x0, 0x0, 0x0,
    0x0, 0x0, 0x0, 0x1f, 0xe0, 0x0, 0x0, 0x0,
    0x0, 0x0, 0x0, 0xff, 0xff, 0xff, 0xff, 0xff,
    0xff, 0xff, 0xff, 0xff, 0xff, 0x0, 0x9, 0x99,
    0x88, 0x8c, 0xfd, 0x88, 0x8e, 0xf9, 0x88, 0x89,
    0x90, 0x0, 0x0, 0x0, 0x2, 0xef, 0x30, 0x0,
    0x7f, 0xb0, 0x0, 0x0, 0x0, 0x0, 0x0, 0x1,
    0xdf, 0x60, 0x0, 0x0, 0xbf, 0x90, 0x0, 0x0,
    0x0, 0x0, 0x2, 0xef, 0xff, 0xff, 0xff, 0xff,
    0xff, 0xc3, 0x0, 0x0, 0x0, 0x6, 0xff, 0xfb,
    0x77, 0x77, 0x77, 0x77, 0xbf, 0xfc, 0x62, 0x0,
    0x5c, 0xfe, 0x8f, 0x70, 0x0, 0x0, 0x0, 0x0,
    0x6e, 0xff, 0xb0, 0x5f, 0xfa, 0x14, 0xff, 0xff,
    0xff, 0xff, 0xff, 0xf0, 0x5, 0xa1, 0x0, 0x64,
    0x0, 0x4f, 0xb7, 0x77, 0x77, 0x77, 0x88, 0x0,
    0x0, 0x0, 0x0, 0x0, 0x4, 0xf7, 0x0, 0x0,
    0x0, 0x1, 0x10, 0x0, 0x0, 0x0, 0x0, 0x0,
    0x4f, 0xff, 0xff, 0xff, 0xff, 0xff, 0x10, 0x0,
    0x0, 0x0, 0x0, 0x4, 0xfb, 0x77, 0x77, 0x77,
    0x78, 0x80, 0x0, 0x0, 0x0, 0x11, 0x0, 0x4f,
    0x70, 0x0, 0x0, 0x0, 0x0, 0x0, 0x11, 0x0,
    0xf, 0xff, 0xff, 0xff, 0xff, 0xff, 0xff, 0xff,
    0xff, 0xff, 0xf6, 0x0, 0x88, 0x77, 0x78, 0xff,
    0x77, 0x77, 0x77, 0xf8, 0x77, 0x89, 0x40, 0x0,
    0x0, 0x0, 0xaf, 0x50, 0x0, 0x0, 0x7f, 0xd2,
    0x0, 0x0, 0x0, 0x0, 0x1, 0xaf, 0x50, 0x0,
    0x12, 0x23, 0xcf, 0xf5, 0x0, 0x0, 0x0, 0x5,
    0xff, 0xfe, 0xff, 0xff, 0xff, 0xff, 0xff, 0xf9,
    0x0, 0x0, 0x0, 0x1f, 0xfe, 0xca, 0x87, 0x54,
    0x32, 0x10, 0x6f, 0x70, 0x0, 0x0, 0x0, 0x20,
    0x0, 0x0, 0x0, 0x0, 0x0, 0x0, 0x20, 0x0,
    0x0,

    /* U+597D "好" */
    0x0, 0x0, 0x2, 0x0, 0x0, 0x0, 0x0, 0x0,
    0x0, 0x0, 0x0, 0x0, 0x0, 0x0, 0xaf, 0x50,
    0x0, 0x0, 0x0, 0x0, 0x0, 0x0, 0x0, 0x0,
    0x0, 0xd, 0xf1, 0x0, 0x1, 0x10, 0x0, 0x0,
    0x0, 0x0, 0x0, 0x0, 0x0, 0xfb, 0x0, 0x0,
    0x9f, 0xff, 0xff, 0xff, 0xff, 0xf1, 0x0, 0x0,
    0x3f, 0x80, 0x0, 0x5, 0x77, 0x77, 0x77, 0x7d,
    0xfe, 0x0, 0x12, 0x27, 0xf6, 0x22, 0x21, 0x0,
    0x0, 0x0, 0xa, 0xfc, 0x20, 0x8, 0xff, 0xff,
    0xff, 0xff, 0xb0, 0x0, 0x0, 0x2d, 0xf9, 0x0,
    0x0, 0x36, 0x6f, 0xe5, 0x58, 0xf8, 0x0, 0x0,
    0x3f, 0xf5, 0x0, 0x0, 0x0, 0x3, 0xf9, 0x0,
    0x6f, 0x50, 0x0, 0x2, 0xfa, 0x0, 0x0, 0x0,
    0x0, 0x7f, 0x40, 0x9, 0xf2, 0x0, 0x0, 0x2f,
    0xa0, 0x0, 0x0, 0x0, 0xb, 0xf0, 0x0, 0xde,
    0x1, 0x11, 0x2, 0xfa, 0x0, 0x1, 0x10, 0x1,
    0xfa, 0x0, 0x2f, 0xa5, 0xff, 0xff, 0xff, 0xff,
    0xff, 0xfe, 0x0, 0x7f, 0x50, 0x7, 0xf5, 0x39,
    0x99, 0x89, 0xfd, 0x88, 0x89, 0x90, 0x9, 0xfe,
    0x40, 0xdf, 0x0, 0x0, 0x0, 0x1f, 0xa0, 0x0,
    0x0, 0x0, 0x5, 0xef, 0xbf, 0x90, 0x0, 0x0,
    0x1, 0xfa, 0x0, 0x0, 0x0, 0x0, 0x1, 0xcf,
    0xf3, 0x0, 0x0, 0x0, 0x1f, 0xa0, 0x0, 0x0,
    0x0, 0x0, 0x9, 0xff, 0xd2, 0x0, 0x0, 0x1,
    0xfa, 0x0, 0x0, 0x0, 0x0, 0x6, 0xfc, 0x8f,
    0xe2, 0x0, 0x0, 0x1f, 0xa0, 0x0, 0x0, 0x0,
    0x6, 0xfd, 0x10, 0x7f, 0xe2, 0x0, 0x1, 0xfa,
    0x0, 0x0, 0x0, 0xa, 0xfd, 0x10, 0x0, 0x9b,
    0x0, 0x0, 0x5f, 0xa0, 0x0, 0x0, 0xd, 0xfc,
    0x10, 0x0, 0x0, 0x0, 0xd, 0xef, 0xf7, 0x0,
    0x0, 0x0, 0x4b, 0x0, 0x0, 0x0, 0x0, 0x0,
    0xaf, 0xe8, 0x0, 0x0, 0x0, 0x0, 0x0, 0x0,
    0x0, 0x0, 0x0, 0x1, 0x20, 0x0, 0x0, 0x0,
    0x0,

    /* U+59CB "始" */
    0x0, 0x0, 0x55, 0x10, 0x0, 0x0, 0x0, 0x40,
    0x0, 0x0, 0x0, 0x0, 0x0, 0xa, 0xf5, 0x0,
    0x0, 0x0, 0x1f, 0xe2, 0x0, 0x0, 0x0, 0x0,
    0x0, 0xcf, 0x0, 0x0, 0x0, 0x7, 0xfb, 0x0,
    0x0, 0x0, 0x0, 0x0, 0xe, 0xd0, 0x0, 0x0,
    0x0, 0xdf, 0x20, 0x0, 0x0, 0x0, 0x0, 0x0,
    0xfa, 0x0, 0x0, 0x0, 0x5f, 0x80, 0x0, 0x91,
    0x0, 0x0, 0x89, 0xaf, 0xd9, 0x99, 0x40, 0xd,
    0xd0, 0x0, 0x8f, 0xb0, 0x0, 0xc, 0xff, 0xff,
    0xff, 0xf7, 0x7, 0xf4, 0x0, 0x0, 0xbf, 0x80,
    0x0, 0x22, 0x9f, 0x31, 0x6f, 0x54, 0xf9, 0x0,
    0x0, 0x3, 0xff, 0x50, 0x0, 0xb, 0xf0, 0x7,
    0xf4, 0xff, 0xed, 0xef, 0xff, 0xff, 0xff, 0x20,
    0x0, 0xeb, 0x0, 0x9f, 0xb, 0xfe, 0xca, 0x87,
    0x54, 0x37, 0xf5, 0x0, 0x2f, 0x70, 0xd, 0xd0,
    0x21, 0x0, 0x0, 0x0, 0x0, 0x2, 0x0, 0x6,
    0xf4, 0x0, 0xfa, 0x0, 0x0, 0x0, 0x0, 0x0,
    0x0, 0x0, 0x0, 0xaf, 0x0, 0x4f, 0x60, 0xa,
    0xbb, 0xbb, 0xbb, 0xbb, 0xb2, 0x0, 0xe, 0xf2,
    0x9, 0xf2, 0x0, 0xef, 0xff, 0xff, 0xff, 0xff,
    0x30, 0x0, 0x8f, 0xf7, 0xed, 0x0, 0xd, 0xf0,
    0x0, 0x0, 0xb, 0xf2, 0x0, 0x0, 0x3d, 0xff,
    0x70, 0x0, 0xdf, 0x0, 0x0, 0x0, 0xbf, 0x20,
    0x0, 0x0, 0x1f, 0xfd, 0x20, 0xd, 0xf0, 0x0,
    0x0, 0xb, 0xf2, 0x0, 0x0, 0x7, 0xfd, 0xfe,
    0x20, 0xdf, 0x0, 0x0, 0x0, 0xbf, 0x20, 0x0,
    0x3, 0xfd, 0x6, 0xfe, 0xd, 0xf0, 0x0, 0x0,
    0xb, 0xf2, 0x0, 0x2, 0xef, 0x20, 0x8, 0x50,
    0xdf, 0xff, 0xff, 0xff, 0xff, 0x20, 0x3, 0xef,
    0x40, 0x0, 0x0, 0xe, 0xf8, 0x88, 0x88, 0x8d,
    0xf2, 0x0, 0x6e, 0x40, 0x0, 0x0, 0x0, 0xef,
    0x0, 0x0, 0x0, 0xbf, 0x30, 0x0, 0x0, 0x0,
    0x0, 0x0, 0x1, 0x10, 0x0, 0x0, 0x0, 0x0,
    0x0,

    /* U+5B89 "安" */
    0x0, 0x0, 0x0, 0x0, 0x2, 0x80, 0x0, 0x0,
    0x0, 0x0, 0x0, 0x0, 0x0, 0x0, 0x0, 0xc,
    0xf7, 0x0, 0x0, 0x0, 0x0, 0x0, 0x0, 0x0,
    0x0, 0x0, 0x2, 0xff, 0x20, 0x0, 0x0, 0x0,
    0x0, 0x0, 0x0, 0x0, 0x0, 0x0, 0x9d, 0x30,
    0x0, 0x0, 0x0, 0x0, 0x0, 0xef, 0xff, 0xff,
    0xff, 0xff, 0xff, 0xff, 0xff, 0xfe, 0x0, 0x0,
    0xcf, 0x87, 0x77, 0x77, 0x77, 0x77, 0x77, 0x77,
    0xfd, 0x0, 0x0, 0xcf, 0x10, 0x0, 0x2a, 0x20,
    0x0, 0x0, 0x0, 0xfd, 0x0, 0x0, 0xdf, 0x10,
    0x0, 0x8f, 0xc0, 0x0, 0x0, 0x0, 0xfe, 0x0,
    0x0, 0x22, 0x0, 0x0, 0xef, 0x10, 0x0, 0x0,
    0x0, 0x55, 0x0, 0x0, 0x0, 0x0, 0x6, 0xf8,
    0x0, 0x0, 0x0, 0x0, 0x0, 0x0, 0x9, 0x98,
    0x88, 0x8e, 0xfa, 0x88, 0x88, 0x88, 0x88, 0x89,
    0x94, 0x1f, 0xff, 0xff, 0xff, 0xff, 0xff, 0xff,
    0xff, 0xff, 0xff, 0xf7, 0x0, 0x0, 0x0, 0xdf,
    0x20, 0x0, 0x0, 0x5f, 0xb0, 0x0, 0x0, 0x0,
    0x0, 0x7, 0xf8, 0x0, 0x0, 0x0, 0xcf, 0x30,
    0x0, 0x0, 0x0, 0x0, 0x2f, 0xf5, 0x0, 0x0,
    0x5, 0xfb, 0x0, 0x0, 0x0, 0x0, 0x0, 0x6d,
    0xff, 0xfb, 0x61, 0x2e, 0xf1, 0x0, 0x0, 0x0,
    0x0, 0x0, 0x0, 0x15, 0xaf, 0xff, 0xff, 0x60,
    0x0, 0x0, 0x0, 0x0, 0x0, 0x0, 0x0, 0x0,
    0xbf, 0xff, 0xf9, 0x20, 0x0, 0x0, 0x0, 0x0,
    0x0, 0x0, 0x6d, 0xfe, 0x57, 0xef, 0xfb, 0x30,
    0x0, 0x0, 0x0, 0x26, 0xaf, 0xff, 0x80, 0x0,
    0x6, 0xef, 0xfb, 0x30, 0x5, 0xdf, 0xff, 0xfd,
    0x71, 0x0, 0x0, 0x0, 0x8, 0xff, 0xe1, 0x0,
    0xef, 0xc7, 0x30, 0x0, 0x0, 0x0, 0x0, 0x0,
    0x2b, 0x40, 0x0, 0x20, 0x0, 0x0, 0x0, 0x0,
    0x0, 0x0, 0x0, 0x0, 0x0,

    /* U+5B8C "完" */
    0x0, 0x0, 0x0, 0x0, 0x3, 0x90, 0x0, 0x0,
    0x0, 0x0, 0x0, 0x0, 0x0, 0x0, 0x0, 0xd,
    0xf6, 0x0, 0x0, 0x0, 0x0, 0x0, 0x0, 0x0,
    0x0, 0x0, 0x4, 0xfe, 0x0, 0x0, 0x0, 0x0,
    0x0, 0x1f, 0xff, 0xff, 0xff, 0xff, 0xff, 0xff,
    0xff, 0xff, 0xff, 0xf2, 0x1f, 0xfa, 0xaa, 0xaa,
    0xaa, 0xaa, 0xaa, 0xaa, 0xaa, 0xae, 0xf2, 0xf,
    0xf0, 0x0, 0x0, 0x0, 0x0, 0x0, 0x0, 0x0,
    0xc, 0xf1, 0x1f, 0xf0, 0x0, 0x0, 0x0, 0x0,
    0x0, 0x0, 0x0, 0xc, 0xf2, 0x18, 0x80, 0x6c,
    0xcb, 0xbb, 0xbb, 0xbb, 0xcc, 0xc0, 0x6, 0x81,
    0x0, 0x0, 0x7f, 0xff, 0xff, 0xff, 0xff, 0xff,
    0xf1, 0x0, 0x0, 0x0, 0x0, 0x0, 0x0, 0x0,
    0x0, 0x0, 0x0, 0x0, 0x0, 0x0, 0x0, 0x0,
    0x0, 0x0, 0x0, 0x0, 0x0, 0x0, 0x0, 0x0,
    0x0, 0x5b, 0xaa, 0xaa, 0xaa, 0xaa, 0xaa, 0xaa,
    0xaa, 0xaa, 0xaa, 0xb6, 0x8f, 0xff, 0xff, 0xff,
    0xff, 0xff, 0xff, 0xff, 0xff, 0xff, 0xf8, 0x0,
    0x0, 0x0, 0x1f, 0xf0, 0x0, 0xdf, 0x20, 0x0,
    0x0, 0x0, 0x0, 0x0, 0x0, 0x4f, 0xd0, 0x0,
    0xdf, 0x20, 0x0, 0x0, 0x0, 0x0, 0x0, 0x0,
    0x7f, 0xa0, 0x0, 0xdf, 0x20, 0x0, 0x0, 0x0,
    0x0, 0x0, 0x0, 0xbf, 0x60, 0x0, 0xdf, 0x20,
    0x0, 0x0, 0x0, 0x0, 0x0, 0x3, 0xff, 0x10,
    0x0, 0xdf, 0x20, 0x0, 0x2, 0x0, 0x0, 0x0,
    0x1d, 0xf9, 0x0, 0x0, 0xdf, 0x20, 0x0, 0xa,
    0xd4, 0x0, 0x3, 0xef, 0xc0, 0x0, 0x0, 0xdf,
    0x30, 0x0, 0xe, 0xf5, 0x3, 0xbf, 0xfc, 0x10,
    0x0, 0x0, 0xcf, 0xeb, 0xbb, 0xef, 0xe0, 0x8f,
    0xff, 0x70, 0x0, 0x0, 0x0, 0x4d, 0xff, 0xff,
    0xfd, 0x30, 0x9, 0x92, 0x0, 0x0, 0x0, 0x0,
    0x0, 0x0, 0x0, 0x0, 0x0,

    /* U+5B9E "实" */
    0x0, 0x0, 0x0, 0x0, 0x2, 0x84, 0x0, 0x0,
    0x0, 0x0, 0x0, 0x0, 0x0, 0x0, 0x0, 0x8,
    0xfc, 0x0, 0x0, 0x0, 0x0, 0x0, 0x0, 0x0,
    0x0, 0x0, 0x2, 0xff, 0x20, 0x0, 0x0, 0x0,
    0x0, 0x1, 0x77, 0x77, 0x77, 0x77, 0xff, 0xa7,
    0x77, 0x77, 0x77, 0x60, 0x3, 0xff, 0xff, 0xff,
    0xff, 0xff, 0xff, 0xff, 0xff, 0xff, 0xd0, 0x2,
    0xfc, 0x0, 0x0, 0x0, 0x0, 0x0, 0x0, 0x0,
    0x5f, 0xc0, 0x3, 0xfc, 0x0, 0x10, 0x0, 0x0,
    0x86, 0x10, 0x0, 0x5f, 0xc0, 0x3, 0xda, 0x2,
    0xf9, 0x10, 0x0, 0xdf, 0x60, 0x0, 0x3a, 0x90,
    0x0, 0x0, 0x3, 0xcf, 0xe6, 0x0, 0xdf, 0x30,
    0x0, 0x0, 0x0, 0x0, 0x1, 0x0, 0x6, 0xef,
    0x90, 0xdf, 0x10, 0x0, 0x0, 0x0, 0x0, 0xd,
    0xc3, 0x0, 0x1a, 0x10, 0xef, 0x0, 0x0, 0x0,
    0x0, 0x0, 0x1a, 0xff, 0x90, 0x0, 0x0, 0xfd,
    0x0, 0x0, 0x0, 0x0, 0x0, 0x0, 0x3d, 0xfa,
    0x0, 0x2, 0xfb, 0x0, 0x0, 0x0, 0x0, 0x0,
    0x0, 0x0, 0xa2, 0x0, 0x3, 0xf9, 0x0, 0x0,
    0x0, 0x0, 0x2c, 0xcb, 0xbb, 0xbb, 0xbb, 0xbd,
    0xfd, 0xbb, 0xbb, 0xbc, 0xc8, 0x2e, 0xee, 0xdd,
    0xdd, 0xdd, 0xdf, 0xfd, 0xdd, 0xdd, 0xde, 0xe9,
    0x0, 0x0, 0x0, 0x0, 0x0, 0x6f, 0x90, 0x0,
    0x0, 0x0, 0x0, 0x0, 0x0, 0x0, 0x0, 0x5,
    0xfe, 0x15, 0xc4, 0x0, 0x0, 0x0, 0x0, 0x0,
    0x0, 0x1, 0x9f, 0xe2, 0xd, 0xff, 0xb3, 0x0,
    0x0, 0x0, 0x0, 0x4, 0x9f, 0xfc, 0x20, 0x0,
    0x5d, 0xff, 0xa2, 0x0, 0x3, 0x7a, 0xef, 0xfe,
    0x70, 0x0, 0x0, 0x0, 0x5e, 0xff, 0x91, 0x3,
    0xef, 0xfb, 0x50, 0x0, 0x0, 0x0, 0x0, 0x0,
    0x8f, 0xd1, 0x0, 0x45, 0x10, 0x0, 0x0, 0x0,
    0x0, 0x0, 0x0, 0x3, 0x10,

    /* U+5BB9 "容" */
    0x0, 0x0, 0x0, 0x0, 0x1, 0x84, 0x0, 0x0,
    0x0, 0x0, 0x0, 0x0, 0x0, 0x0, 0x0, 0x0,
    0x7f, 0xe1, 0x0, 0x0, 0x0, 0x0, 0x0, 0x0,
    0x0, 0x0, 0x0, 0x0, 0xcf, 0x80, 0x0, 0x0,
    0x0, 0x0, 0x0, 0x5, 0x55, 0x55, 0x55, 0x57,
    0x95, 0x55, 0x55, 0x55, 0x53, 0x0, 0x2, 0xff,
    0xff, 0xff, 0xff, 0xff, 0xff, 0xff, 0xff, 0xff,
    0xc0, 0x0, 0x1f, 0xb0, 0x0, 0x0, 0x0, 0x0,
    0x0, 0x0, 0x1, 0xfb, 0x0, 0x2, 0xfb, 0x0,
    0x7, 0x40, 0x0, 0x1, 0xb5, 0x0, 0x1f, 0xc0,
    0x0, 0x5, 0x30, 0x1a, 0xfd, 0x0, 0x10, 0x4e,
    0xfc, 0x30, 0x43, 0x0, 0x0, 0x1, 0x8f, 0xfa,
    0x10, 0x5f, 0x60, 0x19, 0xff, 0x91, 0x0, 0x0,
    0x7, 0xff, 0xc3, 0x0, 0x2e, 0xf3, 0x0, 0x3,
    0xdf, 0xc0, 0x0, 0x0, 0x1b, 0x50, 0x0, 0x1d,
    0xff, 0xb1, 0x0, 0x0, 0x82, 0x0, 0x0, 0x0,
    0x0, 0x0, 0x3e, 0xf4, 0x6f, 0xe4, 0x0, 0x0,
    0x0, 0x0, 0x0, 0x0, 0x0, 0x7f, 0xe3, 0x0,
    0x3e, 0xfa, 0x20, 0x0, 0x0, 0x0, 0x0, 0x4,
    0xcf, 0xa1, 0x0, 0x0, 0x19, 0xff, 0xb5, 0x0,
    0x0, 0x1, 0x6c, 0xff, 0x84, 0x44, 0x44, 0x44,
    0x46, 0xdf, 0xff, 0xb7, 0x9, 0xff, 0xf8, 0xdf,
    0xff, 0xff, 0xff, 0xff, 0xff, 0xb9, 0xff, 0x60,
    0x1c, 0x60, 0xc, 0xe2, 0x22, 0x22, 0x22, 0x23,
    0xf9, 0x0, 0x40, 0x0, 0x0, 0x0, 0xce, 0x0,
    0x0, 0x0, 0x0, 0x1f, 0x90, 0x0, 0x0, 0x0,
    0x0, 0xc, 0xe0, 0x0, 0x0, 0x0, 0x1, 0xf9,
    0x0, 0x0, 0x0, 0x0, 0x0, 0xcf, 0x77, 0x77,
    0x77, 0x77, 0x7f, 0xa0, 0x0, 0x0, 0x0, 0x0,
    0xc, 0xff, 0xff, 0xff, 0xff, 0xff, 0xfa, 0x0,
    0x0, 0x0, 0x0, 0x0, 0xde, 0x0, 0x0, 0x0,
    0x0, 0x1f, 0xa0, 0x0, 0x0,

    /* U+5BD2 "寒" */
    0x0, 0x0, 0x0, 0x0, 0x0, 0x35, 0x0, 0x0,
    0x0, 0x0, 0x0, 0x0, 0x0, 0x0, 0x0, 0x6,
    0xff, 0x0, 0x0, 0x0, 0x0, 0x0, 0x5, 0x55,
    0x55, 0x55, 0x56, 0xff, 0x75, 0x55, 0x55, 0x55,
    0x51, 0x1f, 0xff, 0xff, 0xff, 0xff, 0xff, 0xff,
    0xff, 0xff, 0xff, 0xf2, 0x1f, 0xc1, 0x11, 0x15,
    0x41, 0x11, 0x16, 0x61, 0x11, 0x1c, 0xf2, 0x1f,
    0xc0, 0x0, 0x1f, 0xb0, 0x0, 0xf, 0xd0, 0x0,
    0xb, 0xf2, 0x18, 0x65, 0xff, 0xff, 0xff, 0xff,
    0xff, 0xff, 0xff, 0x65, 0x81, 0x0, 0x3, 0x87,
    0x8f, 0xd7, 0x77, 0x7f, 0xe7, 0x78, 0x30, 0x0,
    0x0, 0x0, 0x0, 0x1f, 0xb0, 0x0, 0xf, 0xc0,
    0x0, 0x0, 0x0, 0x0, 0x8, 0x77, 0x8f, 0xd7,
    0x77, 0x7f, 0xe7, 0x78, 0x84, 0x0, 0x0, 0x1e,
    0xdd, 0xdf, 0xfd, 0xdd, 0xdf, 0xfd, 0xde, 0xe7,
    0x0, 0x0, 0x0, 0x0, 0x1f, 0xb0, 0x0, 0xf,
    0xc0, 0x0, 0x0, 0x0, 0x5f, 0xff, 0xff, 0xff,
    0xff, 0xff, 0xff, 0xff, 0xff, 0xff, 0xf3, 0x38,
    0x87, 0x77, 0xbf, 0xe7, 0x77, 0x79, 0xfd, 0x77,
    0x77, 0x82, 0x0, 0x0, 0x6, 0xfe, 0x21, 0x10,
    0x0, 0x9f, 0x90, 0x0, 0x0, 0x0, 0x3, 0xcf,
    0xc2, 0xb, 0xfa, 0x30, 0x9, 0xfe, 0x94, 0x10,
    0x5, 0xcf, 0xf8, 0x0, 0x6, 0xcf, 0xfd, 0x50,
    0x4d, 0xff, 0xf9, 0x7f, 0xfa, 0x20, 0x1, 0x10,
    0x3, 0xaf, 0x30, 0x0, 0x5b, 0xf1, 0x8, 0x20,
    0x0, 0xd, 0xfc, 0x61, 0x1, 0x0, 0x0, 0x0,
    0x0, 0x0, 0x0, 0x0, 0x6, 0xbf, 0xff, 0xc6,
    0x10, 0x0, 0x0, 0x0, 0x0, 0x0, 0x0, 0x0,
    0x1, 0x6c, 0xff, 0xf9, 0x0, 0x0, 0x0, 0x0,
    0x0, 0x0, 0x0, 0x0, 0x0, 0x3a, 0xf4, 0x0,
    0x0, 0x0, 0x0, 0x0, 0x0, 0x0, 0x0, 0x0,
    0x0, 0x0, 0x0, 0x0, 0x0,

    /* U+5BF9 "对" */
    0x0, 0x0, 0x0, 0x0, 0x0, 0x0, 0x0, 0x0,
    0x0, 0x11, 0x0, 0x0, 0x0, 0x0, 0x0, 0x0,
    0x0, 0x0, 0x0, 0x0, 0x0, 0xff, 0x0, 0x0,
    0x0, 0x0, 0x0, 0x0, 0x0, 0x0, 0x0, 0x0,
    0x0, 0xff, 0x0, 0x0, 0x0, 0x0, 0x0, 0x0,
    0x0, 0x0, 0x0, 0x0, 0x0, 0xef, 0x0, 0x0,
    0x0, 0xcb, 0xbb, 0xbb, 0xbb, 0x50, 0x0, 0x0,
    0x0, 0xef, 0x0, 0x0, 0x0, 0xdd, 0xcc, 0xcc,
    0xef, 0x60, 0x0, 0x0, 0x0, 0xef, 0x0, 0x0,
    0x0, 0x0, 0x0, 0x0, 0x8f, 0x3b, 0xaa, 0xaa,
    0xaa, 0xff, 0xaa, 0xb0, 0x0, 0x0, 0x0, 0x0,
    0xbf, 0x1f, 0xee, 0xdd, 0xdd, 0xff, 0xde, 0xe0,
    0x0, 0x2a, 0x0, 0x0, 0xec, 0x0, 0x0, 0x0,
    0x0, 0xef, 0x0, 0x0, 0x0, 0xaf, 0xa0, 0x2,
    0xf8, 0x0, 0x0, 0x0, 0x0, 0xef, 0x0, 0x0,
    0x0, 0xb, 0xf9, 0x7, 0xf4, 0x2, 0xc3, 0x0,
    0x0, 0xef, 0x0, 0x0, 0x0, 0x0, 0xcf, 0x8c,
    0xf0, 0x3, 0xfc, 0x0, 0x0, 0xef, 0x0, 0x0,
    0x0, 0x0, 0x1d, 0xff, 0xa0, 0x0, 0xbf, 0x50,
    0x0, 0xef, 0x0, 0x0, 0x0, 0x0, 0x2, 0xff,
    0x50, 0x0, 0x3f, 0xd0, 0x0, 0xef, 0x0, 0x0,
    0x0, 0x0, 0x3, 0xff, 0xd0, 0x0, 0xc, 0xf5,
    0x0, 0xef, 0x0, 0x0, 0x0, 0x0, 0xd, 0xfa,
    0xf9, 0x0, 0x5, 0xb3, 0x0, 0xef, 0x0, 0x0,
    0x0, 0x0, 0x8f, 0x80, 0xdf, 0x40, 0x0, 0x0,
    0x0, 0xef, 0x0, 0x0, 0x0, 0x4, 0xfd, 0x0,
    0x3f, 0xe1, 0x0, 0x0, 0x0, 0xef, 0x0, 0x0,
    0x0, 0x4f, 0xe2, 0x0, 0x9, 0xf7, 0x0, 0x0,
    0x0, 0xef, 0x0, 0x0, 0x5, 0xff, 0x30, 0x0,
    0x1, 0x80, 0x0, 0x0, 0x0, 0xff, 0x0, 0x0,
    0xb, 0xf4, 0x0, 0x0, 0x0, 0x0, 0x0, 0x6,
    0x8b, 0xfe, 0x0, 0x0, 0x0, 0x20, 0x0, 0x0,
    0x0, 0x0, 0x0, 0x7, 0xff, 0xf6, 0x0, 0x0,
    0x0, 0x0, 0x0, 0x0, 0x0, 0x0, 0x0, 0x1,
    0x74, 0x0, 0x0, 0x0,

    /* U+5C0F "小" */
    0x0, 0x0, 0x0, 0x0, 0x0, 0x45, 0x0, 0x0,
    0x0, 0x0, 0x0, 0x0, 0x0, 0x0, 0x0, 0x0,
    0xef, 0x10, 0x0, 0x0, 0x0, 0x0, 0x0, 0x0,
    0x0, 0x0, 0x0, 0xef, 0x0, 0x0, 0x0, 0x0,
    0x0, 0x0, 0x0, 0x0, 0x0, 0x0, 0xdf, 0x0,
    0x0, 0x0, 0x0, 0x0, 0x0, 0x0, 0x0, 0x0,
    0x0, 0xdf, 0x0, 0x0, 0x0, 0x0, 0x0, 0x0,
    0x0, 0x0, 0x0, 0x0, 0xdf, 0x0, 0x0, 0x0,
    0x0, 0x0, 0x0, 0x0, 0x21, 0x0, 0x0, 0xdf,
    0x0, 0x0, 0x30, 0x0, 0x0, 0x0, 0x0, 0x9f,
    0x80, 0x0, 0xdf, 0x0, 0xd, 0xf1, 0x0, 0x0,
    0x0, 0x0, 0xef, 0x50, 0x0, 0xdf, 0x0, 0x9,
    0xf9, 0x0, 0x0, 0x0, 0x3, 0xfe, 0x0, 0x0,
    0xdf, 0x0, 0x1, 0xff, 0x20, 0x0, 0x0, 0x8,
    0xf9, 0x0, 0x0, 0xdf, 0x0, 0x0, 0x8f, 0xa0,
    0x0, 0x0, 0xe, 0xf3, 0x0, 0x0, 0xdf, 0x0,
    0x0, 0x1f, 0xf3, 0x0, 0x0, 0x5f, 0xd0, 0x0,
    0x0, 0xdf, 0x0, 0x0, 0x8, 0xfa, 0x0, 0x0,
    0xbf, 0x70, 0x0, 0x0, 0xdf, 0x0, 0x0, 0x1,
    0xff, 0x20, 0x3, 0xff, 0x10, 0x0, 0x0, 0xdf,
    0x0, 0x0, 0x0, 0xaf, 0x90, 0xb, 0xfa, 0x0,
    0x0, 0x0, 0xdf, 0x0, 0x0, 0x0, 0x3f, 0xc0,
    0x7, 0xe3, 0x0, 0x0, 0x0, 0xdf, 0x0, 0x0,
    0x0, 0x4, 0x0, 0x0, 0x0, 0x0, 0x0, 0x0,
    0xdf, 0x0, 0x0, 0x0, 0x0, 0x0, 0x0, 0x0,
    0x0, 0x0, 0x0, 0xdf, 0x0, 0x0, 0x0, 0x0,
    0x0, 0x0, 0x0, 0x0, 0x0, 0x0, 0xff, 0x0,
    0x0, 0x0, 0x0, 0x0, 0x0, 0x0, 0x0, 0xa,
    0xef, 0xfd, 0x0, 0x0, 0x0, 0x0, 0x0, 0x0,
    0x0, 0x0, 0x4, 0xff, 0xc4, 0x0, 0x0, 0x0,
    0x0, 0x0, 0x0, 0x0, 0x0, 0x0, 0x30, 0x0,
    0x0, 0x0, 0x0, 0x0, 0x0,

    /* U+5C55 "展" */
    0x0, 0x7a, 0xaa, 0xaa, 0xaa, 0xaa, 0xaa, 0xaa,
    0xaa, 0xa6, 0x0, 0x0, 0xbf, 0xff, 0xff, 0xff,
    0xff, 0xff, 0xff, 0xff, 0xf9, 0x0, 0x0, 0xaf,
    0x10, 0x0, 0x0, 0x0, 0x0, 0x0, 0x2, 0xf9,
    0x0, 0x0, 0xaf, 0x10, 0x0, 0x0, 0x0, 0x0,
    0x0, 0x2, 0xf9, 0x0, 0x0, 0xaf, 0xff, 0xff,
    0xff, 0xff, 0xff, 0xff, 0xff, 0xf9, 0x0, 0x0,
    0x9f, 0x98, 0x88, 0xdf, 0x98, 0x89, 0xfd, 0x88,
    0x85, 0x0, 0x0, 0x9f, 0x10, 0x0, 0xaf, 0x10,
    0x1, 0xf9, 0x0, 0x0, 0x0, 0x0, 0x9f, 0x11,
    0x10, 0xaf, 0x20, 0x1, 0xfa, 0x0, 0x10, 0x0,
    0x0, 0x9f, 0x1e, 0xff, 0xff, 0xff, 0xff, 0xff,
    0xff, 0xf7, 0x0, 0x0, 0x9f, 0x17, 0x77, 0xcf,
    0x87, 0x77, 0xfc, 0x77, 0x74, 0x0, 0x0, 0x9f,
    0x10, 0x0, 0xaf, 0x10, 0x1, 0xf9, 0x0, 0x0,
    0x0, 0x0, 0x9f, 0x98, 0x88, 0xdf, 0x98, 0x89,
    0xfd, 0x88, 0x88, 0x93, 0x0, 0xaf, 0xff, 0xff,
    0xff, 0xff, 0xff, 0xff, 0xff, 0xff, 0xf5, 0x0,
    0xbf, 0x0, 0xf, 0xc0, 0x7, 0xf6, 0x0, 0x3,
    0x40, 0x0, 0x0, 0xed, 0x0, 0xf, 0xc0, 0x1,
    0xfd, 0x0, 0xd, 0xf4, 0x0, 0x1, 0xfb, 0x0,
    0xf, 0xc0, 0x0, 0x9f, 0x80, 0xbf, 0x70, 0x0,
    0x5, 0xf7, 0x0, 0xf, 0xc0, 0x2, 0x1e, 0xfc,
    0xf7, 0x0, 0x0, 0xa, 0xf3, 0x0, 0xf, 0xc2,
    0xbc, 0x3, 0xef, 0xd0, 0x0, 0x0, 0xf, 0xe0,
    0x0, 0xf, 0xff, 0xfc, 0x0, 0x3d, 0xfe, 0x72,
    0x0, 0x7f, 0x80, 0x0, 0x6f, 0xfe, 0x50, 0x0,
    0x0, 0x8f, 0xff, 0xd6, 0x4e, 0x10, 0x0, 0x1e,
    0xb1, 0x0, 0x0, 0x0, 0x1, 0x7d, 0xe0, 0x0,
    0x0, 0x0, 0x2, 0x0, 0x0, 0x0, 0x0, 0x0,
    0x0, 0x10,

    /* U+5C9B "岛" */
    0x0, 0x0, 0x0, 0x4, 0x83, 0x0, 0x0, 0x0,
    0x0, 0x0, 0x0, 0x0, 0x0, 0x9, 0xf6, 0x0,
    0x0, 0x0, 0x0, 0x0, 0x0, 0x1, 0x11, 0x1e,
    0xe1, 0x11, 0x11, 0x11, 0x10, 0x0, 0x0, 0x6f,
    0xff, 0xff, 0xff, 0xff, 0xff, 0xff, 0xf9, 0x0,
    0x0, 0x5f, 0x95, 0x55, 0x55, 0x55, 0x55, 0x5a,
    0xf7, 0x0, 0x0, 0x5f, 0x50, 0x1c, 0x50, 0x0,
    0x0, 0x8, 0xf5, 0x0, 0x0, 0x5f, 0x50, 0x3f,
    0xf4, 0x0, 0x0, 0xa, 0xf3, 0x0, 0x0, 0x5f,
    0x50, 0x4, 0xff, 0x20, 0x0, 0xd, 0xf0, 0x0,
    0x0, 0x5f, 0x50, 0x0, 0x7f, 0x80, 0x7b, 0xef,
    0xd0, 0x0, 0x0, 0x5f, 0x50, 0x0, 0x6, 0x0,
    0x3f, 0xfd, 0x40, 0x0, 0x0, 0x5f, 0x50, 0x0,
    0x0, 0x0, 0x3, 0x10, 0x0, 0x0, 0x0, 0x5f,
    0xff, 0xff, 0xff, 0xff, 0xff, 0xff, 0xff, 0xfe,
    0x0, 0x27, 0x77, 0xaa, 0x77, 0x77, 0x77, 0x77,
    0x77, 0xfd, 0x11, 0x0, 0x0, 0xcf, 0x20, 0x0,
    0x11, 0x0, 0x0, 0xfc, 0xdf, 0x0, 0x0, 0xbf,
    0x10, 0x0, 0xaf, 0x20, 0x0, 0xfa, 0xcf, 0x0,
    0x0, 0xbf, 0x10, 0x0, 0xaf, 0x10, 0x1, 0xf9,
    0xcf, 0x0, 0x0, 0xbf, 0x10, 0x0, 0x9f, 0x10,
    0x2, 0xf7, 0xcf, 0x56, 0x66, 0xdf, 0x98, 0x99,
    0xdf, 0x10, 0x3, 0xf5, 0xcf, 0xff, 0xff, 0xff,
    0xff, 0xee, 0xff, 0x10, 0x4, 0xf3, 0x12, 0x11,
    0x0, 0x0, 0x0, 0x0, 0x7d, 0x10, 0x8, 0xf1,
    0x0, 0x0, 0x0, 0x0, 0x0, 0x0, 0x0, 0x9c,
    0xef, 0xd0, 0x0, 0x0, 0x0, 0x0, 0x0, 0x0,
    0x0, 0x6f, 0xea, 0x20, 0x0, 0x0, 0x0, 0x0,
    0x0, 0x0, 0x0, 0x1, 0x0, 0x0,

    /* U+5DDE "州" */
    0x0, 0x0, 0xa, 0x80, 0x0, 0x0, 0x0, 0x0,
    0x0, 0xba, 0x0, 0x0, 0xf, 0xc0, 0x0, 0x8,
    0xb0, 0x0, 0x0, 0xfe, 0x0, 0x0, 0xf, 0xb0,
    0x0, 0xb, 0xf0, 0x0, 0x0, 0xfd, 0x0, 0x0,
    0xf, 0xb0, 0x0, 0xb, 0xf0, 0x0, 0x0, 0xfd,
    0x0, 0x0, 0xf, 0xb0, 0x0, 0xb, 0xf0, 0x0,
    0x0, 0xfd, 0x0, 0x0, 0xf, 0xb0, 0x0, 0xb,
    0xf0, 0x0, 0x0, 0xfd, 0x2, 0xb6, 0xf, 0xb2,
    0x90, 0xb, 0xf0, 0x43, 0x0, 0xfd, 0x5, 0xf8,
    0xf, 0xb7, 0xf5, 0xb, 0xf1, 0xfb, 0x0, 0xfd,
    0x7, 0xf6, 0xf, 0xb1, 0xfa, 0xb, 0xf0, 0x9f,
    0x30, 0xfd, 0x9, 0xf3, 0xf, 0xb0, 0xbf, 0xb,
    0xf0, 0x2f, 0xa0, 0xfd, 0xc, 0xf0, 0xf, 0xb0,
    0x7f, 0x4b, 0xf0, 0xb, 0xf1, 0xfd, 0xf, 0xd0,
    0xf, 0xa0, 0x2f, 0x8b, 0xf0, 0x5, 0xf5, 0xfd,
    0x2e, 0xa0, 0x1f, 0x90, 0x1, 0xb, 0xf0, 0x0,
    0x20, 0xfd, 0x0, 0x0, 0x4f, 0x70, 0x0, 0xb,
    0xf0, 0x0, 0x0, 0xfd, 0x0, 0x0, 0x7f, 0x40,
    0x0, 0xb, 0xf0, 0x0, 0x0, 0xfd, 0x0, 0x0,
    0xcf, 0x0, 0x0, 0xb, 0xf0, 0x0, 0x0, 0xfd,
    0x0, 0x2, 0xfc, 0x0, 0x0, 0xb, 0xf0, 0x0,
    0x0, 0xfd, 0x0, 0xa, 0xf6, 0x0, 0x0, 0xb,
    0xf0, 0x0, 0x0, 0xfd, 0x0, 0x4f, 0xe0, 0x0,
    0x0, 0xb, 0xf0, 0x0, 0x0, 0xfd, 0x1, 0xef,
    0x50, 0x0, 0x0, 0xc, 0xf0, 0x0, 0x0, 0xfd,
    0x6, 0xea, 0x0, 0x0, 0x0, 0x0, 0x0, 0x0,
    0x0, 0xfe, 0x0, 0x11, 0x0, 0x0, 0x0, 0x0,
    0x0, 0x0, 0x0, 0x0,

    /* U+5DE5 "工" */
    0x1, 0xcc, 0xbb, 0xbb, 0xbb, 0xbb, 0xbb, 0xbb,
    0xbc, 0xcb, 0x0, 0x1, 0xff, 0xff, 0xff, 0xff,
    0xff, 0xff, 0xff, 0xff, 0xfe, 0x0, 0x0, 0x0,
    0x0, 0x0, 0x2, 0xff, 0x0, 0x0, 0x0, 0x0,
    0x0, 0x0, 0x0, 0x0, 0x0, 0x2, 0xff, 0x0,
    0x0, 0x0, 0x0, 0x0, 0x0, 0x0, 0x0, 0x0,
    0x2, 0xff, 0x0, 0x0, 0x0, 0x0, 0x0, 0x0,
    0x0, 0x0, 0x0, 0x2, 0xff, 0x0, 0x0, 0x0,
    0x0, 0x0, 0x0, 0x0, 0x0, 0x0, 0x2, 0xff,
    0x0, 0x0, 0x0, 0x0, 0x0, 0x0, 0x0, 0x0,
    0x0, 0x2, 0xff, 0x0, 0x0, 0x0, 0x0, 0x0,
    0x0, 0x0, 0x0, 0x0, 0x2, 0xff, 0x0, 0x0,
    0x0, 0x0, 0x0, 0x0, 0x0, 0x0, 0x0, 0x2,
    0xff, 0x0, 0x0, 0x0, 0x0, 0x0, 0x0, 0x0,
    0x0, 0x0, 0x2, 0xff, 0x0, 0x0, 0x0, 0x0,
    0x0, 0x0, 0x0, 0x0, 0x0, 0x2, 0xff, 0x0,
    0x0, 0x0, 0x0, 0x0, 0x0, 0x0, 0x0, 0x0,
    0x2, 0xff, 0x0, 0x0, 0x0, 0x0, 0x0, 0x0,
    0x0, 0x0, 0x0, 0x2, 0xff, 0x0, 0x0, 0x0,
    0x0, 0x0, 0x0, 0x0, 0x0, 0x0, 0x2, 0xff,
    0x0, 0x0, 0x0, 0x0, 0x0, 0x0, 0x0, 0x0,
    0x0, 0x2, 0xff, 0x0, 0x0, 0x0, 0x0, 0x0,
    0x11, 0x0, 0x0, 0x0, 0x2, 0xff, 0x0, 0x0,
    0x0, 0x0, 0x11, 0xff, 0xff, 0xff, 0xff, 0xff,
    0xff, 0xff, 0xff, 0xff, 0xff, 0xff, 0xbb, 0xaa,
    0xaa, 0xaa, 0xaa, 0xaa, 0xaa, 0xaa, 0xaa, 0xaa,
    0xbb,

    /* U+5DF2 "已" */
    0x7c, 0xcc, 0xbb, 0xbb, 0xbb, 0xbb, 0xbb, 0xbb,
    0xb9, 0x0, 0x8, 0xff, 0xff, 0xff, 0xff, 0xff,
    0xff, 0xff, 0xff, 0xc0, 0x0, 0x0, 0x0, 0x0,
    0x0, 0x0, 0x0, 0x0, 0x4, 0xfb, 0x0, 0x0,
    0x0, 0x0, 0x0, 0x0, 0x0, 0x0, 0x0, 0x4f,
    0xb0, 0x0, 0x0, 0x0, 0x0, 0x0, 0x0, 0x0,
    0x0, 0x4, 0xfb, 0x0, 0x0, 0x9a, 0x30, 0x0,
    0x0, 0x0, 0x0, 0x0, 0x4f, 0xb0, 0x0, 0xe,
    0xf4, 0x0, 0x0, 0x0, 0x0, 0x0, 0x4, 0xfb,
    0x0, 0x0, 0xdf, 0x40, 0x0, 0x0, 0x0, 0x0,
    0x0, 0x4f, 0xb0, 0x0, 0xd, 0xff, 0xff, 0xff,
    0xff, 0xff, 0xff, 0xff, 0xfb, 0x0, 0x0, 0xdf,
    0x98, 0x88, 0x88, 0x88, 0x88, 0x88, 0xaf, 0xc0,
    0x0, 0xd, 0xf2, 0x0, 0x0, 0x0, 0x0, 0x0,
    0x3, 0xda, 0x0, 0x0, 0xdf, 0x20, 0x0, 0x0,
    0x0, 0x0, 0x0, 0x0, 0x0, 0x0, 0xd, 0xf2,
    0x0, 0x0, 0x0, 0x0, 0x0, 0x0, 0x0, 0x0,
    0x0, 0xdf, 0x20, 0x0, 0x0, 0x0, 0x0, 0x0,
    0x0, 0x0, 0x0, 0xd, 0xf2, 0x0, 0x0, 0x0,
    0x0, 0x0, 0x0, 0x0, 0x60, 0x0, 0xdf, 0x20,
    0x0, 0x0, 0x0, 0x0, 0x0, 0x0, 0x1f, 0xe3,
    0xd, 0xf3, 0x0, 0x0, 0x0, 0x0, 0x0, 0x0,
    0x4, 0xff, 0x20, 0xcf, 0xa0, 0x0, 0x0, 0x0,
    0x0, 0x0, 0x0, 0xbf, 0xd0, 0x8, 0xff, 0xfe,
    0xee, 0xee, 0xee, 0xee, 0xdd, 0xff, 0xf6, 0x0,
    0x8, 0xde, 0xee, 0xee, 0xee, 0xee, 0xee, 0xee,
    0xc6, 0x0,

    /* U+5E26 "带" */
    0x0, 0x0, 0x3, 0x40, 0x0, 0x34, 0x10, 0x1,
    0x20, 0x0, 0x0, 0x0, 0x0, 0xd, 0xf0, 0x0,
    0xbf, 0x30, 0x9, 0xf2, 0x0, 0x0, 0x0, 0x0,
    0xc, 0xe0, 0x0, 0xaf, 0x20, 0x9, 0xf1, 0x0,
    0x0, 0x2b, 0xaa, 0xae, 0xfa, 0xaa, 0xdf, 0xba,
    0xad, 0xfa, 0xaa, 0xb8, 0x3f, 0xff, 0xff, 0xff,
    0xff, 0xff, 0xff, 0xff, 0xff, 0xff, 0xfb, 0x1,
    0x0, 0xc, 0xe0, 0x0, 0xaf, 0x20, 0x9, 0xf1,
    0x0, 0x1, 0x0, 0x0, 0xd, 0xf0, 0x0, 0xbf,
    0x30, 0x9, 0xf2, 0x0, 0x0, 0x0, 0x0, 0x8,
    0x90, 0x0, 0x46, 0x10, 0x3, 0x61, 0x0, 0x0,
    0xa, 0xaa, 0xaa, 0xaa, 0xaa, 0xaa, 0xaa, 0xaa,
    0xaa, 0xaa, 0xa6, 0xf, 0xff, 0xff, 0xff, 0xff,
    0xff, 0xff, 0xff, 0xff, 0xff, 0xf9, 0xf, 0xb0,
    0x0, 0x0, 0x0, 0x67, 0x10, 0x0, 0x0, 0x1,
    0xf9, 0xf, 0xb0, 0x0, 0x0, 0x0, 0xdf, 0x10,
    0x0, 0x0, 0x1, 0xf9, 0xb, 0x70, 0x0, 0x0,
    0x0, 0xdf, 0x10, 0x0, 0x0, 0x0, 0xb6, 0x0,
    0x7, 0xff, 0xff, 0xff, 0xff, 0xff, 0xff, 0xff,
    0xd0, 0x0, 0x0, 0x6, 0xfc, 0x99, 0x99, 0xef,
    0x99, 0x99, 0xbf, 0xc0, 0x0, 0x0, 0x6, 0xf8,
    0x0, 0x0, 0xdf, 0x10, 0x0, 0x4f, 0xc0, 0x0,
    0x0, 0x6, 0xf8, 0x0, 0x0, 0xdf, 0x10, 0x0,
    0x4f, 0xc0, 0x0, 0x0, 0x6, 0xf8, 0x0, 0x0,
    0xdf, 0x10, 0x0, 0x4f, 0xc0, 0x0, 0x0, 0x6,
    0xf8, 0x0, 0x0, 0xdf, 0x10, 0x0, 0x6f, 0xb0,
    0x0, 0x0, 0x6, 0xf8, 0x0, 0x0, 0xdf, 0x10,
    0x9e, 0xff, 0x80, 0x0, 0x0, 0x3, 0x73, 0x0,
    0x0, 0xdf, 0x10, 0x4f, 0xd8, 0x0, 0x0, 0x0,
    0x0, 0x0, 0x0, 0x0, 0xef, 0x20, 0x0, 0x0,
    0x0, 0x0,

    /* U+5E2E "帮" */
    0x0, 0x0, 0x0, 0x75, 0x0, 0x0, 0x0, 0x0,
    0x0, 0x0, 0x0, 0x0, 0x0, 0x0, 0xee, 0x0,
    0x0, 0x3, 0x44, 0x44, 0x44, 0x42, 0x0, 0x11,
    0x11, 0xed, 0x11, 0x12, 0xa, 0xff, 0xff, 0xff,
    0xf4, 0x6, 0xff, 0xff, 0xff, 0xff, 0xff, 0x2a,
    0xf3, 0x22, 0x4f, 0xb0, 0x2, 0x54, 0x44, 0xed,
    0x44, 0x45, 0x9, 0xf1, 0x0, 0xbf, 0x20, 0x0,
    0x11, 0x11, 0xed, 0x11, 0x22, 0x9, 0xf1, 0x5,
    0xf7, 0x0, 0x0, 0xef, 0xff, 0xff, 0xff, 0xfa,
    0x9, 0xf1, 0xb, 0xf6, 0x0, 0x0, 0x44, 0x44,
    0xfd, 0x44, 0x43, 0x9, 0xf1, 0x0, 0xaf, 0x80,
    0x0, 0x0, 0x3, 0xf9, 0x0, 0x0, 0x9, 0xf1,
    0x0, 0xb, 0xf3, 0x2f, 0xff, 0xff, 0xff, 0xff,
    0xff, 0x59, 0xf1, 0x0, 0x5, 0xf7, 0x6, 0x55,
    0x6f, 0xf5, 0x55, 0x66, 0x29, 0xf1, 0x15, 0x7d,
    0xf4, 0x0, 0x0, 0xbf, 0x60, 0x0, 0x0, 0xa,
    0xf1, 0xc, 0xfe, 0x70, 0x0, 0x3d, 0xf8, 0x0,
    0x0, 0x8f, 0x4a, 0xf1, 0x3, 0x40, 0x0, 0x1a,
    0xff, 0xc7, 0x77, 0x77, 0xbf, 0x97, 0x87, 0x77,
    0x75, 0x0, 0xa, 0xa4, 0xff, 0xff, 0xff, 0xff,
    0xff, 0xff, 0xff, 0xfa, 0x0, 0x0, 0x2, 0xf9,
    0x0, 0x0, 0x7f, 0x30, 0x0, 0x1, 0xfa, 0x0,
    0x0, 0x2, 0xf9, 0x0, 0x0, 0x7f, 0x30, 0x0,
    0x1, 0xf9, 0x0, 0x0, 0x2, 0xf9, 0x0, 0x0,
    0x7f, 0x30, 0x0, 0x1, 0xf9, 0x0, 0x0, 0x2,
    0xf9, 0x0, 0x0, 0x7f, 0x30, 0x1, 0x29, 0xf9,
    0x0, 0x0, 0x2, 0xf9, 0x0, 0x0, 0x7f, 0x30,
    0x1e, 0xff, 0xf3, 0x0, 0x0, 0x1, 0x95, 0x0,
    0x0, 0x8f, 0x30, 0x7, 0x85, 0x0, 0x0, 0x0,
    0x0, 0x0, 0x0, 0x0, 0x8f, 0x40, 0x0, 0x0,
    0x0, 0x0,

    /* U+5E3D "帽" */
    0x0, 0x0, 0x86, 0x0, 0x0, 0x0, 0x0, 0x0,
    0x0, 0x0, 0x0, 0x0, 0x0, 0xfb, 0x0, 0x0,
    0x44, 0x44, 0x44, 0x44, 0x44, 0x42, 0x0, 0x0,
    0xfa, 0x0, 0x1, 0xff, 0xff, 0xff, 0xff, 0xff,
    0xf7, 0x0, 0x0, 0xf9, 0x0, 0x0, 0xfa, 0x0,
    0x0, 0x0, 0x6, 0xf6, 0x0, 0x0, 0xf9, 0x0,
    0x0, 0xfa, 0x4, 0x55, 0x55, 0x5, 0xf6, 0x9f,
    0xff, 0xff, 0xff, 0xf1, 0xfa, 0xb, 0xee, 0xee,
    0x25, 0xf6, 0x9f, 0x43, 0xfb, 0x3a, 0xf1, 0xfa,
    0x0, 0x0, 0x0, 0x5, 0xf6, 0x8f, 0x10, 0xf9,
    0x9, 0xf1, 0xfa, 0xa, 0xff, 0xff, 0x25, 0xf7,
    0x8f, 0x10, 0xf9, 0x9, 0xf1, 0xc8, 0x2, 0x44,
    0x44, 0x4, 0xd6, 0x8f, 0x10, 0xf9, 0x9, 0xf0,
    0x0, 0x0, 0x0, 0x0, 0x0, 0x0, 0x8f, 0x10,
    0xf9, 0x9, 0xf0, 0xe, 0xee, 0xee, 0xee, 0xee,
    0xb0, 0x8f, 0x10, 0xf9, 0x9, 0xf0, 0xf, 0xb5,
    0x55, 0x55, 0x5f, 0xd0, 0x8f, 0x10, 0xf9, 0x9,
    0xf0, 0xf, 0x90, 0x0, 0x0, 0xe, 0xc0, 0x8f,
    0x10, 0xf9, 0x9, 0xf0, 0xf, 0xb5, 0x55, 0x55,
    0x5f, 0xc0, 0x8f, 0x10, 0xf9, 0x9, 0xf0, 0xf,
    0xec, 0xcc, 0xcc, 0xcf, 0xc0, 0x8f, 0x10, 0xf9,
    0xb, 0xf0, 0xf, 0x90, 0x0, 0x0, 0xe, 0xc0,
    0x9f, 0x10, 0xf9, 0xbf, 0xd0, 0xf, 0xb4, 0x44,
    0x44, 0x4f, 0xc0, 0x8e, 0x10, 0xf9, 0x9c, 0x30,
    0xf, 0xfe, 0xee, 0xee, 0xef, 0xc0, 0x0, 0x0,
    0xf9, 0x0, 0x0, 0xf, 0x90, 0x0, 0x0, 0xe,
    0xc0, 0x0, 0x0, 0xfa, 0x0, 0x0, 0xf, 0xb5,
    0x55, 0x55, 0x5f, 0xc0, 0x0, 0x0, 0xfa, 0x0,
    0x0, 0xf, 0xec, 0xcc, 0xcc, 0xcf, 0xc0, 0x0,
    0x1, 0xfa, 0x0, 0x0, 0x1f, 0x90, 0x0, 0x0,
    0xe, 0xd0,

    /* U+5E73 "平" */
    0x0, 0x11, 0x10, 0x0, 0x0, 0x0, 0x0, 0x0,
    0x1, 0x10, 0x0, 0x0, 0xbf, 0xff, 0xff, 0xff,
    0xff, 0xff, 0xff, 0xff, 0xf7, 0x0, 0x0, 0x79,
    0x98, 0x88, 0x88, 0xff, 0x88, 0x88, 0x89, 0x94,
    0x0, 0x0, 0x0, 0x0, 0x0, 0x0, 0xff, 0x0,
    0x0, 0x3, 0x0, 0x0, 0x0, 0x6, 0xd1, 0x0,
    0x0, 0xff, 0x0, 0x0, 0x2f, 0xc1, 0x0, 0x0,
    0xb, 0xfc, 0x0, 0x0, 0xff, 0x0, 0x0, 0xbf,
    0xb0, 0x0, 0x0, 0x1, 0xdf, 0x80, 0x0, 0xff,
    0x0, 0x4, 0xff, 0x10, 0x0, 0x0, 0x0, 0x3f,
    0xf4, 0x0, 0xff, 0x0, 0x1e, 0xf5, 0x0, 0x0,
    0x0, 0x0, 0x9, 0xfe, 0x0, 0xff, 0x0, 0xbf,
    0xa0, 0x0, 0x0, 0x0, 0x0, 0x1, 0xd4, 0x0,
    0xff, 0x1, 0xce, 0x10, 0x0, 0x0, 0x0, 0x0,
    0x0, 0x0, 0x0, 0xff, 0x0, 0x1, 0x0, 0x0,
    0x0, 0x6b, 0xaa, 0xaa, 0xaa, 0xaa, 0xff, 0xaa,
    0xaa, 0xaa, 0xaa, 0xb6, 0x9f, 0xff, 0xff, 0xff,
    0xff, 0xff, 0xff, 0xff, 0xff, 0xff, 0xf9, 0x0,
    0x0, 0x0, 0x0, 0x0, 0xff, 0x0, 0x0, 0x0,
    0x0, 0x0, 0x0, 0x0, 0x0, 0x0, 0x0, 0xff,
    0x0, 0x0, 0x0, 0x0, 0x0, 0x0, 0x0, 0x0,
    0x0, 0x0, 0xff, 0x0, 0x0, 0x0, 0x0, 0x0,
    0x0, 0x0, 0x0, 0x0, 0x0, 0xff, 0x0, 0x0,
    0x0, 0x0, 0x0, 0x0, 0x0, 0x0, 0x0, 0x0,
    0xff, 0x0, 0x0, 0x0, 0x0, 0x0, 0x0, 0x0,
    0x0, 0x0, 0x0, 0xff, 0x10, 0x0, 0x0, 0x0,
    0x0, 0x0, 0x0, 0x0, 0x0, 0x0, 0xff, 0x10,
    0x0, 0x0, 0x0, 0x0, 0x0, 0x0, 0x0, 0x0,
    0x0, 0xff, 0x10, 0x0, 0x0, 0x0, 0x0,

    /* U+5E74 "年" */
    0x0, 0x0, 0x0, 0x6, 0x10, 0x0, 0x0, 0x0,
    0x0, 0x0, 0x0, 0x0, 0x0, 0x0, 0x6, 0xff,
    0x40, 0x0, 0x0, 0x0, 0x0, 0x0, 0x0, 0x0,
    0x0, 0x0, 0xdf, 0x90, 0x0, 0x0, 0x0, 0x0,
    0x0, 0x0, 0x0, 0x0, 0x0, 0x7f, 0xf1, 0x0,
    0x0, 0x0, 0x0, 0x1, 0x11, 0x0, 0x0, 0x0,
    0x2f, 0xff, 0xff, 0xff, 0xff, 0xff, 0xff, 0xff,
    0xf6, 0x0, 0x0, 0xc, 0xfc, 0x55, 0x55, 0x5d,
    0xf6, 0x55, 0x56, 0x66, 0x20, 0x0, 0x8, 0xff,
    0x20, 0x0, 0x0, 0xcf, 0x10, 0x0, 0x0, 0x0,
    0x0, 0x6, 0xff, 0x50, 0x0, 0x0, 0xc, 0xf1,
    0x0, 0x0, 0x0, 0x0, 0x5, 0xff, 0x90, 0x0,
    0x0, 0x0, 0xcf, 0x10, 0x0, 0x0, 0x0, 0x0,
    0x28, 0xc0, 0xcf, 0xff, 0xff, 0xff, 0xff, 0xff,
    0xff, 0xf5, 0x0, 0x0, 0x0, 0xc, 0xf7, 0x77,
    0x77, 0xef, 0x77, 0x77, 0x78, 0x30, 0x0, 0x0,
    0x0, 0xbf, 0x10, 0x0, 0xc, 0xf1, 0x0, 0x0,
    0x0, 0x0, 0x0, 0x0, 0xb, 0xf1, 0x0, 0x0,
    0xcf, 0x10, 0x0, 0x0, 0x0, 0x0, 0x0, 0x0,
    0xbf, 0x10, 0x0, 0xc, 0xf1, 0x0, 0x0, 0x0,
    0x0, 0x2, 0x11, 0x1b, 0xf1, 0x0, 0x0, 0xcf,
    0x10, 0x0, 0x0, 0x11, 0x11, 0xff, 0xff, 0xff,
    0xff, 0xff, 0xff, 0xff, 0xff, 0xff, 0xff, 0xfb,
    0x7, 0x66, 0x55, 0x55, 0x55, 0x55, 0xdf, 0x65,
    0x55, 0x55, 0x66, 0x40, 0x0, 0x0, 0x0, 0x0,
    0x0, 0xc, 0xf1, 0x0, 0x0, 0x0, 0x0, 0x0,
    0x0, 0x0, 0x0, 0x0, 0x0, 0xcf, 0x10, 0x0,
    0x0, 0x0, 0x0, 0x0, 0x0, 0x0, 0x0, 0x0,
    0xd, 0xf1, 0x0, 0x0, 0x0, 0x0, 0x0, 0x0,
    0x0, 0x0, 0x0, 0x0, 0xdf, 0x10, 0x0, 0x0,
    0x0, 0x0, 0x0, 0x0, 0x0, 0x0, 0x0, 0xe,
    0xf2, 0x0, 0x0, 0x0, 0x0,

    /* U+5E7F "广" */
    0x0, 0x0, 0x0, 0x0, 0x0, 0x0, 0x0, 0x0,
    0x0, 0x0, 0x0, 0x0, 0x0, 0x0, 0x0, 0x0,
    0x0, 0x8d, 0x0, 0x0, 0x0, 0x0, 0x0, 0x0,
    0x0, 0x0, 0x0, 0x0, 0xc, 0xf7, 0x0, 0x0,
    0x0, 0x0, 0x0, 0x0, 0x0, 0x0, 0x0, 0x0,
    0x4f, 0xe0, 0x0, 0x0, 0x0, 0x0, 0x0, 0x0,
    0x0, 0x0, 0x0, 0x0, 0xea, 0x10, 0x0, 0x0,
    0x0, 0x0, 0x0, 0x4b, 0xbb, 0xbb, 0xbb, 0xbb,
    0xbb, 0xbb, 0xbb, 0xbb, 0xc6, 0x0, 0x5, 0xff,
    0xff, 0xff, 0xff, 0xff, 0xff, 0xff, 0xff, 0xff,
    0x80, 0x0, 0x4f, 0xa0, 0x0, 0x0, 0x0, 0x0,
    0x0, 0x0, 0x0, 0x0, 0x0, 0x3, 0xfb, 0x0,
    0x0, 0x0, 0x0, 0x0, 0x0, 0x0, 0x0, 0x0,
    0x0, 0x3f, 0xb0, 0x0, 0x0, 0x0, 0x0, 0x0,
    0x0, 0x0, 0x0, 0x0, 0x3, 0xfb, 0x0, 0x0,
    0x0, 0x0, 0x0, 0x0, 0x0, 0x0, 0x0, 0x0,
    0x3f, 0xb0, 0x0, 0x0, 0x0, 0x0, 0x0, 0x0,
    0x0, 0x0, 0x0, 0x3, 0xfb, 0x0, 0x0, 0x0,
    0x0, 0x0, 0x0, 0x0, 0x0, 0x0, 0x0, 0x3f,
    0xb0, 0x0, 0x0, 0x0, 0x0, 0x0, 0x0, 0x0,
    0x0, 0x0, 0x4, 0xfb, 0x0, 0x0, 0x0, 0x0,
    0x0, 0x0, 0x0, 0x0, 0x0, 0x0, 0x5f, 0xa0,
    0x0, 0x0, 0x0, 0x0, 0x0, 0x0, 0x0, 0x0,
    0x0, 0x8, 0xf7, 0x0, 0x0, 0x0, 0x0, 0x0,
    0x0, 0x0, 0x0, 0x0, 0x0, 0xbf, 0x50, 0x0,
    0x0, 0x0, 0x0, 0x0, 0x0, 0x0, 0x0, 0x0,
    0x1f, 0xf1, 0x0, 0x0, 0x0, 0x0, 0x0, 0x0,
    0x0, 0x0, 0x0, 0x8, 0xfc, 0x0, 0x0, 0x0,
    0x0, 0x0, 0x0, 0x0, 0x0, 0x0, 0x2, 0xff,
    0x60, 0x0, 0x0, 0x0, 0x0, 0x0, 0x0, 0x0,
    0x0, 0x0, 0xdf, 0xe0, 0x0, 0x0, 0x0, 0x0,
    0x0, 0x0, 0x0, 0x0, 0x0, 0x2, 0xc5, 0x0,
    0x0, 0x0, 0x0, 0x0, 0x0, 0x0, 0x0, 0x0,
    0x0, 0x0, 0x0, 0x0, 0x0, 0x0, 0x0, 0x0,
    0x0, 0x0, 0x0, 0x0,

    /* U+5E86 "庆" */
    0x0, 0x0, 0x0, 0x0, 0x0, 0x2, 0x96, 0x0,
    0x0, 0x0, 0x0, 0x0, 0x0, 0x0, 0x0, 0x0,
    0x0, 0x5, 0xfd, 0x0, 0x0, 0x0, 0x0, 0x0,
    0x0, 0x0, 0x0, 0x0, 0x0, 0x0, 0xef, 0x40,
    0x0, 0x0, 0x0, 0x0, 0x0, 0x2, 0x99, 0x99,
    0x99, 0x99, 0xdf, 0xd9, 0x99, 0x99, 0xaa, 0x0,
    0x0, 0x3, 0xff, 0xee, 0xee, 0xee, 0xee, 0xee,
    0xee, 0xee, 0xff, 0x0, 0x0, 0x3, 0xfa, 0x0,
    0x0, 0x0, 0x0, 0x0, 0x0, 0x0, 0x0, 0x0,
    0x0, 0x3, 0xfa, 0x0, 0x0, 0x0, 0x4f, 0xc0,
    0x0, 0x0, 0x0, 0x0, 0x0, 0x2, 0xf9, 0x0,
    0x0, 0x0, 0x3f, 0xa0, 0x0, 0x0, 0x0, 0x0,
    0x0, 0x2, 0xf9, 0x0, 0x0, 0x0, 0x3f, 0x90,
    0x0, 0x0, 0x0, 0x0, 0x0, 0x2, 0xf9, 0x0,
    0x0, 0x0, 0x3f, 0x90, 0x0, 0x0, 0x0, 0x0,
    0x0, 0x3, 0xf8, 0x6f, 0xff, 0xff, 0xff, 0xff,
    0xff, 0xff, 0xf9, 0x0, 0x0, 0x4, 0xf8, 0x49,
    0x99, 0x88, 0xcf, 0xfa, 0x88, 0x89, 0x95, 0x0,
    0x0, 0x5, 0xf7, 0x0, 0x0, 0x0, 0xaf, 0xf8,
    0x0, 0x0, 0x0, 0x0, 0x0, 0x7, 0xf5, 0x0,
    0x0, 0x0, 0xfd, 0xee, 0x0, 0x0, 0x0, 0x0,
    0x0, 0x9, 0xf3, 0x0, 0x0, 0x6, 0xf7, 0x9f,
    0x70, 0x0, 0x0, 0x0, 0x0, 0xc, 0xf1, 0x0,
    0x0, 0xe, 0xf1, 0x2f, 0xf1, 0x0, 0x0, 0x0,
    0x0, 0xf, 0xd0, 0x0, 0x0, 0xaf, 0x70, 0x9,
    0xfb, 0x0, 0x0, 0x0, 0x0, 0x5f, 0xa0, 0x0,
    0x7, 0xfd, 0x0, 0x0, 0xdf, 0x90, 0x0, 0x0,
    0x0, 0xbf, 0x50, 0x0, 0x8f, 0xf3, 0x0, 0x0,
    0x2e, 0xfa, 0x0, 0x0, 0x4, 0xfe, 0x0, 0x9,
    0xff, 0x40, 0x0, 0x0, 0x3, 0xef, 0xd4, 0x0,
    0xd, 0xf6, 0x4, 0xef, 0xf4, 0x0, 0x0, 0x0,
    0x0, 0x2c, 0xff, 0xa0, 0x4, 0xb0, 0x4, 0xed,
    0x20, 0x0, 0x0, 0x0, 0x0, 0x0, 0x7e, 0x10,
    0x0, 0x0, 0x0, 0x20, 0x0, 0x0, 0x0, 0x0,
    0x0, 0x0, 0x0, 0x0,

    /* U+5E8A "床" */
    0x0, 0x0, 0x0, 0x0, 0x0, 0x1, 0x62, 0x0,
    0x0, 0x0, 0x0, 0x0, 0x0, 0x0, 0x0, 0x0,
    0x0, 0x9f, 0xa0, 0x0, 0x0, 0x0, 0x0, 0x0,
    0x0, 0x0, 0x0, 0x0, 0x3, 0xff, 0x0, 0x0,
    0x0, 0x0, 0x0, 0x0, 0x8b, 0xbb, 0xbb, 0xbb,
    0xbf, 0xfb, 0xbb, 0xbb, 0xbb, 0x50, 0x0, 0xb,
    0xfe, 0xee, 0xee, 0xee, 0xee, 0xee, 0xee, 0xee,
    0xf7, 0x0, 0x0, 0xbf, 0x30, 0x0, 0x0, 0x1,
    0x76, 0x0, 0x0, 0x0, 0x0, 0x0, 0xb, 0xf3,
    0x0, 0x0, 0x0, 0x1f, 0xd0, 0x0, 0x0, 0x0,
    0x0, 0x0, 0xaf, 0x30, 0x0, 0x0, 0x1, 0xfd,
    0x0, 0x0, 0x0, 0x0, 0x0, 0xa, 0xf3, 0x0,
    0x0, 0x0, 0x1f, 0xd0, 0x0, 0x0, 0x0, 0x0,
    0x0, 0xaf, 0x25, 0xba, 0xaa, 0xaa, 0xfe, 0xaa,
    0xaa, 0xab, 0x60, 0x0, 0xa, 0xf2, 0x7f, 0xff,
    0xff, 0xff, 0xff, 0xff, 0xff, 0xf9, 0x0, 0x0,
    0xbf, 0x10, 0x0, 0x0, 0xaf, 0xff, 0xb0, 0x0,
    0x0, 0x0, 0x0, 0xc, 0xf0, 0x0, 0x0, 0x2f,
    0xef, 0xff, 0x50, 0x0, 0x0, 0x0, 0x0, 0xdf,
    0x0, 0x0, 0xb, 0xf5, 0xfc, 0xef, 0x20, 0x0,
    0x0, 0x0, 0xf, 0xd0, 0x0, 0x6, 0xfb, 0x1f,
    0xb5, 0xfe, 0x20, 0x0, 0x0, 0x1, 0xfb, 0x0,
    0x3, 0xff, 0x21, 0xfb, 0x8, 0xfe, 0x20, 0x0,
    0x0, 0x4f, 0x80, 0x2, 0xef, 0x60, 0x1f, 0xb0,
    0x9, 0xff, 0x50, 0x0, 0x8, 0xf5, 0x3, 0xef,
    0x90, 0x1, 0xfb, 0x0, 0x8, 0xff, 0xc4, 0x0,
    0xef, 0x17, 0xff, 0xa0, 0x0, 0x1f, 0xb0, 0x0,
    0x5, 0xff, 0x30, 0x5f, 0xb0, 0xa, 0xa0, 0x0,
    0x1, 0xfb, 0x0, 0x0, 0x2, 0x50, 0xd, 0xf4,
    0x0, 0x0, 0x0, 0x0, 0x1f, 0xc0, 0x0, 0x0,
    0x0, 0x0, 0x3a, 0x0, 0x0, 0x0, 0x0, 0x2,
    0xfc, 0x0, 0x0, 0x0, 0x0,

    /* U+5EA6 "度" */
    0x0, 0x0, 0x0, 0x0, 0x0, 0x2, 0x82, 0x0,
    0x0, 0x0, 0x0, 0x0, 0x0, 0x0, 0x0, 0x0,
    0x0, 0x9f, 0x90, 0x0, 0x0, 0x0, 0x0, 0x0,
    0x0, 0x0, 0x0, 0x0, 0x3, 0xfe, 0x0, 0x0,
    0x0, 0x0, 0x0, 0x0, 0xaf, 0xff, 0xff, 0xff,
    0xff, 0xff, 0xff, 0xff, 0xff, 0x60, 0x0, 0xa,
    0xf9, 0x88, 0x88, 0x88, 0x88, 0x88, 0x88, 0x89,
    0x93, 0x0, 0x0, 0xaf, 0x20, 0x0, 0xac, 0x10,
    0x0, 0xd, 0xe0, 0x0, 0x0, 0x0, 0xa, 0xf2,
    0x0, 0xb, 0xf1, 0x0, 0x0, 0xef, 0x0, 0x0,
    0x0, 0x0, 0xaf, 0x28, 0x77, 0xdf, 0x77, 0x77,
    0x7e, 0xf7, 0x78, 0x40, 0x0, 0xa, 0xf2, 0xff,
    0xff, 0xff, 0xff, 0xff, 0xff, 0xff, 0xf7, 0x0,
    0x0, 0xaf, 0x10, 0x0, 0xbf, 0x10, 0x0, 0xe,
    0xe0, 0x0, 0x0, 0x0, 0xb, 0xf1, 0x0, 0xb,
    0xf1, 0x0, 0x0, 0xee, 0x0, 0x0, 0x0, 0x0,
    0xbf, 0x0, 0x0, 0xcf, 0xff, 0xff, 0xff, 0xf0,
    0x0, 0x0, 0x0, 0xc, 0xf0, 0x0, 0x7, 0x88,
    0x88, 0x88, 0x88, 0x0, 0x0, 0x0, 0x0, 0xde,
    0x0, 0x11, 0x0, 0x0, 0x0, 0x0, 0x0, 0x0,
    0x0, 0x0, 0xe, 0xd0, 0x7f, 0xff, 0xff, 0xff,
    0xff, 0xff, 0xf2, 0x0, 0x0, 0x1, 0xfa, 0x3,
    0x66, 0xdf, 0x65, 0x55, 0x5c, 0xf8, 0x0, 0x0,
    0x0, 0x3f, 0x80, 0x0, 0x4, 0xfa, 0x0, 0x4,
    0xfc, 0x0, 0x0, 0x0, 0x7, 0xf4, 0x0, 0x0,
    0x9, 0xf8, 0x3, 0xfd, 0x10, 0x0, 0x0, 0x0,
    0xcf, 0x10, 0x0, 0x0, 0xb, 0xfb, 0xfe, 0x20,
    0x0, 0x0, 0x0, 0x3f, 0xc0, 0x0, 0x0, 0x0,
    0x5f, 0xff, 0x91, 0x0, 0x0, 0x0, 0xa, 0xf5,
    0x0, 0x13, 0x6a, 0xef, 0xe9, 0xdf, 0xfe, 0xb8,
    0x65, 0x30, 0x7d, 0x1, 0xef, 0xff, 0xea, 0x50,
    0x0, 0x38, 0xcf, 0xff, 0xf5, 0x0, 0x0, 0x4,
    0x85, 0x10, 0x0, 0x0, 0x0, 0x0, 0x3, 0x57,
    0x0,

    /* U+5EFA "建" */
    0x0, 0x0, 0x0, 0x0, 0x0, 0x0, 0x1b, 0x70,
    0x0, 0x0, 0x0, 0x0, 0x0, 0x0, 0x0, 0x0,
    0x0, 0x1, 0xf9, 0x0, 0x0, 0x0, 0x0, 0x6,
    0x77, 0x77, 0x50, 0x4c, 0xbb, 0xbf, 0xeb, 0xbb,
    0xb7, 0x0, 0x0, 0xdf, 0xff, 0xf8, 0x3, 0xbb,
    0xbb, 0xfd, 0xaa, 0xbf, 0xa0, 0x0, 0x0, 0x0,
    0x8f, 0x20, 0x0, 0x0, 0x1f, 0x90, 0x1, 0xf9,
    0x0, 0x0, 0x0, 0xe, 0xb0, 0x47, 0x77, 0x77,
    0xfc, 0x77, 0x7f, 0xc7, 0x70, 0x0, 0x5, 0xf4,
    0x8, 0xff, 0xff, 0xff, 0xff, 0xff, 0xff, 0xff,
    0x0, 0x0, 0xbe, 0x0, 0x0, 0x0, 0x1, 0xf9,
    0x0, 0x1f, 0x90, 0x0, 0x0, 0x4f, 0x70, 0x0,
    0x3, 0x22, 0x3f, 0xa2, 0x23, 0xfa, 0x0, 0x0,
    0x3e, 0xfa, 0x88, 0x13, 0xff, 0xff, 0xff, 0xff,
    0xff, 0xa0, 0x0, 0x4, 0xff, 0xff, 0xf0, 0x15,
    0x55, 0x5f, 0xb4, 0x44, 0x43, 0x0, 0x0, 0x4,
    0x10, 0xde, 0x0, 0x0, 0x1, 0xf9, 0x0, 0x0,
    0x0, 0x0, 0x0, 0x40, 0xf, 0xb0, 0xbf, 0xff,
    0xff, 0xff, 0xff, 0xf8, 0x0, 0x0, 0xde, 0x3,
    0xf8, 0x5, 0x77, 0x77, 0xfc, 0x77, 0x77, 0x40,
    0x0, 0x6, 0xf7, 0x7f, 0x40, 0x0, 0x0, 0x1f,
    0x90, 0x0, 0x0, 0x0, 0x0, 0xe, 0xec, 0xf0,
    0x4b, 0xaa, 0xaa, 0xfd, 0xaa, 0xaa, 0xa7, 0x0,
    0x0, 0x4f, 0xfa, 0x5, 0xee, 0xdd, 0xdf, 0xfd,
    0xdd, 0xee, 0xa0, 0x0, 0x0, 0xdf, 0xb0, 0x0,
    0x0, 0x1, 0xf9, 0x0, 0x0, 0x0, 0x0, 0x0,
    0x7f, 0xdf, 0xd4, 0x0, 0x0, 0x2f, 0xa0, 0x0,
    0x0, 0x0, 0x0, 0x4f, 0xe1, 0x5e, 0xfd, 0x83,
    0x11, 0x96, 0x0, 0x0, 0x0, 0x10, 0x5f, 0xf3,
    0x0, 0x19, 0xff, 0xff, 0xed, 0xcc, 0xbc, 0xcd,
    0xfd, 0x4, 0xf5, 0x0, 0x0, 0x0, 0x48, 0xac,
    0xef, 0xff, 0xff, 0xff, 0x90, 0x1, 0x0, 0x0,
    0x0, 0x0, 0x0, 0x0, 0x0, 0x0, 0x0, 0x0,
    0x0,

    /* U+5F00 "开" */
    0x0, 0x33, 0x22, 0x22, 0x22, 0x22, 0x22, 0x22,
    0x22, 0x23, 0x10, 0x0, 0xff, 0xff, 0xff, 0xff,
    0xff, 0xff, 0xff, 0xff, 0xff, 0x80, 0x0, 0x99,
    0x88, 0x8e, 0xfa, 0x88, 0x88, 0xff, 0x88, 0x89,
    0x50, 0x0, 0x0, 0x0, 0xc, 0xf3, 0x0, 0x0,
    0xfe, 0x0, 0x0, 0x0, 0x0, 0x0, 0x0, 0xc,
    0xf3, 0x0, 0x0, 0xfe, 0x0, 0x0, 0x0, 0x0,
    0x0, 0x0, 0xc, 0xf3, 0x0, 0x0, 0xfe, 0x0,
    0x0, 0x0, 0x0, 0x0, 0x0, 0xc, 0xf3, 0x0,
    0x0, 0xfe, 0x0, 0x0, 0x0, 0x0, 0x0, 0x0,
    0xc, 0xf3, 0x0, 0x0, 0xfe, 0x0, 0x0, 0x0,
    0x0, 0x0, 0x0, 0xc, 0xf3, 0x0, 0x0, 0xfe,
    0x0, 0x0, 0x0, 0x7b, 0xba, 0xaa, 0xae, 0xfb,
    0xaa, 0xaa, 0xff, 0xaa, 0xaa, 0xb8, 0xbf, 0xff,
    0xff, 0xff, 0xff, 0xff, 0xff, 0xff, 0xff, 0xff,
    0xfb, 0x22, 0x0, 0x0, 0xe, 0xf1, 0x0, 0x0,
    0xfe, 0x0, 0x0, 0x1, 0x0, 0x0, 0x0, 0x1f,
    0xd0, 0x0, 0x0, 0xfe, 0x0, 0x0, 0x0, 0x0,
    0x0, 0x0, 0x7f, 0xa0, 0x0, 0x0, 0xfe, 0x0,
    0x0, 0x0, 0x0, 0x0, 0x0, 0xdf, 0x50, 0x0,
    0x0, 0xfe, 0x0, 0x0, 0x0, 0x0, 0x0, 0x6,
    0xfe, 0x0, 0x0, 0x0, 0xfe, 0x0, 0x0, 0x0,
    0x0, 0x0, 0x2f, 0xf6, 0x0, 0x0, 0x0, 0xfe,
    0x0, 0x0, 0x0, 0x0, 0x2, 0xef, 0xc0, 0x0,
    0x0, 0x1, 0xfe, 0x0, 0x0, 0x0, 0x0, 0x6f,
    0xfd, 0x10, 0x0, 0x0, 0x1, 0xff, 0x0, 0x0,
    0x0, 0xa, 0xff, 0xd1, 0x0, 0x0, 0x0, 0x1,
    0xff, 0x0, 0x0, 0x0, 0x0, 0x7a, 0x0, 0x0,
    0x0, 0x0, 0x2, 0xff, 0x0, 0x0, 0x0,

    /* U+5F55 "录" */
    0x0, 0x13, 0x21, 0x0, 0x0, 0x0, 0x0, 0x0,
    0x0, 0x0, 0x0, 0x0, 0x4f, 0xff, 0xff, 0xff,
    0xff, 0xff, 0xff, 0xff, 0x60, 0x0, 0x0, 0x28,
    0x87, 0x77, 0x77, 0x77, 0x77, 0x77, 0xcf, 0x40,
    0x0, 0x0, 0x0, 0x0, 0x0, 0x0, 0x0, 0x0,
    0x0, 0xbf, 0x30, 0x0, 0x0, 0x5, 0xaa, 0xaa,
    0xaa, 0xaa, 0xaa, 0xaa, 0xef, 0x10, 0x0, 0x0,
    0x7, 0xff, 0xff, 0xff, 0xff, 0xff, 0xff, 0xff,
    0x0, 0x0, 0x0, 0x0, 0x0, 0x0, 0x0, 0x0,
    0x0, 0x0, 0xfe, 0x0, 0x0, 0x0, 0x0, 0x0,
    0x0, 0x0, 0x0, 0x0, 0x0, 0xfd, 0x0, 0x0,
    0xbf, 0xff, 0xff, 0xff, 0xff, 0xff, 0xff, 0xff,
    0xff, 0xff, 0xfa, 0x79, 0x98, 0x88, 0x88, 0x88,
    0xff, 0x98, 0x88, 0x88, 0x89, 0x96, 0x0, 0x4,
    0x0, 0x0, 0x0, 0xef, 0x10, 0x0, 0x1, 0x0,
    0x0, 0x0, 0x4f, 0xb1, 0x0, 0x0, 0xef, 0x20,
    0x0, 0x4f, 0xa0, 0x0, 0x0, 0xa, 0xfd, 0x20,
    0x0, 0xef, 0xb0, 0x7, 0xff, 0xa1, 0x0, 0x0,
    0x0, 0x7f, 0xd0, 0x1, 0xef, 0xfa, 0xbf, 0xd4,
    0x0, 0x0, 0x0, 0x0, 0x6, 0x25, 0xd8, 0xef,
    0xaf, 0xf8, 0x0, 0x0, 0x0, 0x0, 0x0, 0x4,
    0xcf, 0xe5, 0xef, 0x1b, 0xfa, 0x0, 0x0, 0x0,
    0x0, 0x6, 0xdf, 0xf8, 0x0, 0xef, 0x10, 0xbf,
    0xc3, 0x0, 0x0, 0x49, 0xff, 0xf8, 0x10, 0x0,
    0xef, 0x10, 0x8, 0xff, 0xb5, 0x10, 0x6f, 0xf9,
    0x10, 0x0, 0x0, 0xff, 0x10, 0x0, 0x3d, 0xff,
    0xf6, 0x7, 0x20, 0x0, 0x2, 0xbd, 0xff, 0x0,
    0x0, 0x0, 0x7e, 0xd0, 0x0, 0x0, 0x0, 0x0,
    0xef, 0xf6, 0x0, 0x0, 0x0, 0x0, 0x20, 0x0,
    0x0, 0x0, 0x0, 0x54, 0x0, 0x0, 0x0, 0x0,
    0x0, 0x0,

    /* U+5F71 "影" */
    0x0, 0x0, 0x0, 0x0, 0x0, 0x0, 0x0, 0x0,
    0x0, 0x30, 0x0, 0x0, 0x1f, 0xff, 0xff, 0xff,
    0xff, 0xf4, 0x0, 0x0, 0x1f, 0xc2, 0x0, 0x1,
    0xfc, 0x55, 0x55, 0x55, 0xaf, 0x30, 0x0, 0xb,
    0xf9, 0x0, 0x0, 0xf, 0xd6, 0x66, 0x66, 0x6a,
    0xf3, 0x0, 0x8, 0xf9, 0x0, 0x0, 0x0, 0xff,
    0xff, 0xff, 0xff, 0xff, 0x20, 0x6, 0xfb, 0x0,
    0x0, 0x0, 0x1f, 0xb0, 0x0, 0x0, 0x7, 0xf3,
    0x6, 0xfd, 0x10, 0x0, 0x0, 0x1, 0xff, 0xff,
    0xff, 0xff, 0xff, 0x46, 0xfd, 0x10, 0x0, 0x0,
    0x0, 0x7, 0x77, 0x78, 0x97, 0x77, 0x72, 0x7,
    0x10, 0x0, 0xc6, 0x0, 0x0, 0x0, 0x0, 0xff,
    0x0, 0x0, 0x0, 0x0, 0x0, 0x7f, 0xd0, 0xd,
    0xdc, 0xcc, 0xcf, 0xfc, 0xcc, 0xcd, 0xd2, 0x0,
    0x4f, 0xe2, 0x0, 0xaa, 0xaa, 0xaa, 0xaa, 0xaa,
    0xaa, 0xab, 0x20, 0x2e, 0xf3, 0x0, 0x0, 0x5,
    0x55, 0x55, 0x55, 0x55, 0x51, 0x0, 0x2e, 0xf4,
    0x0, 0x0, 0x1, 0xff, 0xff, 0xff, 0xff, 0xff,
    0x40, 0x4e, 0xf5, 0x0, 0x0, 0x0, 0xf, 0xb1,
    0x11, 0x11, 0x18, 0xf3, 0x5f, 0xf4, 0x0, 0x2,
    0x0, 0x1, 0xfd, 0x77, 0x77, 0x77, 0xbf, 0x30,
    0x62, 0x0, 0x2, 0xe8, 0x0, 0x1f, 0xff, 0xff,
    0xff, 0xff, 0xf4, 0x0, 0x0, 0x1, 0xdf, 0x90,
    0x0, 0x0, 0x0, 0x9f, 0x40, 0x0, 0x0, 0x0,
    0x1, 0xcf, 0xa0, 0x0, 0x3, 0xa0, 0x9, 0xf4,
    0x3d, 0x20, 0x0, 0x1, 0xdf, 0xa0, 0x0, 0x2,
    0xef, 0x40, 0x9f, 0x44, 0xfe, 0x10, 0x4, 0xef,
    0x90, 0x0, 0x3, 0xef, 0x40, 0xa, 0xf4, 0x5,
    0xe2, 0x9, 0xff, 0x60, 0x0, 0x0, 0x8e, 0x30,
    0x4b, 0xff, 0x30, 0x1, 0x6e, 0xfd, 0x30, 0x0,
    0x0, 0x0, 0x10, 0x2, 0xfe, 0x80, 0x0, 0xc,
    0xf9, 0x0, 0x0, 0x0, 0x0, 0x0, 0x0, 0x3,
    0x0, 0x0, 0x0, 0x13, 0x0, 0x0, 0x0, 0x0,
    0x0,

    /* U+5F85 "待" */
    0x0, 0x0, 0x3, 0x20, 0x0, 0x0, 0x8, 0x90,
    0x0, 0x0, 0x0, 0x0, 0x0, 0xd, 0xf4, 0x0,
    0x0, 0xd, 0xf0, 0x0, 0x0, 0x0, 0x0, 0x0,
    0x9f, 0xb0, 0x0, 0x0, 0xd, 0xf0, 0x0, 0x0,
    0x0, 0x0, 0x6, 0xfd, 0x0, 0x1, 0x10, 0xd,
    0xf0, 0x0, 0x12, 0x0, 0x0, 0x4f, 0xe2, 0x0,
    0x6f, 0xff, 0xff, 0xff, 0xff, 0xff, 0x0, 0x4,
    0xff, 0x30, 0x0, 0x38, 0x88, 0x7e, 0xf7, 0x77,
    0x77, 0x0, 0x2f, 0xf4, 0x1, 0xe4, 0x0, 0x0,
    0xd, 0xf0, 0x0, 0x0, 0x0, 0x5, 0x40, 0x9,
    0xfa, 0x0, 0x0, 0xd, 0xf0, 0x0, 0x0, 0x0,
    0x0, 0x0, 0x4f, 0xc3, 0x99, 0x98, 0x8e, 0xf8,
    0x88, 0x88, 0x97, 0x0, 0x1, 0xef, 0x25, 0xff,
    0xff, 0xff, 0xff, 0xff, 0xff, 0xfc, 0x0, 0xa,
    0xfb, 0x0, 0x10, 0x0, 0x0, 0x0, 0xaf, 0x20,
    0x0, 0x0, 0x7f, 0xfb, 0x0, 0x0, 0x0, 0x0,
    0x0, 0xaf, 0x20, 0x0, 0x6, 0xfd, 0xfb, 0x1,
    0x21, 0x11, 0x11, 0x11, 0xbf, 0x31, 0x21, 0x6f,
    0xd2, 0xfb, 0x8, 0xff, 0xff, 0xff, 0xff, 0xff,
    0xff, 0xf8, 0x4e, 0x21, 0xfb, 0x4, 0x88, 0x88,
    0x88, 0x88, 0xdf, 0x98, 0x84, 0x0, 0x1, 0xfb,
    0x0, 0x1, 0xa4, 0x0, 0x0, 0xaf, 0x20, 0x0,
    0x0, 0x1, 0xfb, 0x0, 0x7, 0xff, 0x20, 0x0,
    0xaf, 0x20, 0x0, 0x0, 0x1, 0xfb, 0x0, 0x0,
    0xaf, 0xd0, 0x0, 0xaf, 0x20, 0x0, 0x0, 0x1,
    0xfb, 0x0, 0x0, 0xd, 0x70, 0x0, 0xaf, 0x20,
    0x0, 0x0, 0x1, 0xfb, 0x0, 0x0, 0x0, 0x0,
    0x45, 0xef, 0x10, 0x0, 0x0, 0x2, 0xfb, 0x0,
    0x0, 0x0, 0x0, 0xdf, 0xfd, 0x0, 0x0, 0x0,
    0x2, 0xfc, 0x0, 0x0, 0x0, 0x0, 0x69, 0x50,
    0x0, 0x0,

    /* U+5F97 "得" */
    0x0, 0x0, 0x1, 0x0, 0x0, 0x0, 0x0, 0x0,
    0x0, 0x0, 0x0, 0x0, 0x0, 0x3f, 0x70, 0x7,
    0x77, 0x77, 0x77, 0x77, 0x76, 0x0, 0x0, 0x0,
    0xdf, 0x90, 0xf, 0xff, 0xff, 0xff, 0xff, 0xfd,
    0x0, 0x0, 0xa, 0xfa, 0x0, 0xe, 0xc0, 0x0,
    0x0, 0x0, 0xdd, 0x0, 0x0, 0x9f, 0xc0, 0x0,
    0xe, 0xe7, 0x77, 0x77, 0x77, 0xed, 0x0, 0x9,
    0xfc, 0x0, 0x0, 0xe, 0xff, 0xff, 0xff, 0xff,
    0xfd, 0x0, 0xb, 0xc1, 0x9, 0x80, 0xe, 0xc0,
    0x0, 0x0, 0x0, 0xdd, 0x0, 0x0, 0x10, 0x3f,
    0xf3, 0xe, 0xe7, 0x77, 0x77, 0x77, 0xed, 0x0,
    0x0, 0x0, 0xdf, 0x60, 0xf, 0xff, 0xff, 0xff,
    0xff, 0xfe, 0x0, 0x0, 0xa, 0xf9, 0x0, 0x0,
    0x0, 0x0, 0x0, 0x0, 0x0, 0x0, 0x0, 0x9f,
    0xf1, 0x2, 0x87, 0x77, 0x77, 0x77, 0x77, 0x77,
    0x81, 0x9, 0xff, 0xf1, 0x4, 0xff, 0xff, 0xff,
    0xff, 0xff, 0xff, 0xf2, 0xaf, 0xeb, 0xf1, 0x0,
    0x0, 0x0, 0x0, 0x0, 0x1f, 0x90, 0x0, 0x4e,
    0x29, 0xf1, 0x0, 0x0, 0x0, 0x0, 0x0, 0x1f,
    0x90, 0x1, 0x1, 0x9, 0xf1, 0xaf, 0xff, 0xff,
    0xff, 0xff, 0xff, 0xff, 0xfc, 0x0, 0x9, 0xf1,
    0x68, 0x88, 0x88, 0x88, 0x88, 0x8f, 0xc8, 0x87,
    0x0, 0x9, 0xf1, 0x0, 0x7, 0x50, 0x0, 0x0,
    0x1f, 0x90, 0x0, 0x0, 0x9, 0xf1, 0x0, 0x1f,
    0xf2, 0x0, 0x0, 0x1f, 0x90, 0x0, 0x0, 0x9,
    0xf1, 0x0, 0x6, 0xfb, 0x0, 0x0, 0x1f, 0x90,
    0x0, 0x0, 0xa, 0xf1, 0x0, 0x0, 0xdc, 0x10,
    0x0, 0x6f, 0x90, 0x0, 0x0, 0xa, 0xf2, 0x0,
    0x0, 0x20, 0x0, 0xdf, 0xff, 0x60, 0x0, 0x0,
    0xb, 0xf2, 0x0, 0x0, 0x0, 0x0, 0x8f, 0xc7,
    0x0, 0x0, 0x0, 0x0, 0x0, 0x0, 0x0, 0x0,
    0x0, 0x0, 0x0, 0x0, 0x0,

    /* U+5FD8 "忘" */
    0x0, 0x0, 0x0, 0x0, 0x0, 0x5b, 0x10, 0x0,
    0x0, 0x0, 0x0, 0x0, 0x0, 0x0, 0x0, 0x0,
    0x8, 0xf8, 0x0, 0x0, 0x0, 0x0, 0x0, 0x0,
    0x0, 0x0, 0x0, 0x0, 0x1f, 0xe0, 0x0, 0x0,
    0x0, 0x0, 0x0, 0x0, 0x0, 0x0, 0x0, 0x0,
    0x8a, 0x20, 0x0, 0x0, 0x0, 0x0, 0x4, 0xba,
    0x99, 0x99, 0x99, 0x99, 0x99, 0x99, 0x99, 0x99,
    0xaa, 0x0, 0x5f, 0xff, 0xff, 0xff, 0xff, 0xff,
    0xff, 0xff, 0xff, 0xff, 0xf0, 0x0, 0x10, 0x9,
    0xf3, 0x0, 0x0, 0x0, 0x0, 0x0, 0x0, 0x1,
    0x0, 0x0, 0x0, 0x9f, 0x30, 0x0, 0x0, 0x0,
    0x0, 0x0, 0x0, 0x0, 0x0, 0x0, 0x9, 0xf3,
    0x0, 0x0, 0x0, 0x0, 0x0, 0x0, 0x0, 0x0,
    0x0, 0x0, 0x9f, 0x30, 0x0, 0x0, 0x0, 0x0,
    0x0, 0x0, 0x0, 0x0, 0x0, 0xa, 0xfc, 0xbb,
    0xbb, 0xbb, 0xbb, 0xbb, 0xc9, 0x0, 0x0, 0x0,
    0x0, 0xaf, 0xff, 0xff, 0xff, 0xff, 0xff, 0xff,
    0xc0, 0x0, 0x0, 0x0, 0x0, 0x0, 0x0, 0x0,
    0x10, 0x0, 0x0, 0x0, 0x0, 0x0, 0x0, 0x0,
    0x0, 0x0, 0x2, 0xec, 0x0, 0x0, 0x0, 0x0,
    0x0, 0x0, 0x6, 0x50, 0x2, 0x10, 0xc, 0xf7,
    0x0, 0x0, 0x39, 0x0, 0x0, 0x0, 0xef, 0x1,
    0xff, 0x0, 0x3f, 0xf2, 0x0, 0x1f, 0xf5, 0x0,
    0x0, 0x4f, 0x90, 0xf, 0xe0, 0x0, 0xaf, 0x60,
    0x0, 0x7f, 0xf2, 0x0, 0xb, 0xf3, 0x0, 0xfe,
    0x0, 0x2, 0x50, 0x4, 0x0, 0xbf, 0xc0, 0x2,
    0xfd, 0x0, 0xf, 0xe0, 0x0, 0x0, 0x0, 0xfe,
    0x31, 0xef, 0x70, 0xaf, 0x80, 0x0, 0xff, 0x0,
    0x0, 0x0, 0x3f, 0xf1, 0x6, 0x80, 0xb, 0xf3,
    0x0, 0xf, 0xfc, 0x99, 0x99, 0x9e, 0xfb, 0x0,
    0x0, 0x0, 0x2, 0x0, 0x0, 0x8f, 0xff, 0xff,
    0xff, 0xfd, 0x20, 0x0, 0x0,

    /* U+606F "息" */
    0x0, 0x0, 0x0, 0x0, 0x85, 0x10, 0x0, 0x0,
    0x0, 0x0, 0x0, 0x0, 0x0, 0x0, 0x0, 0xff,
    0x20, 0x0, 0x0, 0x0, 0x0, 0x0, 0x0, 0x0,
    0x0, 0x3, 0xf8, 0x0, 0x0, 0x0, 0x0, 0x0,
    0x0, 0x0, 0xc, 0xff, 0xff, 0xff, 0xff, 0xff,
    0xff, 0xff, 0xc0, 0x0, 0x0, 0xb, 0xf6, 0x55,
    0x55, 0x55, 0x55, 0x55, 0x6f, 0xb0, 0x0, 0x0,
    0xb, 0xf1, 0x0, 0x0, 0x0, 0x0, 0x0, 0x1f,
    0xb0, 0x0, 0x0, 0xb, 0xff, 0xff, 0xff, 0xff,
    0xff, 0xff, 0xff, 0xb0, 0x0, 0x0, 0xb, 0xf6,
    0x55, 0x55, 0x55, 0x55, 0x55, 0x6f, 0xb0, 0x0,
    0x0, 0xb, 0xf1, 0x0, 0x0, 0x0, 0x0, 0x0,
    0x1f, 0xb0, 0x0, 0x0, 0xb, 0xff, 0xff, 0xff,
    0xff, 0xff, 0xff, 0xff, 0xb0, 0x0, 0x0, 0xb,
    0xf6, 0x55, 0x55, 0x55, 0x55, 0x55, 0x6f, 0xb0,
    0x0, 0x0, 0xb, 0xf1, 0x0, 0x0, 0x0, 0x0,
    0x0, 0x1f, 0xb0, 0x0, 0x0, 0xc, 0xff, 0xff,
    0xff, 0xff, 0xff, 0xff, 0xff, 0xc0, 0x0, 0x0,
    0x4, 0x55, 0x55, 0x55, 0x55, 0x55, 0x55, 0x55,
    0x40, 0x0, 0x0, 0x0, 0x0, 0x0, 0x0, 0x2,
    0x0, 0x0, 0x0, 0x0, 0x0, 0x0, 0x0, 0x2,
    0xa7, 0x0, 0xbe, 0x10, 0x0, 0x2, 0xb1, 0x0,
    0x4, 0xe6, 0x3, 0xfa, 0x0, 0x9f, 0x90, 0x0,
    0xb, 0xfb, 0x0, 0x9, 0xf4, 0x3, 0xfa, 0x0,
    0x1f, 0xd0, 0x0, 0x0, 0xdf, 0x80, 0xe, 0xe0,
    0x3, 0xf9, 0x0, 0x4, 0x0, 0x6, 0x10, 0x2f,
    0xf5, 0x5f, 0x90, 0x3, 0xfa, 0x0, 0x0, 0x0,
    0xe, 0xf1, 0x6, 0xf7, 0xaf, 0x30, 0x2, 0xfe,
    0x76, 0x66, 0x66, 0x8f, 0xc0, 0x0, 0x30, 0x1,
    0x0, 0x0, 0xbf, 0xff, 0xff, 0xff, 0xfd, 0x40,
    0x0, 0x0,

    /* U+610F "意" */
    0x0, 0x0, 0x0, 0x0, 0x0, 0x18, 0xb0, 0x0,
    0x0, 0x0, 0x0, 0x0, 0x0, 0x0, 0x0, 0x0,
    0x0, 0xef, 0x20, 0x0, 0x0, 0x0, 0x0, 0x0,
    0x67, 0x77, 0x77, 0x77, 0x7d, 0xfa, 0x77, 0x77,
    0x77, 0x80, 0x0, 0xc, 0xff, 0xff, 0xff, 0xff,
    0xff, 0xff, 0xff, 0xff, 0xff, 0x0, 0x0, 0x0,
    0x0, 0x9, 0xb0, 0x0, 0x0, 0x2b, 0x60, 0x0,
    0x0, 0x0, 0x0, 0x0, 0x0, 0xaf, 0x40, 0x0,
    0x7, 0xf8, 0x0, 0x0, 0x0, 0x9, 0x99, 0x88,
    0x8a, 0xd8, 0x88, 0x88, 0xef, 0x98, 0x88, 0x99,
    0x60, 0xde, 0xed, 0xdd, 0xdd, 0xdd, 0xdd, 0xdd,
    0xdd, 0xdd, 0xde, 0xe9, 0x0, 0x0, 0x0, 0x0,
    0x0, 0x0, 0x0, 0x0, 0x0, 0x0, 0x0, 0x0,
    0x0, 0x9, 0xff, 0xff, 0xff, 0xff, 0xff, 0xff,
    0xff, 0x30, 0x0, 0x0, 0x0, 0x9f, 0x95, 0x55,
    0x55, 0x55, 0x55, 0x5c, 0xf3, 0x0, 0x0, 0x0,
    0x9, 0xf5, 0x11, 0x11, 0x11, 0x11, 0x11, 0xbf,
    0x30, 0x0, 0x0, 0x0, 0x8f, 0xff, 0xff, 0xff,
    0xff, 0xff, 0xff, 0xf2, 0x0, 0x0, 0x0, 0x9,
    0xf8, 0x55, 0x55, 0x55, 0x55, 0x55, 0xcf, 0x20,
    0x0, 0x0, 0x0, 0x9f, 0x85, 0x55, 0x55, 0x55,
    0x55, 0x5c, 0xf3, 0x0, 0x0, 0x0, 0xa, 0xff,
    0xff, 0xff, 0xff, 0xff, 0xff, 0xff, 0x30, 0x0,
    0x0, 0x0, 0x1, 0x11, 0x11, 0x13, 0x51, 0x11,
    0x11, 0x10, 0x0, 0x0, 0x2, 0x61, 0x5, 0x95,
    0x1, 0xef, 0x20, 0x0, 0x1, 0xb9, 0x0, 0x0,
    0x7f, 0x60, 0x7f, 0x80, 0x7, 0xfc, 0x1, 0x20,
    0x1e, 0xf5, 0x0, 0xe, 0xe0, 0x6, 0xf8, 0x0,
    0x9, 0x20, 0x6f, 0x90, 0x3f, 0xf2, 0x6, 0xf8,
    0x0, 0x5f, 0xd6, 0x66, 0x66, 0x6d, 0xf8, 0x0,
    0x6f, 0x80, 0x9f, 0x20, 0x2, 0xdf, 0xff, 0xff,
    0xff, 0xfc, 0x10, 0x0, 0x40, 0x0, 0x0, 0x0,
    0x0, 0x0, 0x0, 0x0, 0x0, 0x0, 0x0, 0x0,
    0x0,

    /* U+611F "感" */
    0x0, 0x0, 0x0, 0x0, 0x0, 0x0, 0x20, 0x0,
    0x30, 0x0, 0x0, 0x0, 0x0, 0x0, 0x0, 0x0,
    0x0, 0xdf, 0x6, 0xf9, 0x0, 0x0, 0x0, 0x0,
    0x0, 0x0, 0x0, 0x0, 0xcf, 0x0, 0x9e, 0x20,
    0x0, 0x0, 0x68, 0x88, 0x88, 0x88, 0x88, 0xef,
    0x88, 0x8a, 0x89, 0x92, 0x0, 0xbf, 0xff, 0xff,
    0xff, 0xff, 0xff, 0xff, 0xff, 0xff, 0xf3, 0x0,
    0xaf, 0x0, 0x0, 0x0, 0x0, 0x8f, 0x20, 0x0,
    0x0, 0x0, 0x0, 0xaf, 0x7, 0x77, 0x77, 0x72,
    0x5f, 0x40, 0x9, 0x92, 0x0, 0x0, 0xaf, 0xf,
    0xff, 0xff, 0xf5, 0x2f, 0x80, 0xf, 0xe0, 0x0,
    0x0, 0xbe, 0x0, 0x0, 0x0, 0x0, 0xe, 0xc0,
    0x5f, 0x80, 0x0, 0x0, 0xbe, 0x1f, 0xff, 0xff,
    0xf7, 0x9, 0xf2, 0xbf, 0x10, 0x0, 0x0, 0xdd,
    0x1f, 0x95, 0x56, 0xf7, 0x3, 0xfd, 0xfa, 0x0,
    0x0, 0x0, 0xfb, 0x1f, 0x60, 0x0, 0xf7, 0x0,
    0xcf, 0xf2, 0x0, 0x0, 0x5, 0xf7, 0x1f, 0x95,
    0x55, 0xf7, 0x0, 0xaf, 0xe2, 0x0, 0xc5, 0xc,
    0xf3, 0x1f, 0xff, 0xff, 0xf7, 0x9, 0xfd, 0xfe,
    0x54, 0xfb, 0x6f, 0xc0, 0x0, 0x0, 0x0, 0x2,
    0xdf, 0xb0, 0x6f, 0xff, 0xf5, 0x7f, 0x30, 0x0,
    0x0, 0x2, 0xa1, 0x88, 0x0, 0x2, 0xae, 0xb0,
    0x1, 0x10, 0x0, 0x55, 0x8, 0xfa, 0x0, 0x0,
    0x0, 0x0, 0x0, 0x0, 0xae, 0x30, 0xef, 0x0,
    0xcf, 0x50, 0x0, 0x1, 0xca, 0x0, 0x1, 0xfe,
    0x0, 0xee, 0x0, 0x2e, 0x30, 0x4, 0x1, 0xdf,
    0x70, 0x7, 0xf8, 0x0, 0xcf, 0x0, 0x0, 0x0,
    0xe, 0xd1, 0x2f, 0xf3, 0xe, 0xf1, 0x0, 0xaf,
    0x97, 0x88, 0x88, 0xbf, 0xd0, 0x7, 0xf6, 0x1,
    0x40, 0x0, 0x3e, 0xff, 0xff, 0xff, 0xfe, 0x40,
    0x0, 0x20,

    /* U+6210 "成" */
    0x0, 0x0, 0x0, 0x0, 0x0, 0x0, 0x8, 0x70,
    0x4, 0x10, 0x0, 0x0, 0x0, 0x0, 0x0, 0x0,
    0x0, 0x0, 0xf, 0xf0, 0x2f, 0xe2, 0x0, 0x0,
    0x0, 0x0, 0x0, 0x0, 0x0, 0x0, 0xf, 0xf0,
    0x7, 0xff, 0x30, 0x0, 0x0, 0x0, 0x0, 0x0,
    0x0, 0x0, 0xf, 0xf0, 0x0, 0x7f, 0xc0, 0x0,
    0x0, 0x0, 0x0, 0x0, 0x0, 0x0, 0xe, 0xf0,
    0x0, 0x7, 0x11, 0x0, 0x0, 0xa, 0xff, 0xff,
    0xff, 0xff, 0xff, 0xff, 0xff, 0xff, 0xff, 0x0,
    0x0, 0xa, 0xfb, 0x99, 0x99, 0x99, 0x9d, 0xfa,
    0x99, 0x99, 0xaa, 0x0, 0x0, 0x9, 0xf3, 0x0,
    0x0, 0x0, 0xa, 0xf2, 0x0, 0x0, 0x0, 0x0,
    0x0, 0x9, 0xf3, 0x0, 0x0, 0x0, 0x9, 0xf3,
    0x0, 0x9, 0x0, 0x0, 0x0, 0x9, 0xf4, 0x0,
    0x0, 0x0, 0x7, 0xf5, 0x0, 0x6f, 0xe1, 0x0,
    0x0, 0x9, 0xff, 0xff, 0xff, 0xf4, 0x5, 0xf7,
    0x0, 0xcf, 0x80, 0x0, 0x0, 0x9, 0xfb, 0xaa,
    0xad, 0xf3, 0x2, 0xfa, 0x2, 0xfe, 0x0, 0x0,
    0x0, 0xa, 0xf3, 0x0, 0xa, 0xf1, 0x0, 0xfd,
    0xa, 0xf7, 0x0, 0x0, 0x0, 0xb, 0xf3, 0x0,
    0xb, 0xf0, 0x0, 0xcf, 0x4f, 0xe0, 0x0, 0x0,
    0x0, 0xc, 0xf1, 0x0, 0xc, 0xf0, 0x0, 0x8f,
    0xef, 0x50, 0x0, 0x0, 0x0, 0xe, 0xf0, 0x0,
    0xd, 0xe0, 0x0, 0x3f, 0xfb, 0x0, 0x0, 0x0,
    0x0, 0x2f, 0xe0, 0x0, 0xf, 0xd0, 0x0, 0x5f,
    0xf4, 0x0, 0x1, 0x0, 0x0, 0x6f, 0xb0, 0x22,
    0x6f, 0xb0, 0x3, 0xff, 0xfc, 0x0, 0xe, 0x60,
    0x0, 0xaf, 0x60, 0xbf, 0xff, 0x70, 0x5f, 0xf5,
    0xcf, 0x70, 0x3f, 0xe0, 0x2, 0xff, 0x10, 0x5c,
    0xa6, 0x9, 0xff, 0x50, 0x3f, 0xf7, 0x7f, 0xb0,
    0xc, 0xfa, 0x0, 0x0, 0x5, 0xdf, 0xd3, 0x0,
    0x6, 0xff, 0xff, 0x70, 0x8, 0xe1, 0x0, 0x0,
    0xa, 0xfa, 0x10, 0x0, 0x0, 0x5e, 0xff, 0x10,
    0x0, 0x0, 0x0, 0x0, 0x0, 0x40, 0x0, 0x0,
    0x0, 0x0, 0x31, 0x0,

    /* U+6211 "我" */
    0x0, 0x0, 0x0, 0x0, 0x0, 0x0, 0x0, 0x0,
    0x0, 0x0, 0x0, 0x0, 0x0, 0x0, 0x0, 0x1,
    0x1, 0xfe, 0x0, 0x0, 0x0, 0x0, 0x0, 0x0,
    0x0, 0x16, 0xce, 0x10, 0xfd, 0x1, 0xb1, 0x0,
    0x0, 0x2, 0x47, 0xad, 0xff, 0xfd, 0x50, 0xfd,
    0x8, 0xfd, 0x10, 0x0, 0x1f, 0xff, 0xff, 0xf5,
    0x10, 0x0, 0xfc, 0x0, 0x8f, 0xe2, 0x0, 0x7,
    0x73, 0xa, 0xf2, 0x0, 0x0, 0xfc, 0x0, 0x9,
    0xf9, 0x0, 0x0, 0x0, 0xa, 0xf2, 0x0, 0x0,
    0xfc, 0x0, 0x0, 0x70, 0x0, 0x11, 0x11, 0x1a,
    0xf2, 0x11, 0x11, 0xfc, 0x11, 0x11, 0x11, 0x10,
    0xbf, 0xff, 0xff, 0xff, 0xff, 0xff, 0xff, 0xff,
    0xff, 0xff, 0xf4, 0x57, 0x77, 0x7c, 0xf8, 0x77,
    0x77, 0xef, 0x77, 0x77, 0x77, 0x82, 0x0, 0x0,
    0xa, 0xf2, 0x0, 0x0, 0xcf, 0x0, 0x0, 0x40,
    0x0, 0x0, 0x0, 0xa, 0xf2, 0x0, 0x0, 0xbf,
    0x10, 0x0, 0xfe, 0x20, 0x0, 0x0, 0xa, 0xf2,
    0x38, 0x50, 0x9f, 0x30, 0x7, 0xfb, 0x0, 0x0,
    0x2, 0x5d, 0xff, 0xff, 0x80, 0x6f, 0x60, 0x1f,
    0xf1, 0x0, 0x8c, 0xff, 0xff, 0xfb, 0x73, 0x0,
    0x3f, 0x90, 0xbf, 0x60, 0x0, 0x8f, 0xfb, 0x7c,
    0xf2, 0x0, 0x0, 0xe, 0xe8, 0xfa, 0x0, 0x0,
    0x34, 0x0, 0xa, 0xf2, 0x0, 0x0, 0x9, 0xff,
    0xd1, 0x0, 0x0, 0x0, 0x0, 0xa, 0xf2, 0x0,
    0x0, 0xa, 0xff, 0x20, 0x0, 0x0, 0x0, 0x0,
    0xa, 0xf2, 0x0, 0x4, 0xdf, 0xff, 0xa0, 0x1,
    0xe5, 0x0, 0x0, 0xb, 0xf1, 0x3, 0xbf, 0xf9,
    0x1c, 0xf9, 0x4, 0xfc, 0x0, 0x48, 0xbf, 0xf0,
    0x7f, 0xfd, 0x40, 0x1, 0xdf, 0xdd, 0xf6, 0x0,
    0x2f, 0xff, 0x70, 0xb, 0x70, 0x0, 0x0, 0x1b,
    0xff, 0xd0, 0x0, 0x8, 0x51, 0x0, 0x0, 0x0,
    0x0, 0x0, 0x0, 0x36, 0x10,

    /* U+6237 "户" */
    0x0, 0x0, 0x0, 0x0, 0x0, 0x6, 0x10, 0x0,
    0x0, 0x0, 0x0, 0x0, 0x0, 0x0, 0x0, 0x9,
    0xf9, 0x0, 0x0, 0x0, 0x0, 0x0, 0x0, 0x0,
    0x0, 0x0, 0x1f, 0xf1, 0x0, 0x0, 0x0, 0x0,
    0x0, 0x0, 0x0, 0x0, 0x0, 0xaf, 0x70, 0x0,
    0x0, 0x0, 0x0, 0x0, 0x0, 0x0, 0x0, 0x3,
    0x41, 0x0, 0x0, 0x0, 0x0, 0x0, 0x2f, 0xff,
    0xff, 0xff, 0xff, 0xff, 0xff, 0xff, 0xff, 0x0,
    0x2, 0xfe, 0xaa, 0xaa, 0xaa, 0xaa, 0xaa, 0xaa,
    0xbf, 0xf0, 0x0, 0x2f, 0xb0, 0x0, 0x0, 0x0,
    0x0, 0x0, 0x2, 0xfe, 0x0, 0x1, 0xfb, 0x0,
    0x0, 0x0, 0x0, 0x0, 0x0, 0x2f, 0xe0, 0x0,
    0x1f, 0xb0, 0x0, 0x0, 0x0, 0x0, 0x0, 0x2,
    0xfe, 0x0, 0x1, 0xfb, 0x0, 0x0, 0x0, 0x0,
    0x0, 0x0, 0x2f, 0xe0, 0x0, 0x2f, 0xeb, 0xbb,
    0xbb, 0xbb, 0xbb, 0xbb, 0xbc, 0xfe, 0x0, 0x3,
    0xff, 0xff, 0xff, 0xff, 0xff, 0xff, 0xff, 0xff,
    0xe0, 0x0, 0x4f, 0xb0, 0x0, 0x0, 0x0, 0x0,
    0x0, 0x1, 0xff, 0x0, 0x5, 0xf8, 0x0, 0x0,
    0x0, 0x0, 0x0, 0x0, 0x8, 0x80, 0x0, 0x9f,
    0x60, 0x0, 0x0, 0x0, 0x0, 0x0, 0x0, 0x0,
    0x0, 0xd, 0xf2, 0x0, 0x0, 0x0, 0x0, 0x0,
    0x0, 0x0, 0x0, 0x3, 0xfd, 0x0, 0x0, 0x0,
    0x0, 0x0, 0x0, 0x0, 0x0, 0x0, 0xbf, 0x70,
    0x0, 0x0, 0x0, 0x0, 0x0, 0x0, 0x0, 0x0,
    0x5f, 0xe0, 0x0, 0x0, 0x0, 0x0, 0x0, 0x0,
    0x0, 0x0, 0x2e, 0xf7, 0x0, 0x0, 0x0, 0x0,
    0x0, 0x0, 0x0, 0x0, 0x6, 0xed, 0x0, 0x0,
    0x0, 0x0, 0x0, 0x0, 0x0, 0x0, 0x0, 0x1,
    0x20, 0x0, 0x0, 0x0, 0x0, 0x0, 0x0, 0x0,
    0x0, 0x0,

    /* U+624B "手" */
    0x0, 0x0, 0x0, 0x0, 0x0, 0x0, 0x0, 0x0,
    0x37, 0x50, 0x0, 0x0, 0x22, 0x22, 0x34, 0x56,
    0x78, 0xac, 0xef, 0xff, 0xd0, 0x0, 0x0, 0xcf,
    0xff, 0xff, 0xff, 0xff, 0xff, 0xdc, 0xa9, 0x82,
    0x0, 0x0, 0x49, 0x98, 0x76, 0x54, 0xef, 0x20,
    0x0, 0x0, 0x0, 0x0, 0x0, 0x0, 0x0, 0x0,
    0x0, 0xef, 0x10, 0x0, 0x0, 0x0, 0x0, 0x0,
    0x0, 0x0, 0x0, 0x0, 0xef, 0x10, 0x0, 0x0,
    0x0, 0x0, 0x0, 0x1, 0x10, 0x0, 0x0, 0xef,
    0x20, 0x0, 0x1, 0x11, 0x0, 0x0, 0x7f, 0xff,
    0xff, 0xff, 0xff, 0xff, 0xff, 0xff, 0xf8, 0x0,
    0x0, 0x49, 0x99, 0x88, 0x88, 0xff, 0x98, 0x88,
    0x89, 0x95, 0x0, 0x0, 0x0, 0x0, 0x0, 0x0,
    0xef, 0x10, 0x0, 0x0, 0x0, 0x0, 0x0, 0x0,
    0x0, 0x0, 0x0, 0xef, 0x10, 0x0, 0x0, 0x0,
    0x0, 0x11, 0x10, 0x0, 0x0, 0x0, 0xef, 0x20,
    0x0, 0x0, 0x1, 0x11, 0xdf, 0xff, 0xff, 0xff,
    0xff, 0xff, 0xff, 0xff, 0xff, 0xff, 0xfa, 0x89,
    0x98, 0x88, 0x88, 0x88, 0xff, 0x98, 0x88, 0x88,
    0x89, 0x96, 0x0, 0x0, 0x0, 0x0, 0x0, 0xef,
    0x10, 0x0, 0x0, 0x0, 0x0, 0x0, 0x0, 0x0,
    0x0, 0x0, 0xef, 0x10, 0x0, 0x0, 0x0, 0x0,
    0x0, 0x0, 0x0, 0x0, 0x0, 0xef, 0x10, 0x0,
    0x0, 0x0, 0x0, 0x0, 0x0, 0x0, 0x0, 0x0,
    0xef, 0x10, 0x0, 0x0, 0x0, 0x0, 0x0, 0x0,
    0x0, 0x0, 0x2, 0xff, 0x10, 0x0, 0x0, 0x0,
    0x0, 0x0, 0x0, 0x0, 0xa, 0xef, 0xff, 0x0,
    0x0, 0x0, 0x0, 0x0, 0x0, 0x0, 0x0, 0x5,
    0xff, 0xd5, 0x0, 0x0, 0x0, 0x0, 0x0, 0x0,
    0x0, 0x0, 0x0, 0x41, 0x0, 0x0, 0x0, 0x0,
    0x0, 0x0,

    /* U+6253 "打" */
    0x0, 0x0, 0x9, 0xb1, 0x0, 0x0, 0x0, 0x0,
    0x0, 0x0, 0x0, 0x0, 0x0, 0x0, 0xdf, 0x20,
    0x0, 0x0, 0x0, 0x0, 0x0, 0x0, 0x0, 0x0,
    0x0, 0xd, 0xf1, 0x0, 0x14, 0x32, 0x22, 0x22,
    0x22, 0x33, 0x40, 0x0, 0x0, 0xdf, 0x10, 0x4,
    0xff, 0xff, 0xff, 0xff, 0xff, 0xfd, 0x0, 0x0,
    0xc, 0xf1, 0x0, 0x28, 0x88, 0x88, 0xef, 0x98,
    0x88, 0x70, 0x59, 0x98, 0xef, 0x98, 0x97, 0x0,
    0x0, 0xd, 0xf2, 0x0, 0x0, 0x8, 0xff, 0xff,
    0xff, 0xff, 0xb0, 0x0, 0x0, 0xdf, 0x20, 0x0,
    0x0, 0x12, 0x11, 0xcf, 0x21, 0x11, 0x0, 0x0,
    0xd, 0xf2, 0x0, 0x0, 0x0, 0x0, 0xc, 0xf1,
    0x0, 0x0, 0x0, 0x0, 0xdf, 0x20, 0x0, 0x0,
    0x0, 0x0, 0xcf, 0x10, 0x0, 0x0, 0x0, 0xd,
    0xf2, 0x0, 0x0, 0x0, 0x0, 0xc, 0xf1, 0x4a,
    0x50, 0x0, 0x0, 0xdf, 0x20, 0x0, 0x0, 0x0,
    0x0, 0xdf, 0xff, 0xf5, 0x0, 0x0, 0xd, 0xf2,
    0x0, 0x0, 0x2, 0x6a, 0xff, 0xfb, 0x61, 0x0,
    0x0, 0x0, 0xdf, 0x20, 0x0, 0x0, 0xcf, 0xfc,
    0xef, 0x10, 0x0, 0x0, 0x0, 0xd, 0xf2, 0x0,
    0x0, 0x6, 0x82, 0xc, 0xf1, 0x0, 0x0, 0x0,
    0x0, 0xdf, 0x20, 0x0, 0x0, 0x0, 0x0, 0xcf,
    0x10, 0x0, 0x0, 0x0, 0xd, 0xf2, 0x0, 0x0,
    0x0, 0x0, 0xc, 0xf1, 0x0, 0x0, 0x0, 0x0,
    0xdf, 0x20, 0x0, 0x0, 0x0, 0x0, 0xcf, 0x10,
    0x0, 0x0, 0x0, 0xd, 0xf2, 0x0, 0x0, 0x0,
    0x0, 0xc, 0xf1, 0x0, 0x0, 0x0, 0x0, 0xdf,
    0x20, 0x0, 0x0, 0x1, 0x23, 0xff, 0x0, 0x0,
    0x0, 0x0, 0x2f, 0xf2, 0x0, 0x0, 0x0, 0x3f,
    0xff, 0xd0, 0x0, 0x0, 0xb, 0xff, 0xfe, 0x0,
    0x0, 0x0, 0x0, 0xec, 0x82, 0x0, 0x0, 0x0,
    0x4f, 0xea, 0x30, 0x0, 0x0, 0x0, 0x0, 0x0,
    0x0, 0x0, 0x0, 0x0, 0x20, 0x0, 0x0, 0x0,
    0x0,

    /* U+62A5 "报" */
    0x0, 0x0, 0x4, 0x60, 0x0, 0x0, 0x0, 0x0,
    0x0, 0x0, 0x0, 0x0, 0x0, 0x0, 0xb, 0xf1,
    0x0, 0x8, 0x88, 0x88, 0x88, 0x88, 0x60, 0x0,
    0x0, 0x0, 0xb, 0xf0, 0x0, 0xf, 0xff, 0xff,
    0xff, 0xff, 0xb0, 0x0, 0x0, 0x0, 0xa, 0xf0,
    0x0, 0xf, 0xb0, 0x0, 0x0, 0x3f, 0xa0, 0x0,
    0x0, 0x0, 0xa, 0xf0, 0x0, 0xf, 0xb0, 0x0,
    0x0, 0x3f, 0x90, 0x0, 0x1, 0x10, 0xa, 0xf1,
    0x11, 0xf, 0xb0, 0x0, 0x0, 0x4f, 0x80, 0x0,
    0x9, 0xff, 0xff, 0xff, 0xff, 0x2f, 0xb0, 0x0,
    0x0, 0x7f, 0x60, 0x0, 0x5, 0x99, 0x8d, 0xf9,
    0x99, 0x1f, 0xb0, 0x4, 0xde, 0xff, 0x10, 0x0,
    0x0, 0x0, 0xa, 0xf0, 0x0, 0xf, 0xb0, 0x0,
    0xcb, 0x82, 0x0, 0x0, 0x0, 0x0, 0xa, 0xf0,
    0x0, 0xf, 0xd8, 0x88, 0x88, 0x88, 0x83, 0x0,
    0x0, 0x0, 0xa, 0xf2, 0x7c, 0xf, 0xff, 0xff,
    0xff, 0xff, 0xf3, 0x0, 0x0, 0x1, 0x5d, 0xff,
    0xfd, 0xf, 0xb6, 0xf5, 0x0, 0x1f, 0xf0, 0x0,
    0x19, 0xcf, 0xff, 0xf8, 0x30, 0xf, 0xb1, 0xf9,
    0x0, 0x4f, 0xa0, 0x0, 0xc, 0xfd, 0x8c, 0xf0,
    0x0, 0xf, 0xb0, 0xbf, 0x10, 0x9f, 0x40, 0x0,
    0x4, 0x40, 0xa, 0xf0, 0x0, 0xf, 0xb0, 0x5f,
    0x81, 0xfe, 0x0, 0x0, 0x0, 0x0, 0xa, 0xf0,
    0x0, 0xf, 0xb0, 0xd, 0xfa, 0xf7, 0x0, 0x0,
    0x0, 0x0, 0xa, 0xf0, 0x0, 0xf, 0xb0, 0x5,
    0xff, 0xe0, 0x0, 0x0, 0x0, 0x0, 0xa, 0xf0,
    0x0, 0xf, 0xb0, 0x0, 0xef, 0xd1, 0x0, 0x0,
    0x0, 0x0, 0xa, 0xf0, 0x0, 0xf, 0xb0, 0xa,
    0xfd, 0xfe, 0x20, 0x0, 0x0, 0x0, 0xc, 0xf0,
    0x0, 0xf, 0xb0, 0x9f, 0xc0, 0xaf, 0xf7, 0x0,
    0x0, 0x3b, 0xef, 0xd0, 0x0, 0xf, 0xbd, 0xfc,
    0x10, 0x8, 0xff, 0xd0, 0x0, 0xd, 0xfb, 0x20,
    0x0, 0x1f, 0xb8, 0xb0, 0x0, 0x0, 0x4e, 0x60,
    0x0, 0x1, 0x0, 0x0, 0x0, 0x0, 0x0, 0x0,
    0x0, 0x0, 0x0, 0x0,

    /* U+633A "挺" */
    0x0, 0x0, 0x64, 0x0, 0x0, 0x0, 0x0, 0x0,
    0x0, 0x0, 0x0, 0x0, 0x0, 0x1, 0xfb, 0x0,
    0x0, 0x0, 0x0, 0x0, 0x0, 0x3, 0x80, 0x0,
    0x0, 0x0, 0xfa, 0x3, 0x77, 0x77, 0x51, 0x67,
    0x9b, 0xff, 0xf7, 0x0, 0x0, 0x0, 0xfa, 0x6,
    0xff, 0xff, 0x90, 0xff, 0xff, 0xf9, 0x63, 0x0,
    0x0, 0x0, 0xfa, 0x0, 0x0, 0x6f, 0x40, 0x31,
    0xd, 0xf0, 0x0, 0x0, 0x7, 0xaa, 0xfd, 0xa7,
    0x0, 0xbf, 0x0, 0x0, 0xd, 0xf0, 0x0, 0x0,
    0x9, 0xee, 0xff, 0xea, 0x0, 0xfa, 0x0, 0x0,
    0xd, 0xf0, 0x0, 0x0, 0x0, 0x0, 0xfa, 0x0,
    0x4, 0xf5, 0x0, 0x0, 0xd, 0xf0, 0x0, 0x0,
    0x0, 0x0, 0xfa, 0x0, 0xb, 0xf0, 0x0, 0x33,
    0x3d, 0xf3, 0x34, 0x0, 0x0, 0x0, 0xfa, 0x0,
    0x7f, 0xe8, 0x81, 0xdf, 0xff, 0xff, 0xff, 0x10,
    0x0, 0x0, 0xfa, 0x0, 0x6f, 0xff, 0xf0, 0x45,
    0x5d, 0xf4, 0x55, 0x0, 0x0, 0x0, 0xfe, 0xe5,
    0x2, 0xb, 0xe0, 0x0, 0xd, 0xf0, 0x0, 0x0,
    0x5, 0x9e, 0xff, 0xd3, 0x0, 0xd, 0xc0, 0x0,
    0xd, 0xf0, 0x0, 0x0, 0xb, 0xfe, 0xfb, 0x2,
    0x90, 0xf, 0xa0, 0x0, 0xd, 0xf0, 0x0, 0x0,
    0x4, 0x61, 0xfa, 0x6, 0xf4, 0x3f, 0x70, 0x0,
    0xd, 0xf0, 0x0, 0x0, 0x0, 0x0, 0xfa, 0x1,
    0xfb, 0x7f, 0x33, 0x88, 0x8e, 0xf8, 0x88, 0x50,
    0x0, 0x0, 0xfa, 0x0, 0xbf, 0xef, 0x5, 0xfe,
    0xee, 0xee, 0xef, 0x90, 0x0, 0x0, 0xfa, 0x0,
    0x3f, 0xfa, 0x0, 0x0, 0x0, 0x0, 0x0, 0x0,
    0x0, 0x0, 0xfa, 0x0, 0xe, 0xfe, 0x50, 0x0,
    0x0, 0x0, 0x0, 0x0, 0x0, 0x0, 0xfa, 0x0,
    0x9f, 0xcf, 0xfc, 0x51, 0x0, 0x0, 0x0, 0x10,
    0x1, 0x57, 0xfa, 0x6, 0xfc, 0x3, 0xcf, 0xff,
    0xed, 0xcc, 0xdf, 0xd0, 0x1, 0xff, 0xf6, 0x1d,
    0xe1, 0x0, 0x2, 0x7b, 0xdf, 0xff, 0xff, 0x80,
    0x0, 0x77, 0x30, 0x1, 0x20, 0x0, 0x0, 0x0,
    0x0, 0x0, 0x0, 0x0,

    /* U+636E "据" */
    0x0, 0x0, 0x0, 0x0, 0x0, 0x0, 0x0, 0x0,
    0x0, 0x0, 0x0, 0x0, 0x0, 0x2f, 0xa0, 0x0,
    0x0, 0x0, 0x0, 0x0, 0x0, 0x0, 0x0, 0x0,
    0x1, 0xfa, 0x0, 0xd, 0xff, 0xff, 0xff, 0xff,
    0xff, 0x90, 0x0, 0x0, 0x1f, 0x90, 0x0, 0xed,
    0x77, 0x77, 0x77, 0x77, 0xf9, 0x0, 0x0, 0x1,
    0xf9, 0x0, 0xd, 0xc0, 0x0, 0x0, 0x0, 0xf,
    0x90, 0x1, 0x11, 0x2f, 0xa0, 0x11, 0xdc, 0x0,
    0x0, 0x0, 0x0, 0xf9, 0x0, 0x8f, 0xff, 0xff,
    0xff, 0x8d, 0xd7, 0x77, 0x77, 0x77, 0x7f, 0x90,
    0x4, 0x76, 0x7f, 0xc6, 0x73, 0xdf, 0xff, 0xff,
    0xff, 0xff, 0xf9, 0x0, 0x0, 0x1, 0xf9, 0x0,
    0xd, 0xc0, 0x0, 0xf, 0xb0, 0x0, 0x0, 0x0,
    0x0, 0x1f, 0x90, 0x62, 0xdc, 0x0, 0x0, 0xfb,
    0x0, 0x0, 0x0, 0x0, 0x1, 0xfc, 0xcf, 0x6d,
    0xd7, 0x77, 0x7f, 0xd7, 0x77, 0x78, 0x0, 0x0,
    0x5f, 0xfd, 0x40, 0xef, 0xff, 0xff, 0xff, 0xff,
    0xff, 0xf0, 0x5, 0xcf, 0xfb, 0x0, 0xe, 0xa0,
    0x0, 0xe, 0xa0, 0x0, 0x11, 0x9, 0xff, 0x8f,
    0x90, 0x0, 0xf8, 0x0, 0x0, 0xea, 0x0, 0x0,
    0x0, 0x2b, 0x11, 0xf9, 0x0, 0x2f, 0x74, 0x55,
    0x5f, 0xc5, 0x55, 0x40, 0x0, 0x0, 0x1f, 0x90,
    0x6, 0xf4, 0xbf, 0xff, 0xff, 0xff, 0xfb, 0x0,
    0x0, 0x1, 0xf9, 0x0, 0x9f, 0x1a, 0xe0, 0x0,
    0x0, 0xe, 0xa0, 0x0, 0x0, 0x1f, 0x90, 0xd,
    0xd0, 0xae, 0x0, 0x0, 0x0, 0xea, 0x0, 0x0,
    0x1, 0xf9, 0x2, 0xf8, 0xa, 0xe0, 0x0, 0x0,
    0xe, 0xa0, 0x0, 0x0, 0x2f, 0x90, 0x9f, 0x30,
    0xaf, 0x77, 0x77, 0x77, 0xfa, 0x0, 0x5, 0xbe,
    0xf6, 0x3f, 0xc0, 0xb, 0xff, 0xff, 0xff, 0xff,
    0xb0, 0x0, 0x1e, 0xb6, 0x1, 0x64, 0x0, 0xbe,
    0x0, 0x0, 0x0, 0xeb, 0x0, 0x0, 0x0, 0x0,
    0x0, 0x0, 0x1, 0x10, 0x0, 0x0, 0x0, 0x0,
    0x0,

    /* U+6392 "排" */
    0x0, 0x0, 0x56, 0x10, 0x0, 0x0, 0x5, 0x30,
    0x3, 0x30, 0x0, 0x0, 0x0, 0x0, 0xcf, 0x20,
    0x0, 0x0, 0x1f, 0xc0, 0xf, 0xe0, 0x0, 0x0,
    0x0, 0x0, 0xbf, 0x10, 0x0, 0x0, 0x1f, 0xb0,
    0xf, 0xd0, 0x0, 0x0, 0x0, 0x0, 0xbf, 0x10,
    0x0, 0x0, 0x1f, 0xb0, 0xf, 0xd0, 0x0, 0x0,
    0x0, 0x0, 0xbf, 0x10, 0x1, 0x10, 0x1f, 0xb0,
    0xf, 0xd0, 0x1, 0x20, 0x4, 0x65, 0xcf, 0x66,
    0x3b, 0xff, 0xff, 0xb0, 0xf, 0xff, 0xff, 0xd0,
    0xb, 0xff, 0xff, 0xff, 0x86, 0x87, 0x8f, 0xb0,
    0xf, 0xe7, 0x78, 0x70, 0x2, 0x22, 0xbf, 0x32,
    0x10, 0x0, 0x1f, 0xb0, 0xf, 0xd0, 0x0, 0x0,
    0x0, 0x0, 0xbf, 0x10, 0x0, 0x0, 0x1f, 0xb0,
    0xf, 0xd0, 0x0, 0x0, 0x0, 0x0, 0xbf, 0x10,
    0x0, 0x0, 0x1f, 0xb0, 0xf, 0xd0, 0x0, 0x0,
    0x0, 0x0, 0xbf, 0x10, 0x26, 0xed, 0xdf, 0xb0,
    0xf, 0xfd, 0xee, 0x40, 0x0, 0x0, 0xbf, 0x9e,
    0x86, 0xcc, 0xcf, 0xb0, 0xf, 0xfb, 0xcc, 0x30,
    0x0, 0x38, 0xef, 0xfb, 0x30, 0x0, 0x1f, 0xb0,
    0xf, 0xd0, 0x0, 0x0, 0xe, 0xff, 0xff, 0x20,
    0x0, 0x0, 0x1f, 0xb0, 0xf, 0xd0, 0x0, 0x0,
    0x9, 0xa2, 0xbf, 0x10, 0x0, 0x0, 0x1f, 0xb0,
    0xf, 0xd0, 0x0, 0x0, 0x0, 0x0, 0xbf, 0x10,
    0x1, 0x0, 0x1f, 0xb0, 0xf, 0xd0, 0x0, 0x10,
    0x0, 0x0, 0xbf, 0x10, 0x9f, 0xff, 0xff, 0xb0,
    0xf, 0xff, 0xff, 0xf0, 0x0, 0x0, 0xbf, 0x10,
    0x59, 0x99, 0x9f, 0xb0, 0xf, 0xe9, 0x99, 0xa0,
    0x0, 0x0, 0xbf, 0x10, 0x0, 0x0, 0x1f, 0xb0,
    0xf, 0xd0, 0x0, 0x0, 0x0, 0x0, 0xbf, 0x10,
    0x0, 0x0, 0x1f, 0xb0, 0xf, 0xd0, 0x0, 0x0,
    0x1, 0xbb, 0xff, 0x0, 0x0, 0x0, 0x1f, 0xb0,
    0xf, 0xd0, 0x0, 0x0, 0x0, 0x9f, 0xd6, 0x0,
    0x0, 0x0, 0x2f, 0xb0, 0xf, 0xe0, 0x0, 0x0,
    0x0, 0x10, 0x0, 0x0, 0x0, 0x0, 0x0, 0x0,
    0x0, 0x0, 0x0, 0x0,

    /* U+63A5 "接" */
    0x0, 0x0, 0x23, 0x0, 0x0, 0x0, 0x0, 0x59,
    0x20, 0x0, 0x0, 0x0, 0x0, 0x0, 0xbf, 0x20,
    0x0, 0x0, 0x0, 0x9f, 0x70, 0x0, 0x0, 0x0,
    0x0, 0x0, 0x9f, 0x10, 0x2, 0x22, 0x22, 0x6f,
    0xc2, 0x22, 0x23, 0x10, 0x0, 0x0, 0x9f, 0x10,
    0xa, 0xff, 0xff, 0xff, 0xff, 0xff, 0xff, 0x40,
    0x0, 0x0, 0x9f, 0x10, 0x4, 0x55, 0x55, 0x55,
    0x56, 0x75, 0x56, 0x20, 0xd, 0xed, 0xef, 0xdd,
    0x60, 0x1, 0x91, 0x0, 0x4, 0xf8, 0x0, 0x0,
    0xc, 0xdc, 0xef, 0xcd, 0x50, 0x9, 0xf9, 0x0,
    0x8, 0xf7, 0x0, 0x0, 0x0, 0x0, 0x9f, 0x10,
    0x0, 0x1, 0xff, 0x20, 0xd, 0xf1, 0x0, 0x0,
    0x0, 0x0, 0x9f, 0x10, 0x2, 0x10, 0x76, 0x10,
    0x3f, 0xa0, 0x2, 0x10, 0x0, 0x0, 0x9f, 0x10,
    0xd, 0xff, 0xff, 0xff, 0xff, 0xff, 0xff, 0x40,
    0x0, 0x0, 0x9f, 0x27, 0x36, 0x77, 0x79, 0x87,
    0x77, 0x77, 0x77, 0x20, 0x0, 0x0, 0x9f, 0xff,
    0x40, 0x0, 0x8, 0xf7, 0x0, 0x0, 0x0, 0x0,
    0x2, 0x6b, 0xff, 0xd5, 0x12, 0x0, 0xe, 0xf4,
    0x0, 0x0, 0x1, 0x10, 0xe, 0xff, 0xef, 0x10,
    0x6f, 0xff, 0xff, 0xff, 0xff, 0xff, 0xff, 0xf0,
    0x8, 0xa2, 0x9f, 0x10, 0x37, 0x77, 0xef, 0x77,
    0x7a, 0xfb, 0x77, 0x80, 0x0, 0x0, 0x9f, 0x10,
    0x0, 0x4, 0xf8, 0x0, 0xa, 0xf1, 0x0, 0x0,
    0x0, 0x0, 0x9f, 0x10, 0x0, 0xd, 0xf8, 0x10,
    0x3f, 0xa0, 0x0, 0x0, 0x0, 0x0, 0x9f, 0x10,
    0x0, 0x6, 0xdf, 0xfa, 0xcf, 0x10, 0x0, 0x0,
    0x0, 0x0, 0x9f, 0x10, 0x0, 0x0, 0x3, 0xcf,
    0xfe, 0x50, 0x0, 0x0, 0x0, 0x0, 0xbf, 0x10,
    0x0, 0x0, 0x28, 0xff, 0xaf, 0xfd, 0x50, 0x0,
    0x1, 0xbb, 0xff, 0x0, 0x26, 0x9c, 0xff, 0xc2,
    0x2, 0xaf, 0xfd, 0x40, 0x0, 0xcf, 0xf6, 0x0,
    0x3f, 0xff, 0xa4, 0x0, 0x0, 0x4, 0xde, 0x10,
    0x0, 0x34, 0x10, 0x0, 0x6, 0x30, 0x0, 0x0,
    0x0, 0x0, 0x2, 0x0,

    /* U+63D0 "提" */
    0x0, 0x0, 0x68, 0x0, 0x0, 0x0, 0x0, 0x0,
    0x0, 0x0, 0x0, 0x0, 0x0, 0x0, 0xdf, 0x0,
    0x0, 0xaf, 0xff, 0xff, 0xff, 0xff, 0xf0, 0x0,
    0x0, 0x0, 0xcf, 0x0, 0x0, 0xaf, 0xaa, 0xaa,
    0xaa, 0xae, 0xf0, 0x0, 0x0, 0x0, 0xcf, 0x0,
    0x0, 0xaf, 0x10, 0x0, 0x0, 0xc, 0xe0, 0x0,
    0x0, 0x0, 0xcf, 0x0, 0x0, 0x9f, 0x99, 0x99,
    0x99, 0x9e, 0xe0, 0x0, 0x4, 0x65, 0xdf, 0x56,
    0x50, 0x9f, 0xff, 0xff, 0xff, 0xff, 0xe0, 0x0,
    0xb, 0xff, 0xff, 0xff, 0xd0, 0x9f, 0x10, 0x0,
    0x0, 0xc, 0xe0, 0x0, 0x2, 0x33, 0xdf, 0x33,
    0x30, 0xaf, 0x10, 0x0, 0x0, 0xc, 0xf0, 0x0,
    0x0, 0x0, 0xcf, 0x0, 0x0, 0xaf, 0xff, 0xff,
    0xff, 0xff, 0xf0, 0x0, 0x0, 0x0, 0xcf, 0x0,
    0x0, 0x57, 0x77, 0x77, 0x77, 0x77, 0x70, 0x0,
    0x0, 0x0, 0xcf, 0x7, 0x20, 0x0, 0x0, 0x0,
    0x0, 0x0, 0x0, 0x0, 0x0, 0x0, 0xcf, 0xef,
    0x3f, 0xff, 0xff, 0xff, 0xff, 0xff, 0xff, 0xf0,
    0x0, 0x4b, 0xff, 0xc3, 0x9, 0x99, 0x88, 0x9f,
    0xd8, 0x88, 0x99, 0x90, 0x1e, 0xff, 0xff, 0x0,
    0x0, 0x10, 0x0, 0x1f, 0xb0, 0x0, 0x0, 0x0,
    0xa, 0xb2, 0xcf, 0x0, 0x0, 0xbd, 0x40, 0x1f,
    0xb0, 0x0, 0x0, 0x0, 0x1, 0x0, 0xcf, 0x0,
    0x0, 0xcf, 0x20, 0x1f, 0xea, 0xaa, 0xb1, 0x0,
    0x0, 0x0, 0xcf, 0x0, 0x0, 0xfe, 0x0, 0x1f,
    0xfd, 0xde, 0xf1, 0x0, 0x0, 0x0, 0xcf, 0x0,
    0x5, 0xfd, 0x0, 0x1f, 0xb0, 0x0, 0x0, 0x0,
    0x0, 0x0, 0xcf, 0x0, 0xb, 0xff, 0xb1, 0x1f,
    0xb0, 0x0, 0x0, 0x0, 0x0, 0x0, 0xdf, 0x0,
    0x4f, 0xea, 0xfe, 0x9f, 0xb0, 0x0, 0x0, 0x0,
    0x0, 0xab, 0xfe, 0x2, 0xef, 0x50, 0x7f, 0xff,
    0xfe, 0xdc, 0xde, 0xe0, 0x0, 0xbf, 0xf7, 0x1e,
    0xf8, 0x0, 0x1, 0x6b, 0xdf, 0xff, 0xff, 0xa0,
    0x0, 0x45, 0x20, 0x2, 0x70, 0x0, 0x0, 0x0,
    0x0, 0x0, 0x0, 0x0,

    /* U+653E "放" */
    0x0, 0x0, 0x18, 0x10, 0x0, 0x0, 0x0, 0x26,
    0x10, 0x0, 0x0, 0x0, 0x0, 0x0, 0x8f, 0x90,
    0x0, 0x0, 0x0, 0x7f, 0xd0, 0x0, 0x0, 0x0,
    0x0, 0x0, 0x1e, 0xf1, 0x0, 0x0, 0x0, 0xbf,
    0x60, 0x0, 0x0, 0x0, 0x0, 0x0, 0x8, 0xf9,
    0x0, 0x0, 0x0, 0xee, 0x0, 0x0, 0x0, 0x0,
    0x0, 0x0, 0x1, 0x70, 0x0, 0x0, 0x4, 0xf9,
    0x0, 0x0, 0x0, 0x0, 0xa, 0xcb, 0xbb, 0xbb,
    0xbc, 0xc9, 0x9, 0xfc, 0xaa, 0xaa, 0xab, 0x70,
    0xb, 0xee, 0xff, 0xdd, 0xde, 0xea, 0xe, 0xff,
    0xff, 0xff, 0xff, 0xb0, 0x0, 0x0, 0xaf, 0x10,
    0x0, 0x0, 0x5f, 0x70, 0x0, 0x4f, 0x70, 0x0,
    0x0, 0x0, 0xaf, 0x10, 0x0, 0x0, 0xdf, 0x70,
    0x0, 0x6f, 0x60, 0x0, 0x0, 0x0, 0xaf, 0x10,
    0x0, 0x7, 0xff, 0xf2, 0x0, 0x8f, 0x40, 0x0,
    0x0, 0x0, 0xbf, 0xff, 0xff, 0xf6, 0xf9, 0xf5,
    0x0, 0xaf, 0x20, 0x0, 0x0, 0x0, 0xbf, 0x88,
    0x8d, 0xf0, 0x22, 0xf9, 0x0, 0xdf, 0x0, 0x0,
    0x0, 0x0, 0xde, 0x0, 0xa, 0xf0, 0x0, 0xde,
    0x0, 0xfd, 0x0, 0x0, 0x0, 0x0, 0xec, 0x0,
    0xa, 0xe0, 0x0, 0x9f, 0x34, 0xf9, 0x0, 0x0,
    0x0, 0x1, 0xfa, 0x0, 0xb, 0xe0, 0x0, 0x3f,
    0x99, 0xf4, 0x0, 0x0, 0x0, 0x5, 0xf7, 0x0,
    0xc, 0xd0, 0x0, 0xd, 0xfe, 0xf0, 0x0, 0x0,
    0x0, 0xa, 0xf3, 0x0, 0xd, 0xc0, 0x0, 0x6,
    0xff, 0x90, 0x0, 0x0, 0x0, 0xf, 0xe0, 0x0,
    0xe, 0xb0, 0x0, 0x4, 0xff, 0x50, 0x0, 0x0,
    0x0, 0x7f, 0x80, 0x0, 0x1f, 0xa0, 0x0, 0x5f,
    0xfe, 0xf4, 0x0, 0x0, 0x2, 0xff, 0x10, 0x46,
    0xbf, 0x70, 0x1a, 0xfe, 0x34, 0xff, 0x91, 0x0,
    0xd, 0xf8, 0x0, 0x6f, 0xfe, 0x39, 0xff, 0xc1,
    0x0, 0x4e, 0xff, 0x90, 0x6, 0xc0, 0x0, 0x19,
    0x61, 0xa, 0xf7, 0x0, 0x0, 0x1, 0xbf, 0x70,
    0x0, 0x0, 0x0, 0x0, 0x0, 0x1, 0x10, 0x0,
    0x0, 0x0, 0x2, 0x0,

    /* U+6570 "数" */
    0x0, 0x0, 0x0, 0x23, 0x0, 0x0, 0x0, 0x0,
    0x0, 0x0, 0x0, 0x0, 0x3, 0x80, 0xa, 0xf3,
    0x6, 0x70, 0x6, 0xe8, 0x0, 0x0, 0x0, 0x0,
    0x9f, 0x70, 0x9f, 0x20, 0xed, 0x0, 0x9f, 0x60,
    0x0, 0x0, 0x0, 0x0, 0xbf, 0x29, 0xf2, 0x5f,
    0x50, 0xc, 0xf1, 0x0, 0x0, 0x0, 0x0, 0x1,
    0x40, 0x9f, 0x24, 0xa0, 0x0, 0xfc, 0x0, 0x0,
    0x0, 0x0, 0x5f, 0xfe, 0xef, 0xfe, 0xef, 0xf9,
    0x4f, 0xc7, 0x77, 0x77, 0x81, 0x3, 0xaa, 0x9f,
    0xff, 0xa9, 0x99, 0x69, 0xff, 0xff, 0xff, 0xff,
    0x20, 0x0, 0x8, 0xfe, 0xf2, 0x70, 0x0, 0xee,
    0x10, 0x3, 0xf8, 0x10, 0x0, 0x8, 0xfa, 0x9f,
    0x7f, 0x90, 0x5f, 0xd0, 0x0, 0x4f, 0x70, 0x0,
    0x2c, 0xfa, 0x9, 0xf2, 0x9f, 0x7b, 0xff, 0x0,
    0x6, 0xf5, 0x0, 0xa, 0xf8, 0x0, 0x9f, 0x30,
    0xb5, 0xff, 0xf3, 0x0, 0x7f, 0x30, 0x0, 0x3,
    0x0, 0x8b, 0x30, 0x0, 0xbf, 0x8f, 0x60, 0x9,
    0xf1, 0x0, 0x1, 0x11, 0xd, 0xf2, 0x0, 0x5,
    0x90, 0xfa, 0x0, 0xce, 0x0, 0x0, 0xaf, 0xff,
    0xff, 0xff, 0xff, 0xc0, 0xb, 0xf0, 0xf, 0xa0,
    0x0, 0x5, 0x87, 0xdf, 0x87, 0x7a, 0xf7, 0x0,
    0x6f, 0x65, 0xf6, 0x0, 0x0, 0x0, 0x1f, 0xb0,
    0x0, 0xbf, 0x10, 0x0, 0xfd, 0xbf, 0x10, 0x0,
    0x0, 0x9, 0xfa, 0x40, 0x4f, 0x90, 0x0, 0x8,
    0xff, 0xa0, 0x0, 0x0, 0x0, 0x6a, 0xef, 0xff,
    0xf4, 0x0, 0x0, 0x2f, 0xf5, 0x0, 0x0, 0x0,
    0x0, 0x0, 0x4f, 0xff, 0xfb, 0x10, 0x1c, 0xff,
    0xe2, 0x0, 0x0, 0x0, 0x0, 0x4d, 0xf6, 0x28,
    0xc0, 0x5e, 0xf7, 0x8f, 0xe3, 0x0, 0x0, 0x27,
    0xdf, 0xd3, 0x0, 0x3, 0xbf, 0xf5, 0x0, 0x9f,
    0xf9, 0x10, 0x4f, 0xfd, 0x50, 0x0, 0x2, 0xff,
    0xa1, 0x0, 0x0, 0x6f, 0xc1, 0x0, 0x53, 0x0,
    0x0, 0x0, 0x4, 0x30, 0x0, 0x0, 0x0, 0x21,
    0x0,

    /* U+65B0 "新" */
    0x0, 0x0, 0x0, 0x49, 0x30, 0x0, 0x0, 0x0,
    0x0, 0x0, 0x26, 0x0, 0x0, 0x0, 0x0, 0x9f,
    0x70, 0x0, 0x0, 0x25, 0x68, 0xae, 0xff, 0x80,
    0x0, 0x21, 0x10, 0x5f, 0xa0, 0x11, 0x10, 0xcf,
    0xff, 0xed, 0xba, 0x90, 0x0, 0xff, 0xff, 0xff,
    0xff, 0xff, 0xc0, 0xbf, 0x20, 0x0, 0x0, 0x0,
    0x0, 0xbb, 0xaa, 0xaa, 0xaa, 0xaa, 0x90, 0xbf,
    0x10, 0x0, 0x0, 0x0, 0x0, 0x2, 0x92, 0x0,
    0xb, 0x91, 0x0, 0xbf, 0x10, 0x0, 0x0, 0x0,
    0x0, 0x3, 0xf9, 0x0, 0x2f, 0xa0, 0x0, 0xbf,
    0x10, 0x0, 0x0, 0x0, 0x0, 0x0, 0xcd, 0x0,
    0x8f, 0x30, 0x0, 0xbf, 0x54, 0x44, 0x44, 0x51,
    0x9, 0xba, 0xba, 0xaa, 0xef, 0xab, 0xb0, 0xbf,
    0xff, 0xff, 0xff, 0xf4, 0xc, 0xff, 0xff, 0xff,
    0xff, 0xff, 0xf0, 0xbf, 0x54, 0x4d, 0xf5, 0x51,
    0x1, 0x10, 0x0, 0x6f, 0x60, 0x1, 0x10, 0xbf,
    0x0, 0xc, 0xf0, 0x0, 0x0, 0x0, 0x0, 0x6f,
    0x60, 0x0, 0x0, 0xcf, 0x0, 0xc, 0xf0, 0x0,
    0x1, 0xba, 0xaa, 0xcf, 0xca, 0xaa, 0x80, 0xcf,
    0x0, 0xc, 0xf0, 0x0, 0x1, 0xff, 0xff, 0xff,
    0xff, 0xff, 0xc0, 0xee, 0x0, 0xc, 0xf0, 0x0,
    0x0, 0x21, 0x31, 0x7f, 0x61, 0x11, 0x10, 0xfc,
    0x0, 0xc, 0xf0, 0x0, 0x0, 0x6, 0xf7, 0x6f,
    0x67, 0xc0, 0x3, 0xfa, 0x0, 0xc, 0xf0, 0x0,
    0x0, 0x1f, 0xf5, 0x6f, 0x68, 0xf8, 0x6, 0xf6,
    0x0, 0xc, 0xf0, 0x0, 0x0, 0xdf, 0x80, 0x6f,
    0x60, 0xdf, 0x3b, 0xf2, 0x0, 0xc, 0xf0, 0x0,
    0xb, 0xfb, 0x0, 0x6f, 0x60, 0x48, 0x1f, 0xd0,
    0x0, 0xc, 0xf0, 0x0, 0x6, 0xc0, 0x11, 0x9f,
    0x50, 0x0, 0x8f, 0x70, 0x0, 0xc, 0xf0, 0x0,
    0x0, 0x0, 0x7f, 0xff, 0x20, 0x1, 0xff, 0x10,
    0x0, 0xc, 0xf1, 0x0, 0x0, 0x0, 0xb, 0xa4,
    0x0, 0x1, 0xb8, 0x0, 0x0, 0xd, 0xf1, 0x0,
    0x0, 0x0, 0x0, 0x0, 0x0, 0x0, 0x0, 0x0,
    0x0, 0x0, 0x0, 0x0,

    /* U+65E0 "无" */
    0x0, 0xc, 0xcb, 0xbb, 0xbb, 0xbb, 0xbb, 0xbb,
    0xbc, 0xb0, 0x0, 0x0, 0xe, 0xee, 0xee, 0xef,
    0xfe, 0xee, 0xee, 0xee, 0xd0, 0x0, 0x0, 0x0,
    0x0, 0x0, 0xf, 0xe0, 0x0, 0x0, 0x0, 0x0,
    0x0, 0x0, 0x0, 0x0, 0x0, 0xf, 0xe0, 0x0,
    0x0, 0x0, 0x0, 0x0, 0x0, 0x0, 0x0, 0x0,
    0xf, 0xd0, 0x0, 0x0, 0x0, 0x0, 0x0, 0x0,
    0x0, 0x0, 0x0, 0xf, 0xd0, 0x0, 0x0, 0x0,
    0x0, 0x0, 0x0, 0x0, 0x0, 0x0, 0xf, 0xc0,
    0x0, 0x0, 0x0, 0x0, 0x0, 0x9, 0xaa, 0xaa,
    0xaa, 0xaf, 0xea, 0xaa, 0xaa, 0xaa, 0xaa, 0xb0,
    0xc, 0xff, 0xff, 0xff, 0xff, 0xff, 0xff, 0xff,
    0xff, 0xff, 0xf0, 0x0, 0x0, 0x0, 0x0, 0x6f,
    0x60, 0xec, 0x0, 0x0, 0x0, 0x0, 0x0, 0x0,
    0x0, 0x0, 0xaf, 0x20, 0xec, 0x0, 0x0, 0x0,
    0x0, 0x0, 0x0, 0x0, 0x0, 0xfd, 0x0, 0xec,
    0x0, 0x0, 0x0, 0x0, 0x0, 0x0, 0x0, 0x7,
    0xf8, 0x0, 0xec, 0x0, 0x0, 0x0, 0x0, 0x0,
    0x0, 0x0, 0x1e, 0xf1, 0x0, 0xec, 0x0, 0x0,
    0x0, 0x0, 0x0, 0x0, 0x0, 0xcf, 0x80, 0x0,
    0xec, 0x0, 0x0, 0x2, 0x0, 0x0, 0x0, 0xb,
    0xfd, 0x0, 0x0, 0xec, 0x0, 0x0, 0x9, 0xe5,
    0x0, 0x2, 0xcf, 0xe2, 0x0, 0x0, 0xed, 0x0,
    0x0, 0xc, 0xf5, 0x0, 0x7f, 0xfe, 0x20, 0x0,
    0x0, 0xcf, 0xb9, 0x99, 0xaf, 0xf1, 0x3e, 0xff,
    0xa1, 0x0, 0x0, 0x0, 0x4e, 0xff, 0xff, 0xff,
    0x70, 0x9, 0xe5, 0x0, 0x0, 0x0, 0x0, 0x0,
    0x11, 0x11, 0x10, 0x0, 0x0, 0x0, 0x0, 0x0,
    0x0, 0x0, 0x0, 0x0, 0x0, 0x0, 0x0,

    /* U+65E5 "日" */
    0x1b, 0xbb, 0xbb, 0xbb, 0xbb, 0xbb, 0xbb, 0xbb,
    0x22, 0xff, 0xff, 0xff, 0xff, 0xff, 0xff, 0xff,
    0xf3, 0x1f, 0xe0, 0x0, 0x0, 0x0, 0x0, 0x0,
    0xef, 0x31, 0xfe, 0x0, 0x0, 0x0, 0x0, 0x0,
    0xe, 0xf2, 0x1f, 0xe0, 0x0, 0x0, 0x0, 0x0,
    0x0, 0xef, 0x21, 0xfe, 0x0, 0x0, 0x0, 0x0,
    0x0, 0xe, 0xf2, 0x1f, 0xe0, 0x0, 0x0, 0x0,
    0x0, 0x0, 0xef, 0x21, 0xfe, 0x0, 0x0, 0x0,
    0x0, 0x0, 0xe, 0xf2, 0xf, 0xf8, 0x88, 0x88,
    0x88, 0x88, 0x88, 0xff, 0x20, 0xff, 0xff, 0xff,
    0xff, 0xff, 0xff, 0xff, 0xf2, 0xf, 0xe0, 0x0,
    0x0, 0x0, 0x0, 0x0, 0xef, 0x20, 0xfe, 0x0,
    0x0, 0x0, 0x0, 0x0, 0xe, 0xf2, 0xf, 0xe0,
    0x0, 0x0, 0x0, 0x0, 0x0, 0xef, 0x20, 0xfe,
    0x0, 0x0, 0x0, 0x0, 0x0, 0xe, 0xf2, 0xf,
    0xe0, 0x0, 0x0, 0x0, 0x0, 0x0, 0xef, 0x21,
    0xfe, 0x0, 0x0, 0x0, 0x0, 0x0, 0xe, 0xf2,
    0x1f, 0xe0, 0x0, 0x0, 0x0, 0x0, 0x0, 0xef,
    0x21, 0xff, 0xff, 0xff, 0xff, 0xff, 0xff, 0xff,
    0xf2, 0x1f, 0xf8, 0x88, 0x88, 0x88, 0x88, 0x88,
    0xff, 0x31, 0xfe, 0x0, 0x0, 0x0, 0x0, 0x0,
    0xe, 0xf3, 0x2f, 0xe0, 0x0, 0x0, 0x0, 0x0,
    0x0, 0xef, 0x30,

    /* U+65E9 "早" */
    0x0, 0xa, 0xdd, 0xdd, 0xdd, 0xdd, 0xdd, 0xdd,
    0xdd, 0x20, 0x0, 0x0, 0xc, 0xff, 0xff, 0xff,
    0xff, 0xff, 0xff, 0xff, 0x20, 0x0, 0x0, 0xb,
    0xf2, 0x0, 0x0, 0x0, 0x0, 0x0, 0xcf, 0x10,
    0x0, 0x0, 0xb, 0xf2, 0x0, 0x0, 0x0, 0x0,
    0x0, 0xcf, 0x10, 0x0, 0x0, 0xb, 0xfa, 0xaa,
    0xaa, 0xaa, 0xaa, 0xaa, 0xef, 0x10, 0x0, 0x0,
    0xb, 0xff, 0xff, 0xff, 0xff, 0xff, 0xff, 0xff,
    0x10, 0x0, 0x0, 0xb, 0xf2, 0x0, 0x0, 0x0,
    0x0, 0x0, 0xcf, 0x10, 0x0, 0x0, 0xb, 0xf2,
    0x0, 0x0, 0x0, 0x0, 0x0, 0xcf, 0x10, 0x0,
    0x0, 0xc, 0xfa, 0xaa, 0xaa, 0xaa, 0xaa, 0xaa,
    0xef, 0x20, 0x0, 0x0, 0xc, 0xff, 0xff, 0xff,
    0xff, 0xff, 0xff, 0xff, 0x20, 0x0, 0x0, 0x0,
    0x11, 0x11, 0x11, 0xfe, 0x11, 0x11, 0x11, 0x0,
    0x0, 0x0, 0x0, 0x0, 0x0, 0x0, 0xfe, 0x0,
    0x0, 0x0, 0x0, 0x0, 0x0, 0x0, 0x0, 0x0,
    0x0, 0xfe, 0x0, 0x0, 0x0, 0x0, 0x0, 0xbe,
    0xdd, 0xdd, 0xdd, 0xdd, 0xff, 0xdd, 0xdd, 0xdd,
    0xdd, 0xe5, 0xdf, 0xff, 0xff, 0xff, 0xff, 0xff,
    0xff, 0xff, 0xff, 0xff, 0xf6, 0x11, 0x0, 0x0,
    0x0, 0x1, 0xfe, 0x0, 0x0, 0x0, 0x0, 0x10,
    0x0, 0x0, 0x0, 0x0, 0x0, 0xfe, 0x0, 0x0,
    0x0, 0x0, 0x0, 0x0, 0x0, 0x0, 0x0, 0x1,
    0xfe, 0x0, 0x0, 0x0, 0x0, 0x0, 0x0, 0x0,
    0x0, 0x0, 0x1, 0xff, 0x0, 0x0, 0x0, 0x0,
    0x0, 0x0, 0x0, 0x0, 0x0, 0x1, 0xff, 0x0,
    0x0, 0x0, 0x0, 0x0, 0x0, 0x0, 0x0, 0x0,
    0x2, 0xff, 0x0, 0x0, 0x0, 0x0, 0x0,

    /* U+65F6 "时" */
    0x0, 0x0, 0x0, 0x0, 0x0, 0x0, 0x0, 0x0,
    0xb, 0xd2, 0x0, 0x0, 0x0, 0x0, 0x0, 0x0,
    0x0, 0x0, 0x0, 0x0, 0xdf, 0x20, 0x0, 0x0,
    0x0, 0x0, 0x0, 0x0, 0x0, 0x0, 0x0, 0xd,
    0xf1, 0x0, 0x1, 0xff, 0xff, 0xff, 0xfd, 0x0,
    0x0, 0x0, 0x0, 0xdf, 0x10, 0x0, 0xf, 0xf8,
    0x88, 0x9f, 0xc0, 0x0, 0x0, 0x0, 0xc, 0xf1,
    0x0, 0x0, 0xfe, 0x0, 0x2, 0xfc, 0x69, 0x99,
    0x99, 0x99, 0xef, 0x99, 0xa0, 0xf, 0xe0, 0x0,
    0x2f, 0xca, 0xff, 0xff, 0xff, 0xff, 0xff, 0xff,
    0x10, 0xfe, 0x0, 0x2, 0xfb, 0x11, 0x10, 0x0,
    0x0, 0xcf, 0x11, 0x10, 0xf, 0xe0, 0x0, 0x2f,
    0xb0, 0x0, 0x0, 0x0, 0xc, 0xf1, 0x0, 0x0,
    0xff, 0xff, 0xff, 0xfb, 0x0, 0x0, 0x0, 0x0,
    0xcf, 0x10, 0x0, 0xf, 0xf8, 0x88, 0x9f, 0xb0,
    0x3c, 0x90, 0x0, 0xc, 0xf1, 0x0, 0x0, 0xfe,
    0x0, 0x2, 0xfb, 0x1, 0xff, 0x30, 0x0, 0xcf,
    0x10, 0x0, 0xf, 0xe0, 0x0, 0x2f, 0xb0, 0x6,
    0xfc, 0x0, 0xc, 0xf1, 0x0, 0x0, 0xfe, 0x0,
    0x2, 0xfb, 0x0, 0xe, 0xf5, 0x0, 0xcf, 0x10,
    0x0, 0xf, 0xe0, 0x0, 0x2f, 0xb0, 0x0, 0x65,
    0x0, 0xc, 0xf1, 0x0, 0x0, 0xff, 0xff, 0xff,
    0xfc, 0x0, 0x0, 0x0, 0x0, 0xcf, 0x10, 0x0,
    0xf, 0xfa, 0xaa, 0xbf, 0xc0, 0x0, 0x0, 0x0,
    0xc, 0xf1, 0x0, 0x0, 0xfe, 0x0, 0x2, 0xfc,
    0x0, 0x0, 0x0, 0x0, 0xcf, 0x10, 0x0, 0x1f,
    0xe0, 0x0, 0x19, 0x70, 0x0, 0x0, 0x0, 0xc,
    0xf1, 0x0, 0x1, 0xed, 0x0, 0x0, 0x0, 0x0,
    0x0, 0x0, 0x0, 0xef, 0x10, 0x0, 0x0, 0x0,
    0x0, 0x0, 0x0, 0x0, 0x0, 0x8c, 0xdf, 0xf0,
    0x0, 0x0, 0x0, 0x0, 0x0, 0x0, 0x0, 0x0,
    0x1, 0xff, 0xd5, 0x0, 0x0, 0x0, 0x0, 0x0,
    0x0, 0x0, 0x0, 0x0, 0x3, 0x0, 0x0, 0x0,
    0x0,

    /* U+660E "明" */
    0x0, 0x0, 0x0, 0x0, 0x0, 0x9b, 0xbb, 0xbb,
    0xbb, 0xb9, 0xef, 0xff, 0xff, 0xfa, 0x0, 0xdf,
    0xee, 0xee, 0xee, 0xfd, 0xef, 0xaa, 0xaa, 0xfa,
    0x0, 0xdf, 0x10, 0x0, 0x1, 0xfc, 0xdf, 0x0,
    0x1, 0xfa, 0x0, 0xcf, 0x10, 0x0, 0x1, 0xfc,
    0xdf, 0x0, 0x1, 0xf9, 0x0, 0xcf, 0x10, 0x0,
    0x1, 0xfc, 0xdf, 0x0, 0x1, 0xf9, 0x0, 0xcf,
    0x21, 0x11, 0x12, 0xfc, 0xdf, 0x0, 0x1, 0xf9,
    0x0, 0xcf, 0xff, 0xff, 0xff, 0xfc, 0xdf, 0xff,
    0xff, 0xf9, 0x0, 0xcf, 0x88, 0x88, 0x88, 0xfc,
    0xdf, 0x77, 0x77, 0xf9, 0x0, 0xcf, 0x10, 0x0,
    0x1, 0xfc, 0xdf, 0x0, 0x1, 0xf9, 0x0, 0xcf,
    0x10, 0x0, 0x1, 0xfc, 0xdf, 0x0, 0x1, 0xf9,
    0x0, 0xcf, 0x10, 0x0, 0x1, 0xfc, 0xdf, 0x0,
    0x1, 0xf9, 0x0, 0xdf, 0xba, 0xaa, 0xab, 0xfc,
    0xdf, 0x0, 0x1, 0xf9, 0x0, 0xef, 0xee, 0xee,
    0xee, 0xfc, 0xdf, 0xff, 0xff, 0xf9, 0x0, 0xfe,
    0x0, 0x0, 0x1, 0xfc, 0xdf, 0xbb, 0xbb, 0xfa,
    0x3, 0xfb, 0x0, 0x0, 0x1, 0xfc, 0xdf, 0x0,
    0x1, 0xfa, 0x7, 0xf8, 0x0, 0x0, 0x1, 0xfc,
    0xef, 0x0, 0x0, 0x0, 0xb, 0xf3, 0x0, 0x0,
    0x1, 0xfc, 0x33, 0x0, 0x0, 0x0, 0x2f, 0xe0,
    0x0, 0x0, 0x1, 0xfc, 0x0, 0x0, 0x0, 0x0,
    0xaf, 0x80, 0x0, 0x2, 0x16, 0xfc, 0x0, 0x0,
    0x0, 0x4, 0xff, 0x10, 0x0, 0xc, 0xff, 0xf9,
    0x0, 0x0, 0x0, 0x8, 0xf8, 0x0, 0x0, 0x4,
    0xfc, 0x80, 0x0, 0x0, 0x0, 0x0, 0x40, 0x0,
    0x0, 0x0, 0x0, 0x0,

    /* U+661F "星" */
    0x0, 0x1, 0x88, 0x88, 0x88, 0x88, 0x88, 0x88,
    0x88, 0x88, 0x10, 0x0, 0x0, 0x1f, 0xff, 0xff,
    0xff, 0xff, 0xff, 0xff, 0xff, 0xf2, 0x0, 0x0,
    0x1, 0xfe, 0x0, 0x0, 0x0, 0x0, 0x0, 0x0,
    0xef, 0x10, 0x0, 0x0, 0xf, 0xf7, 0x77, 0x77,
    0x77, 0x77, 0x77, 0x7f, 0xf1, 0x0, 0x0, 0x0,
    0xff, 0xff, 0xff, 0xff, 0xff, 0xff, 0xff, 0xff,
    0x10, 0x0, 0x0, 0xf, 0xe0, 0x0, 0x0, 0x0,
    0x0, 0x0, 0xe, 0xf1, 0x0, 0x0, 0x1, 0xfe,
    0x0, 0x0, 0x0, 0x0, 0x0, 0x0, 0xef, 0x10,
    0x0, 0x0, 0x1f, 0xff, 0xff, 0xff, 0xff, 0xff,
    0xff, 0xff, 0xf2, 0x0, 0x0, 0x1, 0x88, 0x88,
    0x88, 0x88, 0x88, 0x88, 0x88, 0x88, 0x10, 0x0,
    0x0, 0x0, 0x10, 0x0, 0x0, 0x44, 0x0, 0x0,
    0x0, 0x0, 0x0, 0x0, 0x0, 0x6f, 0x91, 0x0,
    0xf, 0xf2, 0x0, 0x0, 0x0, 0x0, 0x0, 0x0,
    0x1e, 0xf9, 0x0, 0x0, 0xef, 0x20, 0x0, 0x11,
    0x11, 0x0, 0x0, 0xb, 0xff, 0xff, 0xff, 0xff,
    0xff, 0xff, 0xff, 0xff, 0xc0, 0x0, 0x9, 0xfe,
    0x88, 0x88, 0x88, 0xff, 0x98, 0x89, 0x99, 0x97,
    0x0, 0x8, 0xff, 0x30, 0x0, 0x0, 0xe, 0xf1,
    0x0, 0x0, 0x0, 0x0, 0x0, 0xaf, 0x50, 0x99,
    0x98, 0x88, 0xff, 0x98, 0x88, 0x99, 0x90, 0x0,
    0x0, 0x20, 0x1f, 0xff, 0xff, 0xff, 0xff, 0xff,
    0xff, 0xff, 0x10, 0x0, 0x0, 0x0, 0x0, 0x0,
    0x0, 0xef, 0x10, 0x0, 0x0, 0x0, 0x0, 0x0,
    0x0, 0x0, 0x0, 0x0, 0xe, 0xf1, 0x0, 0x0,
    0x0, 0x0, 0x0, 0x8d, 0xcb, 0xbb, 0xbb, 0xbb,
    0xff, 0xbb, 0xbb, 0xbb, 0xbb, 0xc7, 0xa, 0xff,
    0xee, 0xee, 0xee, 0xee, 0xee, 0xee, 0xee, 0xee,
    0xef, 0x80, 0x0, 0x0, 0x0, 0x0, 0x0, 0x0,
    0x0, 0x0, 0x0, 0x0, 0x0,

    /* U+6628 "昨" */
    0x0, 0x0, 0x0, 0x0, 0x0, 0x0, 0x45, 0x0,
    0x0, 0x0, 0x0, 0x0, 0x0, 0x0, 0x0, 0x0,
    0x0, 0xcf, 0x80, 0x0, 0x0, 0x0, 0x8, 0x88,
    0x88, 0x88, 0x0, 0x1, 0xfe, 0x0, 0x0, 0x0,
    0x0, 0xf, 0xff, 0xff, 0xff, 0x0, 0x8, 0xf7,
    0x0, 0x0, 0x0, 0x0, 0xf, 0xb0, 0x0, 0xcf,
    0x0, 0xe, 0xff, 0xff, 0xff, 0xff, 0xf1, 0xf,
    0xb0, 0x0, 0xcf, 0x0, 0x7f, 0xaf, 0xd7, 0x77,
    0x77, 0x80, 0xf, 0xb0, 0x0, 0xce, 0x1, 0xfe,
    0xf, 0xb0, 0x0, 0x0, 0x0, 0xf, 0xb0, 0x0,
    0xce, 0xb, 0xf5, 0xf, 0xb0, 0x0, 0x0, 0x0,
    0xf, 0xc3, 0x33, 0xce, 0x7f, 0xc0, 0xf, 0xb0,
    0x0, 0x0, 0x0, 0xf, 0xff, 0xff, 0xfe, 0x9,
    0x20, 0xf, 0xd8, 0x88, 0x88, 0x50, 0xf, 0xc5,
    0x55, 0xde, 0x0, 0x0, 0xf, 0xff, 0xff, 0xff,
    0x90, 0xf, 0xb0, 0x0, 0xce, 0x0, 0x0, 0xf,
    0xb0, 0x0, 0x0, 0x0, 0xf, 0xb0, 0x0, 0xce,
    0x0, 0x0, 0xf, 0xb0, 0x0, 0x0, 0x0, 0xf,
    0xb0, 0x0, 0xce, 0x0, 0x0, 0xf, 0xb0, 0x0,
    0x0, 0x0, 0xf, 0xb0, 0x0, 0xcf, 0x0, 0x0,
    0xf, 0xb0, 0x0, 0x0, 0x0, 0xf, 0xd9, 0x99,
    0xef, 0x0, 0x0, 0xf, 0xd7, 0x77, 0x78, 0x81,
    0xf, 0xff, 0xff, 0xff, 0x0, 0x0, 0xf, 0xff,
    0xff, 0xff, 0xf2, 0xf, 0xb0, 0x0, 0xcf, 0x0,
    0x0, 0xf, 0xb0, 0x0, 0x1, 0x10, 0xf, 0xb0,
    0x0, 0x23, 0x0, 0x0, 0xf, 0xb0, 0x0, 0x0,
    0x0, 0x8, 0x50, 0x0, 0x0, 0x0, 0x0, 0xf,
    0xb0, 0x0, 0x0, 0x0, 0x0, 0x0, 0x0, 0x0,
    0x0, 0x0, 0xf, 0xb0, 0x0, 0x0, 0x0, 0x0,
    0x0, 0x0, 0x0, 0x0, 0x0, 0xf, 0xc0, 0x0,
    0x0, 0x0,

    /* U+6652 "晒" */
    0x0, 0x0, 0x0, 0x8, 0xdc, 0xcc, 0xcc, 0xcc,
    0xcc, 0xcc, 0xcd, 0x5, 0x77, 0x77, 0x71, 0x7a,
    0xaa, 0xaf, 0xea, 0xdf, 0xaa, 0xaa, 0xb0, 0xcf,
    0xff, 0xff, 0x20, 0x0, 0x0, 0xed, 0x9, 0xf1,
    0x0, 0x0, 0xb, 0xf0, 0xa, 0xf2, 0x0, 0x0,
    0xe, 0xd0, 0x9f, 0x10, 0x0, 0x0, 0xbf, 0x0,
    0x9f, 0x10, 0x0, 0x0, 0xed, 0x9, 0xf1, 0x0,
    0x0, 0xb, 0xf0, 0x9, 0xf1, 0x0, 0x0, 0xe,
    0xd0, 0x9f, 0x10, 0x0, 0x0, 0xbf, 0x0, 0x9f,
    0x10, 0xff, 0xff, 0xff, 0xff, 0xff, 0xff, 0xfc,
    0xb, 0xf0, 0x9, 0xf1, 0xf, 0xe7, 0x7f, 0xe7,
    0xcf, 0x87, 0x8f, 0xc0, 0xbf, 0x88, 0xdf, 0x10,
    0xee, 0x0, 0xfc, 0x9, 0xf1, 0x2, 0xfb, 0xb,
    0xff, 0xff, 0xf1, 0xe, 0xe0, 0xf, 0xb0, 0x9f,
    0x10, 0x2f, 0xb0, 0xbf, 0x0, 0x9f, 0x10, 0xee,
    0x2, 0xf9, 0x9, 0xf1, 0x2, 0xfb, 0xb, 0xf0,
    0x9, 0xf1, 0xe, 0xe0, 0x6f, 0x60, 0x9f, 0x10,
    0x2f, 0xb0, 0xbf, 0x0, 0x9f, 0x10, 0xee, 0xc,
    0xf2, 0x9, 0xf3, 0x2, 0xfb, 0xb, 0xf0, 0x9,
    0xf1, 0xe, 0xe3, 0xfc, 0x0, 0x7f, 0xff, 0x6f,
    0xb0, 0xbf, 0x0, 0x9f, 0x10, 0xee, 0xcf, 0x50,
    0x0, 0x68, 0x84, 0xfb, 0xb, 0xfa, 0xad, 0xf1,
    0xe, 0xe0, 0x60, 0x0, 0x0, 0x0, 0x2f, 0xb0,
    0xbf, 0xaa, 0xdf, 0x20, 0xee, 0x0, 0x0, 0x0,
    0x0, 0x2, 0xfb, 0xc, 0xf0, 0x9, 0xf2, 0xe,
    0xe7, 0x77, 0x77, 0x77, 0x77, 0x8f, 0xb0, 0x8b,
    0x0, 0x0, 0x0, 0xef, 0xff, 0xff, 0xff, 0xff,
    0xff, 0xfb, 0x0, 0x0, 0x0, 0x0, 0xf, 0xe0,
    0x0, 0x0, 0x0, 0x0, 0x3f, 0xc0, 0x0, 0x0,
    0x0, 0x0, 0xfe, 0x0, 0x0, 0x0, 0x0, 0x2,
    0xfc, 0x0, 0x0, 0x0, 0x0, 0x1, 0x10, 0x0,
    0x0, 0x0, 0x0, 0x0, 0x0,

    /* U+665A "晚" */
    0x0, 0x0, 0x0, 0x0, 0x0, 0x3, 0xb4, 0x0,
    0x0, 0x0, 0x0, 0x0, 0x0, 0x0, 0x0, 0x0,
    0x0, 0xbf, 0x80, 0x0, 0x0, 0x0, 0x0, 0x5,
    0x55, 0x55, 0x50, 0x0, 0x6f, 0xa0, 0x0, 0x0,
    0x0, 0x0, 0x0, 0xff, 0xff, 0xff, 0x10, 0x2f,
    0xff, 0xff, 0xff, 0xf7, 0x0, 0x0, 0xf, 0xb1,
    0x19, 0xf0, 0xd, 0xf8, 0x77, 0x78, 0xfe, 0x0,
    0x0, 0x0, 0xfb, 0x0, 0x9f, 0x1c, 0xf8, 0x0,
    0x0, 0x7f, 0x60, 0x0, 0x0, 0xf, 0xb0, 0x9,
    0xf6, 0xfb, 0x0, 0x0, 0xe, 0xe0, 0x0, 0x0,
    0x0, 0xfb, 0x0, 0x9f, 0x4, 0x76, 0x66, 0x69,
    0xfb, 0x66, 0x64, 0x0, 0xf, 0xb0, 0x9, 0xf0,
    0x1f, 0xff, 0xff, 0xff, 0xff, 0xff, 0xa0, 0x0,
    0xfd, 0x77, 0xcf, 0x1, 0xf8, 0x11, 0x4f, 0x91,
    0x12, 0xf9, 0x0, 0xf, 0xff, 0xff, 0xf0, 0x1f,
    0x80, 0x5, 0xf6, 0x0, 0x1f, 0x90, 0x0, 0xfb,
    0x0, 0x9f, 0x1, 0xf8, 0x0, 0x8f, 0x30, 0x1,
    0xf9, 0x0, 0xf, 0xb0, 0x9, 0xf0, 0x1f, 0xff,
    0xff, 0xff, 0xff, 0xff, 0xa0, 0x0, 0xfb, 0x0,
    0x9f, 0x1, 0x88, 0x89, 0xfe, 0x88, 0x88, 0x85,
    0x0, 0xf, 0xb0, 0x9, 0xf0, 0x0, 0x0, 0x5f,
    0x85, 0x70, 0x0, 0x0, 0x0, 0xfb, 0x0, 0x9f,
    0x0, 0x0, 0xc, 0xf2, 0xae, 0x0, 0x0, 0x0,
    0xf, 0xff, 0xff, 0xf0, 0x0, 0x6, 0xfa, 0xa,
    0xe0, 0x0, 0x0, 0x0, 0xfd, 0x88, 0xcf, 0x0,
    0x3, 0xfe, 0x10, 0xae, 0x0, 0x0, 0x0, 0xf,
    0xb0, 0x9, 0xf1, 0x2, 0xef, 0x40, 0xa, 0xe0,
    0x0, 0x67, 0x10, 0xd9, 0x0, 0x12, 0x3, 0xef,
    0x70, 0x0, 0xaf, 0x0, 0x8, 0xf5, 0x0, 0x0,
    0x0, 0x18, 0xff, 0x70, 0x0, 0xa, 0xfa, 0x88,
    0xff, 0x0, 0x0, 0x0, 0x2, 0xdf, 0x50, 0x0,
    0x0, 0x3e, 0xff, 0xff, 0x80, 0x0, 0x0, 0x0,
    0x1, 0x30, 0x0, 0x0, 0x0, 0x0, 0x0, 0x0,
    0x0,

    /* U+6668 "晨" */
    0x0, 0x0, 0x0, 0x0, 0x0, 0x0, 0x0, 0x0,
    0x0, 0x0, 0x0, 0x0, 0x0, 0xff, 0xff, 0xff,
    0xff, 0xff, 0xff, 0xff, 0xf2, 0x0, 0x0, 0x0,
    0xdd, 0x33, 0x33, 0x33, 0x33, 0x33, 0x3a, 0xf2,
    0x0, 0x0, 0x0, 0xdd, 0x33, 0x33, 0x33, 0x33,
    0x33, 0x3a, 0xf1, 0x0, 0x0, 0x0, 0xdf, 0xff,
    0xff, 0xff, 0xff, 0xff, 0xff, 0xf1, 0x0, 0x0,
    0x0, 0xdd, 0x0, 0x0, 0x0, 0x0, 0x0, 0x9,
    0xf2, 0x0, 0x0, 0x0, 0xdf, 0xee, 0xee, 0xee,
    0xee, 0xee, 0xef, 0xf2, 0x0, 0x0, 0x0, 0x45,
    0x55, 0x55, 0x55, 0x55, 0x55, 0x55, 0x50, 0x0,
    0x0, 0x0, 0x0, 0x0, 0x0, 0x0, 0x0, 0x0,
    0x0, 0x1, 0x10, 0x0, 0x4f, 0xff, 0xff, 0xff,
    0xff, 0xff, 0xff, 0xff, 0xff, 0xb0, 0x0, 0x3f,
    0xc5, 0x55, 0x55, 0x55, 0x55, 0x55, 0x55, 0x56,
    0x40, 0x0, 0x3f, 0xa0, 0x77, 0x77, 0x77, 0x77,
    0x77, 0x77, 0x83, 0x0, 0x0, 0x2f, 0xa0, 0xef,
    0xff, 0xff, 0xff, 0xff, 0xff, 0xf6, 0x0, 0x0,
    0x2f, 0xa0, 0x0, 0x0, 0x0, 0x0, 0x0, 0x0,
    0x0, 0x0, 0x0, 0x3f, 0xd8, 0x88, 0x88, 0x88,
    0x88, 0x88, 0x88, 0x89, 0x92, 0x0, 0x4f, 0xed,
    0xdf, 0xfd, 0xef, 0xfd, 0xdd, 0xdd, 0xde, 0xe3,
    0x0, 0x6f, 0x70, 0x1f, 0x90, 0xe, 0xe2, 0x0,
    0x2b, 0x20, 0x0, 0x0, 0xaf, 0x40, 0x1f, 0x90,
    0x5, 0xfe, 0x34, 0xef, 0x80, 0x0, 0x0, 0xef,
    0x0, 0x1f, 0x90, 0x2, 0x7f, 0xff, 0xd3, 0x0,
    0x0, 0x6, 0xfb, 0x0, 0x2f, 0xa8, 0xf9, 0x6,
    0xff, 0xd7, 0x20, 0x0, 0x1e, 0xf3, 0x0, 0x9f,
    0xff, 0xd6, 0x0, 0x2b, 0xff, 0xfd, 0xb6, 0x7f,
    0xa0, 0x0, 0x8f, 0xd5, 0x0, 0x0, 0x0, 0x3a,
    0xef, 0xf4, 0x4, 0x10, 0x0, 0x6, 0x0, 0x0,
    0x0, 0x0, 0x0, 0x3, 0x60,

    /* U+6674 "晴" */
    0x0, 0x0, 0x0, 0x0, 0x0, 0x0, 0x0, 0x85,
    0x0, 0x0, 0x0, 0x0, 0x0, 0x0, 0x0, 0x0,
    0x0, 0x0, 0xfb, 0x0, 0x0, 0x0, 0x12, 0x22,
    0x22, 0x20, 0x49, 0x88, 0x88, 0xfd, 0x88, 0x89,
    0x91, 0xbf, 0xff, 0xff, 0xe0, 0x7e, 0xee, 0xee,
    0xff, 0xee, 0xee, 0xf2, 0xaf, 0x53, 0x3f, 0xe0,
    0x0, 0x0, 0x0, 0xfa, 0x0, 0x0, 0x0, 0xaf,
    0x20, 0xf, 0xd0, 0xc, 0xff, 0xff, 0xff, 0xff,
    0xff, 0x70, 0xaf, 0x20, 0xf, 0xd0, 0x6, 0x77,
    0x77, 0xfd, 0x77, 0x78, 0x30, 0xaf, 0x20, 0xf,
    0xd0, 0x0, 0x0, 0x0, 0xfa, 0x0, 0x0, 0x0,
    0xaf, 0x20, 0xf, 0xd2, 0xff, 0xff, 0xff, 0xff,
    0xff, 0xff, 0xff, 0xaf, 0xcb, 0xbf, 0xd1, 0x87,
    0x77, 0x77, 0x77, 0x77, 0x77, 0x77, 0xaf, 0xcb,
    0xbf, 0xd0, 0x1, 0x11, 0x11, 0x11, 0x11, 0x11,
    0x0, 0xaf, 0x20, 0xf, 0xd0, 0xa, 0xff, 0xff,
    0xff, 0xff, 0xff, 0x0, 0xaf, 0x20, 0xf, 0xd0,
    0xa, 0xf5, 0x55, 0x55, 0x55, 0xbf, 0x0, 0xaf,
    0x20, 0xf, 0xd0, 0xa, 0xf1, 0x0, 0x0, 0x0,
    0xaf, 0x0, 0xaf, 0x20, 0xf, 0xd0, 0x9, 0xff,
    0xff, 0xff, 0xff, 0xff, 0x0, 0xaf, 0x53, 0x3f,
    0xd0, 0x9, 0xf7, 0x66, 0x66, 0x66, 0xcf, 0x0,
    0xaf, 0xff, 0xff, 0xe0, 0x9, 0xf1, 0x0, 0x0,
    0x0, 0xaf, 0x0, 0xaf, 0x42, 0x2f, 0xe0, 0x9,
    0xff, 0xff, 0xff, 0xff, 0xff, 0x0, 0xbf, 0x20,
    0x9, 0x90, 0x9, 0xf7, 0x77, 0x77, 0x77, 0xcf,
    0x0, 0xbf, 0x20, 0x0, 0x0, 0xa, 0xf1, 0x0,
    0x0, 0x0, 0xaf, 0x0, 0x0, 0x0, 0x0, 0x0,
    0xa, 0xf1, 0x0, 0x0, 0x19, 0xee, 0x0, 0x0,
    0x0, 0x0, 0x0, 0xa, 0xf1, 0x0, 0x0, 0xb,
    0xb4, 0x0,

    /* U+6682 "暂" */
    0x0, 0x0, 0x5, 0x10, 0x0, 0x0, 0x0, 0x0,
    0x0, 0x0, 0x0, 0x0, 0x1, 0xfd, 0x0, 0x0,
    0x0, 0x1, 0x25, 0x8c, 0x60, 0x3, 0x32, 0x9f,
    0x72, 0x23, 0x30, 0xcf, 0xff, 0xff, 0xfc, 0x0,
    0xff, 0xff, 0xff, 0xff, 0xff, 0x1b, 0xf5, 0x32,
    0x0, 0x0, 0x3, 0x29, 0xf3, 0x22, 0x22, 0x30,
    0xbf, 0x0, 0x0, 0x0, 0x0, 0x2, 0xf8, 0xa,
    0xf0, 0x0, 0xb, 0xf6, 0x66, 0x66, 0x64, 0x3,
    0xef, 0x76, 0xdf, 0x88, 0x70, 0xcf, 0xff, 0xff,
    0xff, 0x90, 0x1f, 0xff, 0xef, 0xfc, 0xca, 0xd,
    0xf1, 0x1d, 0xe1, 0x11, 0x0, 0x31, 0x0, 0xbf,
    0x0, 0x0, 0xfd, 0x0, 0xce, 0x0, 0x0, 0x34,
    0x56, 0x7d, 0xfb, 0xda, 0x4f, 0x90, 0xd, 0xe0,
    0x0, 0x1f, 0xff, 0xfe, 0xff, 0xa8, 0x4c, 0xf3,
    0x0, 0xde, 0x0, 0x0, 0x43, 0x10, 0xb, 0xf0,
    0x5, 0xfb, 0x0, 0xd, 0xf0, 0x0, 0x0, 0x0,
    0x0, 0x47, 0x0, 0x3, 0x10, 0x0, 0x55, 0x0,
    0x0, 0x0, 0x37, 0x77, 0x77, 0x77, 0x77, 0x77,
    0x77, 0x71, 0x0, 0x0, 0x7, 0xff, 0xff, 0xff,
    0xff, 0xff, 0xff, 0xff, 0x20, 0x0, 0x0, 0x6f,
    0x60, 0x0, 0x0, 0x0, 0x0, 0xb, 0xf1, 0x0,
    0x0, 0x6, 0xf8, 0x44, 0x44, 0x44, 0x44, 0x44,
    0xcf, 0x10, 0x0, 0x0, 0x6f, 0xff, 0xff, 0xff,
    0xff, 0xff, 0xff, 0xf1, 0x0, 0x0, 0x6, 0xf6,
    0x0, 0x0, 0x0, 0x0, 0x0, 0xbf, 0x10, 0x0,
    0x0, 0x7f, 0x84, 0x44, 0x44, 0x44, 0x44, 0x4c,
    0xf1, 0x0, 0x0, 0x7, 0xff, 0xff, 0xff, 0xff,
    0xff, 0xff, 0xff, 0x20, 0x0, 0x0, 0x7f, 0x60,
    0x0, 0x0, 0x0, 0x0, 0xb, 0xf2, 0x0,

    /* U+6696 "暖" */
    0x0, 0x0, 0x0, 0x0, 0x0, 0x0, 0x0, 0x0,
    0x1, 0x46, 0x0, 0x0, 0x0, 0x0, 0x0, 0x0,
    0x34, 0x56, 0x8a, 0xbe, 0xff, 0xf4, 0x0, 0x8,
    0x88, 0x88, 0x86, 0xe, 0xff, 0xfe, 0xca, 0x97,
    0x64, 0x20, 0x0, 0xff, 0xff, 0xff, 0xa0, 0x56,
    0x31, 0x56, 0x0, 0x6, 0xb3, 0x0, 0xf, 0xb0,
    0x1, 0xfa, 0xc, 0xc0, 0xc, 0xf1, 0x0, 0xcf,
    0x40, 0x0, 0xfb, 0x0, 0x1f, 0xa0, 0x6f, 0x80,
    0x3f, 0x90, 0x3f, 0xa0, 0x0, 0xf, 0xb0, 0x1,
    0xf9, 0x0, 0xbc, 0x0, 0x96, 0xa, 0xf2, 0x0,
    0x0, 0xfb, 0x0, 0x1f, 0x90, 0x79, 0x77, 0x77,
    0x77, 0xfe, 0x99, 0x0, 0xf, 0xb0, 0x1, 0xf9,
    0xc, 0xed, 0xdf, 0xfd, 0xdd, 0xdd, 0xd1, 0x0,
    0xff, 0xff, 0xff, 0x90, 0x0, 0x1, 0xfa, 0x0,
    0x0, 0x0, 0x0, 0xf, 0xc4, 0x45, 0xf9, 0x23,
    0x33, 0x6f, 0x93, 0x33, 0x33, 0x32, 0x0, 0xfb,
    0x0, 0x1f, 0x99, 0xff, 0xff, 0xff, 0xff, 0xff,
    0xff, 0xa0, 0xf, 0xb0, 0x1, 0xf9, 0x12, 0x22,
    0xdf, 0x22, 0x22, 0x22, 0x22, 0x0, 0xfb, 0x0,
    0x1f, 0x90, 0x0, 0x3f, 0xc5, 0x55, 0x55, 0x51,
    0x0, 0xf, 0xb0, 0x1, 0xf9, 0x0, 0xa, 0xff,
    0xff, 0xff, 0xfe, 0x0, 0x0, 0xfd, 0x77, 0x7f,
    0xa0, 0x4, 0xff, 0xd1, 0x11, 0x8f, 0x70, 0x0,
    0xf, 0xff, 0xff, 0xfa, 0x0, 0xdf, 0x9f, 0x80,
    0x1f, 0xd0, 0x0, 0x0, 0xfb, 0x0, 0x1f, 0xa0,
    0xbf, 0x70, 0xbf, 0x7c, 0xf3, 0x0, 0x0, 0x1f,
    0xb0, 0x0, 0x64, 0xaf, 0x90, 0x0, 0xdf, 0xf7,
    0x0, 0x0, 0x0, 0x21, 0x0, 0x1, 0xcf, 0xa0,
    0x0, 0x5e, 0xff, 0xd4, 0x0, 0x0, 0x0, 0x0,
    0x0, 0x4, 0x90, 0x4, 0xcf, 0xd2, 0x6f, 0xfc,
    0x61, 0x0, 0x0, 0x0, 0x0, 0x0, 0x4e, 0xfe,
    0x70, 0x0, 0x19, 0xff, 0x80, 0x0, 0x0, 0x0,
    0x0, 0x0, 0x56, 0x0, 0x0, 0x0, 0x2, 0x70,
    0x0,

    /* U+66B4 "暴" */
    0x0, 0x0, 0x8f, 0xff, 0xff, 0xff, 0xff, 0xff,
    0xff, 0xf2, 0x0, 0x0, 0x0, 0x8, 0xf5, 0x44,
    0x44, 0x44, 0x44, 0x44, 0xaf, 0x10, 0x0, 0x0,
    0x0, 0x8f, 0x54, 0x44, 0x44, 0x44, 0x44, 0x4a,
    0xf1, 0x0, 0x0, 0x0, 0x8, 0xff, 0xff, 0xff,
    0xff, 0xff, 0xff, 0xff, 0x10, 0x0, 0x0, 0x0,
    0x8f, 0x10, 0x0, 0x0, 0x0, 0x0, 0x8, 0xf1,
    0x0, 0x0, 0x0, 0x9, 0xff, 0xff, 0xff, 0xff,
    0xff, 0xff, 0xff, 0x20, 0x0, 0x0, 0x0, 0x24,
    0x45, 0xfa, 0x44, 0x44, 0xcf, 0x44, 0x40, 0x0,
    0x0, 0x0, 0x32, 0x22, 0x3f, 0x92, 0x22, 0x2b,
    0xe2, 0x22, 0x32, 0x0, 0x0, 0xd, 0xff, 0xff,
    0xff, 0xff, 0xff, 0xff, 0xff, 0xff, 0x90, 0x0,
    0x0, 0x11, 0x11, 0x2f, 0x81, 0x11, 0x1b, 0xe1,
    0x11, 0x11, 0x0, 0x1, 0x87, 0x77, 0x77, 0xfb,
    0x77, 0x77, 0xdf, 0x77, 0x77, 0x78, 0x10, 0x2f,
    0xee, 0xee, 0xff, 0xee, 0xee, 0xee, 0xfe, 0xee,
    0xee, 0xf3, 0x0, 0x0, 0x0, 0x7f, 0xb0, 0x6,
    0x40, 0xc, 0xe3, 0x0, 0x0, 0x0, 0x0, 0x4,
    0xcf, 0x90, 0x0, 0xfb, 0x0, 0x1b, 0xfa, 0x30,
    0x0, 0x5, 0x8e, 0xfd, 0x7c, 0x20, 0xf, 0xa0,
    0x8, 0xd8, 0xef, 0xd9, 0x20, 0x7f, 0xc5, 0x4,
    0xfd, 0x3, 0xfe, 0x74, 0xfc, 0x0, 0x7e, 0xd0,
    0x0, 0x20, 0x0, 0x6, 0xfe, 0xff, 0xff, 0xff,
    0x20, 0x0, 0x1, 0x0, 0x0, 0x0, 0x39, 0xff,
    0xa4, 0xfa, 0x3b, 0xff, 0x81, 0x0, 0x0, 0x0,
    0x8, 0xef, 0xe7, 0x10, 0xf, 0xa0, 0x3, 0xcf,
    0xf8, 0x10, 0x0, 0x0, 0x5d, 0x50, 0x0, 0x6a,
    0xf9, 0x0, 0x0, 0x6f, 0xf5, 0x0, 0x0, 0x0,
    0x0, 0x0, 0x7, 0xfe, 0x20, 0x0, 0x0, 0x16,
    0x0, 0x0, 0x0, 0x0, 0x0, 0x0, 0x13, 0x0,
    0x0, 0x0, 0x0, 0x0, 0x0,

    /* U+6700 "最" */
    0x0, 0x1, 0x44, 0x44, 0x44, 0x44, 0x44, 0x44,
    0x44, 0x0, 0x0, 0x0, 0x3, 0xff, 0xff, 0xff,
    0xff, 0xff, 0xff, 0xff, 0x0, 0x0, 0x0, 0x3,
    0xf9, 0x0, 0x0, 0x0, 0x0, 0x0, 0xcf, 0x0,
    0x0, 0x0, 0x2, 0xff, 0xff, 0xff, 0xff, 0xff,
    0xff, 0xff, 0x0, 0x0, 0x0, 0x2, 0xfb, 0x55,
    0x55, 0x55, 0x55, 0x55, 0xdf, 0x0, 0x0, 0x0,
    0x3, 0xfa, 0x44, 0x44, 0x44, 0x44, 0x44, 0xdf,
    0x0, 0x0, 0x0, 0x3, 0xff, 0xff, 0xff, 0xff,
    0xff, 0xff, 0xff, 0x0, 0x0, 0x0, 0x0, 0x0,
    0x0, 0x0, 0x0, 0x0, 0x0, 0x0, 0x0, 0x0,
    0x38, 0x77, 0x77, 0x77, 0x77, 0x77, 0x77, 0x77,
    0x77, 0x77, 0x82, 0x7f, 0xff, 0xff, 0xff, 0xff,
    0xff, 0xff, 0xff, 0xff, 0xff, 0xf4, 0x0, 0xe,
    0xa0, 0x0, 0xf, 0x90, 0x0, 0x0, 0x0, 0x0,
    0x0, 0x0, 0xe, 0xc6, 0x66, 0x6f, 0x93, 0x66,
    0x66, 0x66, 0x60, 0x0, 0x0, 0xe, 0xff, 0xff,
    0xff, 0x96, 0xff, 0xff, 0xff, 0xe0, 0x0, 0x0,
    0xe, 0xa0, 0x0, 0xf, 0x90, 0x8d, 0x0, 0x1f,
    0x90, 0x0, 0x0, 0xe, 0xfe, 0xee, 0xef, 0x90,
    0x3f, 0x30, 0x6f, 0x20, 0x0, 0x0, 0xe, 0xc5,
    0x55, 0x5f, 0x90, 0xc, 0xb0, 0xeb, 0x0, 0x0,
    0x0, 0xe, 0xa0, 0x2, 0x4f, 0xee, 0x3, 0xfd,
    0xf3, 0x0, 0x0, 0x4, 0x6f, 0xee, 0xff, 0xff,
    0xd7, 0x0, 0x9f, 0xe3, 0x0, 0x0, 0xe, 0xff,
    0xda, 0x63, 0xf, 0xa0, 0x5, 0xf9, 0xcf, 0xa4,
    0x0, 0x5, 0x41, 0x0, 0x0, 0xf, 0xa2, 0x9f,
    0x80, 0x7, 0xff, 0xe1, 0x0, 0x0, 0x0, 0x0,
    0x1f, 0xb1, 0xc6, 0x0, 0x0, 0x17, 0x50, 0x0,
    0x0, 0x0, 0x0, 0x0, 0x0, 0x0, 0x0, 0x0,
    0x0, 0x0,

    /* U+6708 "月" */
    0x0, 0x0, 0x11, 0x11, 0x11, 0x11, 0x11, 0x11,
    0x11, 0x10, 0x0, 0xd, 0xff, 0xff, 0xff, 0xff,
    0xff, 0xff, 0xfd, 0x0, 0x0, 0xcf, 0x55, 0x55,
    0x55, 0x55, 0x55, 0x5f, 0xc0, 0x0, 0xc, 0xf0,
    0x0, 0x0, 0x0, 0x0, 0x1, 0xfb, 0x0, 0x0,
    0xcf, 0x0, 0x0, 0x0, 0x0, 0x0, 0x1f, 0xb0,
    0x0, 0xc, 0xf0, 0x0, 0x0, 0x0, 0x0, 0x1,
    0xfb, 0x0, 0x0, 0xcf, 0xff, 0xff, 0xff, 0xff,
    0xff, 0xff, 0xb0, 0x0, 0xc, 0xf7, 0x77, 0x77,
    0x77, 0x77, 0x77, 0xfb, 0x0, 0x0, 0xcf, 0x0,
    0x0, 0x0, 0x0, 0x0, 0x1f, 0xb0, 0x0, 0xc,
    0xf0, 0x0, 0x0, 0x0, 0x0, 0x1, 0xfb, 0x0,
    0x0, 0xcf, 0x0, 0x0, 0x0, 0x0, 0x0, 0x1f,
    0xb0, 0x0, 0xc, 0xf8, 0x88, 0x88, 0x88, 0x88,
    0x88, 0xfb, 0x0, 0x0, 0xef, 0xff, 0xff, 0xff,
    0xff, 0xff, 0xff, 0xb0, 0x0, 0xf, 0xd0, 0x0,
    0x0, 0x0, 0x0, 0x1, 0xfb, 0x0, 0x3, 0xfa,
    0x0, 0x0, 0x0, 0x0, 0x0, 0x1f, 0xb0, 0x0,
    0x7f, 0x60, 0x0, 0x0, 0x0, 0x0, 0x1, 0xfb,
    0x0, 0xd, 0xf2, 0x0, 0x0, 0x0, 0x0, 0x0,
    0x1f, 0xb0, 0x4, 0xfc, 0x0, 0x0, 0x0, 0x0,
    0x0, 0x1, 0xfb, 0x0, 0xdf, 0x40, 0x0, 0x0,
    0x0, 0x0, 0x0, 0x5f, 0xa0, 0xbf, 0xb0, 0x0,
    0x0, 0x0, 0x0, 0x8f, 0xff, 0xf8, 0x2b, 0xe2,
    0x0, 0x0, 0x0, 0x0, 0x1, 0xff, 0xd9, 0x10,
    0x1, 0x0, 0x0, 0x0, 0x0, 0x0, 0x0, 0x0,
    0x0,

    /* U+670D "服" */
    0x0, 0x7, 0x77, 0x77, 0x77, 0x0, 0x89, 0x99,
    0x99, 0x99, 0x70, 0x0, 0x0, 0xff, 0xff, 0xff,
    0xf0, 0xe, 0xff, 0xff, 0xff, 0xfb, 0x0, 0x0,
    0xe, 0xc2, 0x22, 0xcf, 0x0, 0xdd, 0x0, 0x0,
    0x3f, 0xa0, 0x0, 0x0, 0xec, 0x0, 0xc, 0xf0,
    0xd, 0xd0, 0x0, 0x3, 0xf9, 0x0, 0x0, 0xe,
    0xc0, 0x0, 0xcf, 0x0, 0xdd, 0x0, 0x0, 0x5f,
    0x80, 0x0, 0x0, 0xee, 0x88, 0x8e, 0xf0, 0xd,
    0xd0, 0xa, 0xcf, 0xf4, 0x0, 0x0, 0xe, 0xff,
    0xff, 0xff, 0x0, 0xdd, 0x0, 0x7f, 0xd7, 0x0,
    0x0, 0x0, 0xec, 0x11, 0x1c, 0xf0, 0xd, 0xd0,
    0x0, 0x10, 0x0, 0x0, 0x0, 0xe, 0xb0, 0x0,
    0xcf, 0x0, 0xdf, 0xaa, 0xaa, 0xaa, 0xa6, 0x0,
    0x0, 0xfb, 0x0, 0xc, 0xf0, 0xd, 0xff, 0xff,
    0xff, 0xff, 0x70, 0x0, 0xf, 0xb0, 0x0, 0xcf,
    0x0, 0xdd, 0x5f, 0x50, 0x8, 0xf4, 0x0, 0x0,
    0xff, 0xff, 0xff, 0xf0, 0xd, 0xd1, 0xf9, 0x0,
    0xcf, 0x0, 0x0, 0x1f, 0xda, 0xaa, 0xef, 0x0,
    0xdd, 0xc, 0xe0, 0xf, 0xc0, 0x0, 0x3, 0xf7,
    0x0, 0xc, 0xf0, 0xd, 0xd0, 0x7f, 0x36, 0xf6,
    0x0, 0x0, 0x6f, 0x50, 0x0, 0xcf, 0x0, 0xdd,
    0x1, 0xfb, 0xcf, 0x10, 0x0, 0x9, 0xf3, 0x0,
    0xc, 0xf0, 0xd, 0xd0, 0xa, 0xff, 0xa0, 0x0,
    0x0, 0xdf, 0x0, 0x0, 0xcf, 0x0, 0xdd, 0x0,
    0x3f, 0xf7, 0x0, 0x0, 0x3f, 0xb0, 0x0, 0xc,
    0xe0, 0xd, 0xd0, 0xc, 0xff, 0xf6, 0x0, 0xa,
    0xf7, 0x0, 0x46, 0xfe, 0x0, 0xdd, 0xa, 0xf9,
    0x2e, 0xfa, 0x10, 0xdf, 0x10, 0xc, 0xff, 0x90,
    0xe, 0xda, 0xfb, 0x0, 0x2d, 0xf8, 0x0, 0x50,
    0x0, 0x5b, 0x50, 0x0, 0xed, 0x5a, 0x0, 0x0,
    0x7, 0x0, 0x0, 0x0, 0x0, 0x0, 0x0, 0x0,
    0x0, 0x0, 0x0, 0x0, 0x0,

    /* U+671D "朝" */
    0x0, 0x0, 0x5, 0x92, 0x0, 0x0, 0x0, 0x0,
    0x0, 0x0, 0x0, 0x0, 0x0, 0x9, 0xf3, 0x0,
    0x0, 0x7, 0x77, 0x77, 0x77, 0x70, 0x0, 0x0,
    0x8, 0xf2, 0x0, 0x0, 0xf, 0xff, 0xff, 0xff,
    0xf0, 0x3f, 0xff, 0xff, 0xff, 0xff, 0xf8, 0xe,
    0xc0, 0x0, 0xc, 0xf0, 0x28, 0x77, 0x7c, 0xf8,
    0x77, 0x74, 0xe, 0xc0, 0x0, 0xc, 0xf0, 0x0,
    0x0, 0x8, 0xf2, 0x0, 0x0, 0xe, 0xc0, 0x0,
    0xc, 0xe0, 0x0, 0x33, 0x3a, 0xf5, 0x33, 0x30,
    0xe, 0xc0, 0x0, 0xc, 0xe0, 0x2, 0xff, 0xff,
    0xff, 0xff, 0xf0, 0xe, 0xe7, 0x77, 0x7d, 0xe0,
    0x1, 0xfb, 0x44, 0x44, 0x4d, 0xe0, 0xe, 0xff,
    0xff, 0xff, 0xe0, 0x1, 0xfa, 0x22, 0x22, 0x2c,
    0xe0, 0xe, 0xc0, 0x0, 0xc, 0xe0, 0x1, 0xff,
    0xff, 0xff, 0xff, 0xe0, 0xf, 0xc0, 0x0, 0xc,
    0xe0, 0x1, 0xfb, 0x44, 0x44, 0x4d, 0xe0, 0xf,
    0xc0, 0x0, 0xc, 0xe0, 0x1, 0xf9, 0x0, 0x0,
    0xc, 0xe0, 0xf, 0xb0, 0x0, 0xc, 0xe0, 0x2,
    0xff, 0xff, 0xff, 0xff, 0xf0, 0x2f, 0xff, 0xff,
    0xff, 0xe0, 0x1, 0x77, 0x7c, 0xf8, 0x77, 0x70,
    0x4f, 0xc7, 0x77, 0x7d, 0xe0, 0x0, 0x0, 0x8,
    0xf2, 0x0, 0x0, 0x6f, 0x60, 0x0, 0xc, 0xe0,
    0x78, 0x77, 0x7c, 0xf8, 0x77, 0x83, 0xaf, 0x30,
    0x0, 0xc, 0xe0, 0xef, 0xff, 0xff, 0xff, 0xff,
    0xf7, 0xfd, 0x0, 0x0, 0xc, 0xe0, 0x0, 0x0,
    0x8, 0xf2, 0x0, 0x6, 0xf8, 0x0, 0x0, 0xc,
    0xe0, 0x0, 0x0, 0x8, 0xf2, 0x0, 0xe, 0xf1,
    0x0, 0x0, 0xd, 0xe0, 0x0, 0x0, 0xa, 0xf2,
    0x0, 0xaf, 0x70, 0x0, 0xb, 0xcf, 0xd0, 0x0,
    0x0, 0xb, 0xf3, 0x0, 0x9d, 0x0, 0x0, 0xa,
    0xfd, 0x40, 0x0, 0x0, 0x0, 0x0, 0x0, 0x0,
    0x0, 0x0, 0x1, 0x10, 0x0,

    /* U+671F "期" */
    0x0, 0x2, 0x30, 0x0, 0x3, 0x30, 0x0, 0x0,
    0x0, 0x0, 0x0, 0x0, 0x0, 0xbf, 0x30, 0x0,
    0xdf, 0x20, 0x3, 0x44, 0x44, 0x44, 0x40, 0x0,
    0xa, 0xf2, 0x0, 0xd, 0xf1, 0x0, 0xdf, 0xff,
    0xff, 0xff, 0x10, 0x22, 0xbf, 0x32, 0x22, 0xdf,
    0x32, 0xd, 0xf3, 0x22, 0x2e, 0xf0, 0xa, 0xff,
    0xff, 0xff, 0xff, 0xff, 0xc0, 0xdf, 0x10, 0x0,
    0xef, 0x0, 0x34, 0xcf, 0x54, 0x44, 0xdf, 0x54,
    0xd, 0xf1, 0x0, 0xe, 0xf0, 0x0, 0xa, 0xf2,
    0x0, 0xc, 0xf1, 0x0, 0xcf, 0x10, 0x0, 0xef,
    0x0, 0x0, 0xaf, 0x87, 0x77, 0xef, 0x10, 0xc,
    0xf7, 0x77, 0x7e, 0xf0, 0x0, 0xa, 0xff, 0xff,
    0xff, 0xf1, 0x0, 0xcf, 0xff, 0xff, 0xff, 0x0,
    0x0, 0xaf, 0x20, 0x0, 0xcf, 0x10, 0xc, 0xf1,
    0x0, 0xe, 0xf0, 0x0, 0xa, 0xf5, 0x44, 0x4d,
    0xf1, 0x0, 0xdf, 0x10, 0x0, 0xef, 0x0, 0x0,
    0xaf, 0xff, 0xff, 0xff, 0x10, 0xd, 0xf1, 0x0,
    0xe, 0xf0, 0x0, 0xa, 0xf3, 0x22, 0x2d, 0xf1,
    0x0, 0xdf, 0x65, 0x55, 0xef, 0x0, 0x0, 0xaf,
    0x20, 0x0, 0xcf, 0x10, 0xe, 0xff, 0xff, 0xff,
    0xf0, 0x3f, 0xff, 0xff, 0xff, 0xff, 0xff, 0xc0,
    0xfe, 0x0, 0x0, 0xef, 0x1, 0x87, 0x77, 0x77,
    0x77, 0x77, 0x86, 0x3f, 0xb0, 0x0, 0xe, 0xf0,
    0x0, 0x5, 0x91, 0x0, 0x4a, 0x0, 0x8, 0xf8,
    0x0, 0x0, 0xef, 0x0, 0x1, 0xef, 0x40, 0x9,
    0xf9, 0x0, 0xef, 0x20, 0x0, 0xe, 0xf0, 0x0,
    0xbf, 0x50, 0x0, 0xc, 0xf7, 0x7f, 0xc0, 0x0,
    0x0, 0xef, 0x0, 0xaf, 0x90, 0x0, 0x0, 0x2d,
    0x6f, 0xf4, 0x0, 0x0, 0x1e, 0xf0, 0x1b, 0xc0,
    0x0, 0x0, 0x0, 0x2e, 0xfa, 0x0, 0x0, 0x9f,
    0xfd, 0x0, 0x0, 0x0, 0x0, 0x0, 0x0, 0x5c,
    0x0, 0x0, 0x3, 0xfb, 0x20, 0x0, 0x0, 0x0,
    0x0, 0x0, 0x0, 0x0, 0x0, 0x0, 0x0, 0x0,
    0x0,

    /* U+672A "未" */
    0x0, 0x0, 0x0, 0x0, 0x0, 0x19, 0x80, 0x0,
    0x0, 0x0, 0x0, 0x0, 0x0, 0x0, 0x0, 0x0,
    0x0, 0x1f, 0xd0, 0x0, 0x0, 0x0, 0x0, 0x0,
    0x0, 0x0, 0x0, 0x0, 0x0, 0x1f, 0xc0, 0x0,
    0x0, 0x0, 0x0, 0x0, 0x0, 0x0, 0x0, 0x0,
    0x0, 0x1f, 0xc0, 0x0, 0x0, 0x0, 0x0, 0x0,
    0x0, 0x6, 0x99, 0x99, 0x99, 0x9f, 0xe9, 0x99,
    0x99, 0x9a, 0x30, 0x0, 0x0, 0xa, 0xff, 0xff,
    0xff, 0xff, 0xff, 0xff, 0xff, 0xff, 0x40, 0x0,
    0x0, 0x0, 0x0, 0x0, 0x0, 0x1f, 0xc0, 0x0,
    0x0, 0x0, 0x0, 0x0, 0x0, 0x0, 0x0, 0x0,
    0x0, 0x1f, 0xc0, 0x0, 0x0, 0x0, 0x0, 0x0,
    0x0, 0x0, 0x0, 0x0, 0x0, 0x1f, 0xc0, 0x0,
    0x0, 0x0, 0x0, 0x0, 0x4, 0x98, 0x88, 0x88,
    0x88, 0x9f, 0xe8, 0x88, 0x88, 0x88, 0x89, 0x10,
    0x7, 0xff, 0xff, 0xff, 0xff, 0xff, 0xff, 0xff,
    0xff, 0xff, 0xff, 0x20, 0x0, 0x0, 0x0, 0x0,
    0x1e, 0xff, 0xff, 0x50, 0x0, 0x0, 0x0, 0x0,
    0x0, 0x0, 0x0, 0x0, 0xbf, 0x8f, 0xde, 0xe2,
    0x0, 0x0, 0x0, 0x0, 0x0, 0x0, 0x0, 0x6,
    0xfc, 0x1f, 0xc5, 0xfc, 0x0, 0x0, 0x0, 0x0,
    0x0, 0x0, 0x0, 0x5f, 0xf2, 0x1f, 0xc0, 0xaf,
    0xc0, 0x0, 0x0, 0x0, 0x0, 0x0, 0x6, 0xff,
    0x40, 0x1f, 0xc0, 0x1d, 0xfb, 0x10, 0x0, 0x0,
    0x0, 0x0, 0x7f, 0xf6, 0x0, 0x1f, 0xc0, 0x2,
    0xef, 0xe5, 0x0, 0x0, 0x0, 0x1b, 0xff, 0x60,
    0x0, 0x1f, 0xc0, 0x0, 0x2c, 0xff, 0xc5, 0x0,
    0x7, 0xff, 0xe3, 0x0, 0x0, 0x1f, 0xc0, 0x0,
    0x0, 0x8f, 0xff, 0xc0, 0x2, 0xec, 0x10, 0x0,
    0x0, 0x1f, 0xc0, 0x0, 0x0, 0x3, 0xae, 0x10,
    0x0, 0x20, 0x0, 0x0, 0x0, 0x2f, 0xd0, 0x0,
    0x0, 0x0, 0x0, 0x0, 0x0, 0x0, 0x0, 0x0,
    0x0, 0x3f, 0xd0, 0x0, 0x0, 0x0, 0x0, 0x0,

    /* U+672C "本" */
    0x0, 0x0, 0x0, 0x0, 0x0, 0x66, 0x0, 0x0,
    0x0, 0x0, 0x0, 0x0, 0x0, 0x0, 0x0, 0x0,
    0xff, 0x0, 0x0, 0x0, 0x0, 0x0, 0x0, 0x0,
    0x0, 0x0, 0x0, 0xff, 0x0, 0x0, 0x0, 0x0,
    0x0, 0x0, 0x0, 0x0, 0x0, 0x0, 0xff, 0x0,
    0x0, 0x0, 0x0, 0x0, 0x0, 0x0, 0x0, 0x0,
    0x0, 0xff, 0x0, 0x0, 0x0, 0x0, 0x0, 0xa,
    0xcb, 0xbb, 0xbb, 0xbb, 0xff, 0xbb, 0xbb, 0xbb,
    0xbc, 0xb0, 0xc, 0xee, 0xee, 0xee, 0xff, 0xff,
    0xfe, 0xee, 0xee, 0xee, 0xe0, 0x0, 0x0, 0x0,
    0x0, 0xcf, 0xff, 0xfa, 0x0, 0x0, 0x0, 0x0,
    0x0, 0x0, 0x0, 0x3, 0xfb, 0xff, 0xaf, 0x0,
    0x0, 0x0, 0x0, 0x0, 0x0, 0x0, 0xa, 0xf4,
    0xff, 0x4f, 0x70, 0x0, 0x0, 0x0, 0x0, 0x0,
    0x0, 0x2f, 0xc0, 0xff, 0xe, 0xe0, 0x0, 0x0,
    0x0, 0x0, 0x0, 0x0, 0xcf, 0x40, 0xff, 0x6,
    0xf8, 0x0, 0x0, 0x0, 0x0, 0x0, 0x6, 0xfb,
    0x0, 0xff, 0x0, 0xcf, 0x30, 0x0, 0x0, 0x0,
    0x0, 0x2e, 0xf2, 0x0, 0xff, 0x0, 0x3f, 0xe2,
    0x0, 0x0, 0x0, 0x1, 0xdf, 0x60, 0x0, 0xff,
    0x0, 0x7, 0xfe, 0x30, 0x0, 0x0, 0x1c, 0xf9,
    0x0, 0x0, 0xff, 0x0, 0x0, 0x9f, 0xf5, 0x0,
    0x2, 0xdf, 0xb2, 0xcc, 0xbb, 0xff, 0xbb, 0xcc,
    0x39, 0xff, 0xa2, 0x6f, 0xfb, 0x2, 0xee, 0xdd,
    0xff, 0xdd, 0xee, 0x30, 0x7f, 0xf4, 0x2d, 0xa0,
    0x0, 0x0, 0x0, 0xff, 0x0, 0x0, 0x0, 0x4,
    0x50, 0x1, 0x0, 0x0, 0x0, 0x0, 0xff, 0x0,
    0x0, 0x0, 0x0, 0x0, 0x0, 0x0, 0x0, 0x0,
    0x0, 0xff, 0x0, 0x0, 0x0, 0x0, 0x0, 0x0,
    0x0, 0x0, 0x0, 0x0, 0xff, 0x0, 0x0, 0x0,
    0x0, 0x0,

    /* U+6761 "条" */
    0x0, 0x0, 0x0, 0x2a, 0x40, 0x0, 0x0, 0x0,
    0x0, 0x0, 0x0, 0x0, 0x0, 0x0, 0x9, 0xfa,
    0x0, 0x0, 0x0, 0x0, 0x0, 0x0, 0x0, 0x0,
    0x0, 0x2, 0xff, 0xaa, 0xaa, 0xaa, 0xaa, 0xaa,
    0x30, 0x0, 0x0, 0x0, 0x0, 0xcf, 0xff, 0xff,
    0xff, 0xff, 0xff, 0xc0, 0x0, 0x0, 0x0, 0x0,
    0x8f, 0xfd, 0x10, 0x0, 0x0, 0x2f, 0xf2, 0x0,
    0x0, 0x0, 0x0, 0x5f, 0xd7, 0xfc, 0x0, 0x0,
    0x1e, 0xf4, 0x0, 0x0, 0x0, 0x0, 0x5f, 0xe2,
    0x7, 0xfc, 0x10, 0x3e, 0xf6, 0x0, 0x0, 0x0,
    0x0, 0xc, 0xf3, 0x0, 0x7, 0xfe, 0x9f, 0xf5,
    0x0, 0x0, 0x0, 0x0, 0x0, 0x3, 0x0, 0x0,
    0xb, 0xff, 0xf7, 0x0, 0x0, 0x0, 0x0, 0x0,
    0x0, 0x0, 0x0, 0x5c, 0xfc, 0x9f, 0xfc, 0x72,
    0x0, 0x0, 0x0, 0x0, 0x2, 0x5a, 0xef, 0xd5,
    0x0, 0x19, 0xff, 0xff, 0xc9, 0x88, 0x7, 0xcf,
    0xff, 0xe9, 0x30, 0xf, 0xf0, 0x0, 0x6a, 0xef,
    0xff, 0x90, 0x1f, 0xc8, 0x30, 0x0, 0x0, 0xff,
    0x0, 0x0, 0x0, 0x14, 0x62, 0x0, 0xa, 0xbb,
    0xaa, 0xaa, 0xaf, 0xfa, 0xaa, 0xaa, 0xbb, 0x90,
    0x0, 0x0, 0xef, 0xff, 0xff, 0xff, 0xff, 0xff,
    0xff, 0xff, 0xfd, 0x0, 0x0, 0x0, 0x0, 0x0,
    0x0, 0xf, 0xf0, 0x0, 0x0, 0x0, 0x0, 0x0,
    0x0, 0x0, 0x3, 0xb1, 0x0, 0xff, 0x0, 0x65,
    0x0, 0x0, 0x0, 0x0, 0x0, 0x4, 0xef, 0x80,
    0xf, 0xf0, 0x1f, 0xfc, 0x30, 0x0, 0x0, 0x0,
    0x8, 0xff, 0x60, 0x0, 0xff, 0x0, 0x19, 0xff,
    0x90, 0x0, 0x0, 0x5d, 0xfb, 0x20, 0x0, 0x2f,
    0xf0, 0x0, 0x3, 0xdf, 0xe4, 0x0, 0x9, 0xf6,
    0x0, 0x6, 0xef, 0xfc, 0x0, 0x0, 0x0, 0x8f,
    0x30, 0x0, 0x1, 0x0, 0x0, 0x1f, 0xea, 0x20,
    0x0, 0x0, 0x0, 0x10, 0x0, 0x0, 0x0, 0x0,
    0x0, 0x0, 0x0, 0x0, 0x0, 0x0, 0x0, 0x0,
    0x0,

    /* U+6765 "来" */
    0x0, 0x0, 0x0, 0x0, 0x0, 0x22, 0x0, 0x0,
    0x0, 0x0, 0x0, 0x0, 0x0, 0x0, 0x0, 0x2,
    0xfe, 0x0, 0x0, 0x0, 0x0, 0x0, 0x0, 0x0,
    0x0, 0x0, 0x0, 0xfd, 0x0, 0x0, 0x0, 0x0,
    0x0, 0x0, 0x11, 0x0, 0x0, 0x1, 0xfd, 0x0,
    0x0, 0x0, 0x11, 0x0, 0x1, 0xff, 0xff, 0xff,
    0xff, 0xff, 0xff, 0xff, 0xff, 0xfe, 0x0, 0x1,
    0xa9, 0x88, 0x88, 0x88, 0xfe, 0x88, 0x88, 0x88,
    0xaa, 0x0, 0x0, 0x0, 0x18, 0x0, 0x0, 0xfd,
    0x0, 0x4, 0xa2, 0x0, 0x0, 0x0, 0x0, 0x8f,
    0x90, 0x0, 0xfd, 0x0, 0xd, 0xf3, 0x0, 0x0,
    0x0, 0x0, 0xc, 0xf4, 0x0, 0xfd, 0x0, 0x6f,
    0xa0, 0x0, 0x0, 0x0, 0x0, 0x3, 0xfc, 0x0,
    0xfd, 0x1, 0xee, 0x10, 0x0, 0x0, 0x1, 0x0,
    0x0, 0x61, 0x1, 0xfd, 0x1, 0x65, 0x0, 0x1,
    0x10, 0x6f, 0xff, 0xff, 0xff, 0xff, 0xff, 0xff,
    0xff, 0xff, 0xff, 0xf6, 0x4a, 0x98, 0x88, 0x89,
    0xff, 0xff, 0xfd, 0x88, 0x88, 0x89, 0x94, 0x0,
    0x0, 0x0, 0x9, 0xf7, 0xfd, 0xdf, 0x30, 0x0,
    0x0, 0x0, 0x0, 0x0, 0x0, 0x7f, 0xc0, 0xfd,
    0x3f, 0xf4, 0x0, 0x0, 0x0, 0x0, 0x0, 0x6,
    0xfe, 0x10, 0xfd, 0x6, 0xff, 0x60, 0x0, 0x0,
    0x0, 0x0, 0x7f, 0xf3, 0x0, 0xfd, 0x0, 0x7f,
    0xfb, 0x20, 0x0, 0x0, 0x1b, 0xff, 0x30, 0x0,
    0xfd, 0x0, 0x5, 0xff, 0xf9, 0x20, 0x7, 0xff,
    0xe3, 0x0, 0x0, 0xfd, 0x0, 0x0, 0x3e, 0xff,
    0xf9, 0x5f, 0xfc, 0x10, 0x0, 0x1, 0xfd, 0x0,
    0x0, 0x0, 0x8f, 0xd0, 0x6, 0x70, 0x0, 0x0,
    0x1, 0xfe, 0x0, 0x0, 0x0, 0x1, 0x30, 0x0,
    0x0, 0x0, 0x0, 0x2, 0xfe, 0x0, 0x0, 0x0,
    0x0, 0x0,

    /* U+676D "杭" */
    0x0, 0x0, 0x1, 0x0, 0x0, 0x0, 0x0, 0x31,
    0x0, 0x0, 0x0, 0x0, 0x0, 0x0, 0x8f, 0x30,
    0x0, 0x0, 0x4, 0xfa, 0x0, 0x0, 0x0, 0x0,
    0x0, 0x0, 0x7f, 0x20, 0x0, 0x0, 0x0, 0xcf,
    0x30, 0x0, 0x0, 0x0, 0x0, 0x0, 0x7f, 0x20,
    0x0, 0x0, 0x0, 0x4f, 0x90, 0x0, 0x0, 0x0,
    0x0, 0x0, 0x7f, 0x20, 0x1, 0x32, 0x22, 0x27,
    0x22, 0x22, 0x33, 0x0, 0x1, 0x10, 0x7f, 0x31,
    0x14, 0xff, 0xff, 0xff, 0xff, 0xff, 0xfe, 0x0,
    0xd, 0xff, 0xff, 0xff, 0xc2, 0x65, 0x55, 0x55,
    0x55, 0x55, 0x55, 0x0, 0x5, 0x65, 0xdf, 0x87,
    0x60, 0x0, 0x0, 0x0, 0x0, 0x0, 0x0, 0x0,
    0x0, 0x0, 0xef, 0x20, 0x0, 0x0, 0x0, 0x0,
    0x0, 0x0, 0x0, 0x0, 0x0, 0x3, 0xff, 0x22,
    0x0, 0x6, 0xff, 0xff, 0xff, 0xf0, 0x0, 0x0,
    0x0, 0xa, 0xff, 0xee, 0x0, 0x5, 0xfa, 0x77,
    0x7d, 0xf0, 0x0, 0x0, 0x0, 0x1f, 0xff, 0x9f,
    0x90, 0x5, 0xf5, 0x0, 0xc, 0xe0, 0x0, 0x0,
    0x0, 0x9f, 0xbf, 0x2c, 0xf3, 0x5, 0xf5, 0x0,
    0xc, 0xe0, 0x0, 0x0, 0x3, 0xfa, 0x8f, 0x24,
    0xe4, 0x5, 0xf4, 0x0, 0xc, 0xe0, 0x0, 0x0,
    0xd, 0xf2, 0x8f, 0x20, 0x10, 0x6, 0xf3, 0x0,
    0xc, 0xe0, 0x0, 0x0, 0x3e, 0x80, 0x8f, 0x20,
    0x0, 0x8, 0xf1, 0x0, 0xc, 0xe0, 0x0, 0x0,
    0x2, 0x0, 0x8f, 0x20, 0x0, 0xb, 0xf0, 0x0,
    0xc, 0xe0, 0x0, 0x0, 0x0, 0x0, 0x8f, 0x20,
    0x0, 0x1f, 0xb0, 0x0, 0xc, 0xe0, 0x0, 0x0,
    0x0, 0x0, 0x8f, 0x20, 0x0, 0x9f, 0x50, 0x0,
    0xc, 0xf0, 0xa, 0x90, 0x0, 0x0, 0x8f, 0x30,
    0x7, 0xfc, 0x0, 0x0, 0xb, 0xf3, 0x1e, 0xe0,
    0x0, 0x0, 0x9f, 0x30, 0x9f, 0xe1, 0x0, 0x0,
    0x8, 0xff, 0xff, 0x80, 0x0, 0x0, 0x9f, 0x31,
    0xbd, 0x20, 0x0, 0x0, 0x0, 0x67, 0x75, 0x0,
    0x0, 0x0, 0x0, 0x0, 0x1, 0x0, 0x0, 0x0,
    0x0, 0x0, 0x0, 0x0,

    /* U+677E "松" */
    0x0, 0x0, 0x6, 0x50, 0x0, 0x0, 0x0, 0x0,
    0x1, 0x0, 0x0, 0x0, 0x0, 0x0, 0xf, 0xe0,
    0x0, 0x0, 0x20, 0x0, 0xec, 0x0, 0x0, 0x0,
    0x0, 0x0, 0xf, 0xd0, 0x0, 0x0, 0xbf, 0x40,
    0xcf, 0x0, 0x0, 0x0, 0x0, 0x0, 0xf, 0xd0,
    0x0, 0x0, 0xef, 0x10, 0x8f, 0x50, 0x0, 0x0,
    0x0, 0x0, 0xf, 0xd0, 0x0, 0x2, 0xfc, 0x0,
    0x3f, 0xb0, 0x0, 0x0, 0x1, 0x11, 0xf, 0xd1,
    0x11, 0x7, 0xf7, 0x0, 0xd, 0xf2, 0x0, 0x0,
    0x9, 0xff, 0xff, 0xff, 0xfa, 0xb, 0xf2, 0x0,
    0x6, 0xfb, 0x0, 0x0, 0x5, 0x87, 0xaf, 0xe7,
    0x85, 0x1f, 0xc0, 0x0, 0x0, 0xdf, 0x50, 0x0,
    0x0, 0x0, 0x9f, 0xd0, 0x0, 0x8f, 0x60, 0x0,
    0x0, 0x4f, 0xf4, 0x0, 0x0, 0x0, 0xef, 0xd0,
    0x1, 0xfe, 0x0, 0x50, 0x0, 0x8, 0xff, 0x70,
    0x0, 0x4, 0xff, 0xed, 0x6a, 0xf7, 0x1, 0xff,
    0x40, 0x0, 0xaf, 0x60, 0x0, 0xb, 0xff, 0xed,
    0xf4, 0x60, 0x4, 0xfd, 0x0, 0x0, 0x3, 0x0,
    0x0, 0x2f, 0xcf, 0xd3, 0xfc, 0x0, 0x9, 0xf4,
    0x0, 0x0, 0x0, 0x0, 0x0, 0xaf, 0x5f, 0xd0,
    0x8f, 0x70, 0xe, 0xd0, 0x0, 0x0, 0x0, 0x0,
    0x4, 0xfd, 0xf, 0xd0, 0x9, 0x10, 0x4f, 0x70,
    0x4, 0xd5, 0x0, 0x0, 0x1e, 0xf4, 0xf, 0xd0,
    0x0, 0x0, 0xaf, 0x10, 0x3, 0xfe, 0x0, 0x0,
    0x9, 0xa0, 0xf, 0xd0, 0x0, 0x1, 0xfa, 0x0,
    0x0, 0xbf, 0x70, 0x0, 0x0, 0x10, 0xf, 0xd0,
    0x0, 0x8, 0xf3, 0x0, 0x0, 0x3f, 0xe0, 0x0,
    0x0, 0x0, 0xf, 0xd0, 0x0, 0x4f, 0xc1, 0x35,
    0x68, 0x9f, 0xf6, 0x0, 0x0, 0x0, 0xf, 0xd0,
    0x0, 0xdf, 0xff, 0xff, 0xff, 0xdc, 0xfd, 0x0,
    0x0, 0x0, 0xf, 0xe0, 0x0, 0x3f, 0xc8, 0x52,
    0x0, 0x0, 0xdf, 0x30, 0x0, 0x0, 0xf, 0xe0,
    0x0, 0x1, 0x0, 0x0, 0x0, 0x0, 0x42, 0x0,

    /* U+67B6 "架" */
    0x0, 0x0, 0x4, 0x30, 0x0, 0x0, 0x0, 0x0,
    0x0, 0x0, 0x0, 0x0, 0x0, 0xe, 0xf0, 0x0,
    0x0, 0x0, 0x0, 0x0, 0x0, 0x0, 0x0, 0x0,
    0xe, 0xe0, 0x0, 0x0, 0x3, 0x44, 0x44, 0x44,
    0x0, 0x5, 0xee, 0xef, 0xfe, 0xee, 0xe5, 0xb,
    0xff, 0xff, 0xff, 0x20, 0x4, 0xaa, 0xbf, 0xda,
    0xac, 0xf5, 0xb, 0xf4, 0x44, 0xaf, 0x20, 0x0,
    0x0, 0x4f, 0x80, 0x7, 0xf4, 0xa, 0xe0, 0x0,
    0x9f, 0x10, 0x0, 0x0, 0x8f, 0x50, 0x7, 0xf4,
    0xa, 0xe0, 0x0, 0x9f, 0x10, 0x0, 0x0, 0xef,
    0x0, 0x8, 0xf3, 0xb, 0xe0, 0x0, 0x9f, 0x20,
    0x0, 0x7, 0xfa, 0x0, 0xa, 0xf3, 0xb, 0xe0,
    0x0, 0x9f, 0x20, 0x0, 0x7f, 0xf2, 0x8, 0xbf,
    0xf1, 0xb, 0xff, 0xff, 0xff, 0x20, 0x2b, 0xff,
    0x40, 0x9, 0xff, 0x70, 0x6, 0x88, 0x88, 0x88,
    0x10, 0xb, 0xe3, 0x0, 0x1, 0x50, 0x9e, 0x20,
    0x0, 0x0, 0x0, 0x0, 0x0, 0x10, 0x0, 0x0,
    0x0, 0xaf, 0x10, 0x0, 0x0, 0x0, 0x0, 0x18,
    0x77, 0x77, 0x77, 0x77, 0xcf, 0x87, 0x77, 0x77,
    0x77, 0x75, 0x3f, 0xff, 0xff, 0xff, 0xff, 0xff,
    0xff, 0xff, 0xff, 0xff, 0xfb, 0x1, 0x0, 0x0,
    0x1, 0xdf, 0xdf, 0xbf, 0x50, 0x0, 0x0, 0x1,
    0x0, 0x0, 0x0, 0x3e, 0xf5, 0x9f, 0x1c, 0xf7,
    0x0, 0x0, 0x0, 0x0, 0x0, 0x8, 0xfd, 0x30,
    0x9f, 0x10, 0xbf, 0xc4, 0x0, 0x0, 0x0, 0x18,
    0xef, 0xa1, 0x0, 0x9f, 0x10, 0x7, 0xff, 0xc6,
    0x20, 0x5c, 0xff, 0xc3, 0x0, 0x0, 0x9f, 0x10,
    0x0, 0x2a, 0xff, 0xf8, 0x1e, 0xc4, 0x0, 0x0,
    0x0, 0xaf, 0x10, 0x0, 0x0, 0x28, 0xc0, 0x1,
    0x0, 0x0, 0x0, 0x0, 0xaf, 0x20, 0x0, 0x0,
    0x0, 0x0,

    /* U+67E5 "查" */
    0x0, 0x0, 0x0, 0x0, 0x0, 0x87, 0x0, 0x0,
    0x0, 0x0, 0x0, 0x0, 0x0, 0x0, 0x0, 0x0,
    0xfc, 0x0, 0x0, 0x0, 0x0, 0x0, 0x0, 0x0,
    0x0, 0x0, 0x0, 0xfc, 0x0, 0x0, 0x0, 0x0,
    0x0, 0x8, 0xaa, 0xaa, 0xaa, 0xaa, 0xfe, 0xaa,
    0xaa, 0xaa, 0xaa, 0x80, 0xc, 0xff, 0xff, 0xff,
    0xff, 0xff, 0xff, 0xff, 0xff, 0xff, 0xc0, 0x0,
    0x0, 0x0, 0xd, 0xf3, 0xfc, 0x4f, 0x90, 0x0,
    0x0, 0x0, 0x0, 0x0, 0x0, 0xaf, 0x80, 0xfc,
    0x9, 0xf8, 0x0, 0x0, 0x0, 0x0, 0x0, 0xb,
    0xfb, 0x0, 0xfc, 0x0, 0xbf, 0xb2, 0x0, 0x0,
    0x0, 0x3, 0xdf, 0xb0, 0x0, 0xfc, 0x0, 0xa,
    0xff, 0xa2, 0x0, 0x2, 0x9f, 0xf9, 0x0, 0x0,
    0xfc, 0x0, 0x0, 0x6f, 0xff, 0xd6, 0x8f, 0xfe,
    0xb8, 0x88, 0x88, 0xfe, 0x88, 0x88, 0x87, 0x9f,
    0xf3, 0xd, 0x70, 0x9f, 0xff, 0xff, 0xff, 0xff,
    0xff, 0xf9, 0x1, 0x50, 0x0, 0x0, 0x9f, 0x20,
    0x0, 0x0, 0x0, 0x2, 0xf9, 0x0, 0x0, 0x0,
    0x0, 0x9f, 0x87, 0x77, 0x77, 0x77, 0x78, 0xf9,
    0x0, 0x0, 0x0, 0x0, 0x9f, 0xff, 0xff, 0xff,
    0xff, 0xff, 0xf9, 0x0, 0x0, 0x0, 0x0, 0x9f,
    0x20, 0x0, 0x0, 0x0, 0x2, 0xf9, 0x0, 0x0,
    0x0, 0x0, 0x9f, 0x87, 0x77, 0x77, 0x77, 0x78,
    0xf9, 0x0, 0x0, 0x0, 0x0, 0xaf, 0xff, 0xff,
    0xff, 0xff, 0xff, 0xfa, 0x0, 0x0, 0x0, 0x0,
    0x0, 0x0, 0x0, 0x0, 0x0, 0x0, 0x0, 0x0,
    0x0, 0x0, 0x0, 0x0, 0x0, 0x0, 0x0, 0x0,
    0x0, 0x0, 0x0, 0x0, 0xa, 0xa9, 0x99, 0x99,
    0x99, 0x99, 0x99, 0x99, 0x99, 0x9a, 0xa2, 0xf,
    0xfe, 0xee, 0xee, 0xee, 0xee, 0xee, 0xee, 0xee,
    0xff, 0xf3,

    /* U+6846 "框" */
    0x0, 0x0, 0x0, 0x0, 0x0, 0x0, 0x0, 0x0,
    0x0, 0x0, 0x0, 0x0, 0x0, 0xc, 0xf4, 0x0,
    0x0, 0x0, 0x0, 0x0, 0x0, 0x0, 0x0, 0x0,
    0x0, 0xbf, 0x30, 0x9, 0xff, 0xff, 0xff, 0xff,
    0xff, 0xff, 0xa0, 0x0, 0xa, 0xf2, 0x0, 0x9f,
    0x66, 0x66, 0x66, 0x66, 0x66, 0x64, 0x0, 0x0,
    0xaf, 0x20, 0x9, 0xf1, 0x0, 0x0, 0x0, 0x0,
    0x0, 0x0, 0x0, 0xa, 0xf2, 0x0, 0x9f, 0x10,
    0x0, 0x0, 0x0, 0x0, 0x0, 0xe, 0xfe, 0xff,
    0xef, 0xe9, 0xf1, 0x7f, 0xee, 0xee, 0xee, 0xf8,
    0x0, 0x77, 0x7f, 0xf8, 0x77, 0x9f, 0x14, 0x77,
    0x7f, 0xe7, 0x77, 0x40, 0x0, 0x1, 0xff, 0x20,
    0x9, 0xf1, 0x0, 0x0, 0xed, 0x0, 0x0, 0x0,
    0x0, 0x6f, 0xf2, 0x0, 0x9f, 0x10, 0x0, 0xe,
    0xd0, 0x0, 0x0, 0x0, 0xc, 0xff, 0x78, 0x9,
    0xf1, 0x15, 0x54, 0xfe, 0x44, 0x50, 0x0, 0x3,
    0xff, 0xfe, 0xf1, 0x9f, 0x14, 0xff, 0xff, 0xff,
    0xff, 0x20, 0x0, 0xaf, 0xbf, 0x7f, 0x89, 0xf1,
    0x1, 0x0, 0xed, 0x0, 0x10, 0x0, 0x3f, 0xaa,
    0xf2, 0xda, 0x9f, 0x10, 0x0, 0xe, 0xd0, 0x0,
    0x0, 0xd, 0xf3, 0xaf, 0x21, 0x9, 0xf1, 0x0,
    0x0, 0xed, 0x0, 0x0, 0x3, 0xfa, 0xa, 0xf2,
    0x0, 0x9f, 0x15, 0x65, 0x5f, 0xe5, 0x56, 0x60,
    0x5, 0x20, 0xaf, 0x20, 0x9, 0xf1, 0xcf, 0xff,
    0xff, 0xff, 0xfe, 0x0, 0x0, 0xa, 0xf2, 0x0,
    0x9f, 0x10, 0x0, 0x0, 0x0, 0x0, 0x0, 0x0,
    0x0, 0xaf, 0x20, 0x9, 0xf1, 0x0, 0x0, 0x0,
    0x0, 0x0, 0x0, 0x0, 0xa, 0xf3, 0x0, 0xaf,
    0x65, 0x55, 0x55, 0x55, 0x56, 0x65, 0x0, 0x0,
    0xbf, 0x30, 0xa, 0xff, 0xff, 0xff, 0xff, 0xff,
    0xff, 0xb0, 0x0, 0xc, 0xf3, 0x0, 0x0, 0x0,
    0x0, 0x0, 0x0, 0x0, 0x0,

    /* U+6B21 "次" */
    0x0, 0x0, 0x0, 0x0, 0x0, 0x1, 0x0, 0x0,
    0x0, 0x0, 0x0, 0x0, 0x0, 0x0, 0x0, 0x0,
    0x0, 0x8, 0xe6, 0x0, 0x0, 0x0, 0x0, 0x0,
    0x0, 0x4, 0x0, 0x0, 0x0, 0xc, 0xf4, 0x0,
    0x0, 0x0, 0x0, 0x0, 0x0, 0xcf, 0x40, 0x0,
    0x0, 0x1f, 0xd0, 0x0, 0x0, 0x0, 0x0, 0x0,
    0x0, 0x6f, 0xe1, 0x0, 0x0, 0x8f, 0x61, 0x11,
    0x11, 0x11, 0x10, 0x0, 0x0, 0x9, 0xfc, 0x0,
    0x0, 0xef, 0xff, 0xff, 0xff, 0xff, 0xf7, 0x0,
    0x0, 0x0, 0xdf, 0x80, 0x5, 0xfc, 0x88, 0x88,
    0x88, 0x8f, 0xf2, 0x0, 0x0, 0x0, 0x2f, 0xf1,
    0xd, 0xf2, 0x0, 0x0, 0x0, 0x2f, 0xd0, 0x0,
    0x0, 0x0, 0x6, 0x20, 0x6f, 0x90, 0x5, 0x41,
    0x0, 0x7f, 0x80, 0x0, 0x0, 0x0, 0x0, 0x2,
    0xfe, 0x10, 0xb, 0xf6, 0x0, 0xcf, 0x30, 0x0,
    0x0, 0x0, 0x0, 0x2, 0x96, 0x0, 0xb, 0xf3,
    0x0, 0x9b, 0x0, 0x0, 0x0, 0x0, 0x1, 0x10,
    0x0, 0x0, 0xc, 0xf3, 0x0, 0x0, 0x0, 0x0,
    0x0, 0x0, 0x9, 0xe4, 0x0, 0x0, 0xe, 0xf4,
    0x0, 0x0, 0x0, 0x0, 0x0, 0x0, 0x1f, 0xf2,
    0x0, 0x0, 0x1f, 0xf8, 0x0, 0x0, 0x0, 0x0,
    0x0, 0x0, 0x9f, 0x80, 0x0, 0x0, 0x6f, 0xfe,
    0x0, 0x0, 0x0, 0x0, 0x0, 0x2, 0xfe, 0x0,
    0x0, 0x0, 0xdf, 0x7f, 0x70, 0x0, 0x0, 0x0,
    0x0, 0xc, 0xf5, 0x0, 0x0, 0x7, 0xf9, 0xd,
    0xf3, 0x0, 0x0, 0x0, 0x0, 0x7f, 0xb0, 0x0,
    0x0, 0x4f, 0xe1, 0x3, 0xfe, 0x30, 0x0, 0x0,
    0x3, 0xff, 0x20, 0x0, 0x5, 0xff, 0x40, 0x0,
    0x7f, 0xf5, 0x0, 0x0, 0xd, 0xf9, 0x0, 0x0,
    0x9f, 0xf5, 0x0, 0x0, 0x8, 0xff, 0x91, 0x0,
    0x1, 0xb1, 0x0, 0x6e, 0xfe, 0x30, 0x0, 0x0,
    0x0, 0x6f, 0xff, 0x80, 0x0, 0x0, 0x2, 0xef,
    0xb1, 0x0, 0x0, 0x0, 0x0, 0x3, 0xdf, 0x50,
    0x0, 0x0, 0x0, 0x35, 0x0, 0x0, 0x0, 0x0,
    0x0, 0x0, 0x5, 0x0,

    /* U+6B22 "欢" */
    0x0, 0x0, 0x0, 0x0, 0x0, 0x0, 0x84, 0x0,
    0x0, 0x0, 0x0, 0x0, 0x0, 0x0, 0x0, 0x0,
    0x0, 0x3f, 0xf1, 0x0, 0x0, 0x0, 0x0, 0x0,
    0x0, 0x0, 0x0, 0x0, 0x6, 0xf9, 0x0, 0x0,
    0x0, 0x0, 0x0, 0x88, 0x77, 0x77, 0x77, 0x0,
    0x9f, 0x50, 0x0, 0x0, 0x0, 0x0, 0xf, 0xff,
    0xff, 0xff, 0xe0, 0xd, 0xf8, 0x77, 0x77, 0x77,
    0x72, 0x0, 0x11, 0x0, 0x0, 0xfb, 0x1, 0xff,
    0xff, 0xff, 0xff, 0xff, 0x0, 0x0, 0x0, 0x0,
    0x1f, 0x80, 0x6f, 0x60, 0x0, 0x0, 0x5f, 0xa0,
    0x0, 0x5, 0x50, 0x5, 0xf4, 0xb, 0xf1, 0x0,
    0x0, 0x9, 0xf5, 0x0, 0x2, 0xff, 0x20, 0x9f,
    0x12, 0xfb, 0x2, 0x97, 0x0, 0xef, 0x0, 0x0,
    0x6, 0xfd, 0xe, 0xc0, 0x9f, 0x50, 0x3f, 0xe0,
    0x2, 0x40, 0x0, 0x0, 0x9, 0xfb, 0xf7, 0x0,
    0x40, 0x3, 0xfd, 0x0, 0x0, 0x0, 0x0, 0x0,
    0xe, 0xff, 0x20, 0x0, 0x0, 0x4f, 0xc0, 0x0,
    0x0, 0x0, 0x0, 0x0, 0x5f, 0xf2, 0x0, 0x0,
    0x7, 0xfe, 0x0, 0x0, 0x0, 0x0, 0x0, 0xa,
    0xff, 0xc0, 0x0, 0x0, 0xaf, 0xf2, 0x0, 0x0,
    0x0, 0x0, 0x2, 0xfc, 0xbf, 0x60, 0x0, 0xe,
    0xef, 0x90, 0x0, 0x0, 0x0, 0x0, 0xaf, 0x52,
    0xfe, 0x10, 0x5, 0xf8, 0xbf, 0x20, 0x0, 0x0,
    0x0, 0x4f, 0xd0, 0x9, 0xf8, 0x0, 0xef, 0x13,
    0xfc, 0x0, 0x0, 0x0, 0x1e, 0xf4, 0x0, 0x19,
    0x10, 0xaf, 0x70, 0xa, 0xfa, 0x0, 0x0, 0xb,
    0xf9, 0x0, 0x0, 0x0, 0x9f, 0xc0, 0x0, 0x1d,
    0xfc, 0x20, 0x2, 0xde, 0x10, 0x0, 0x2, 0xcf,
    0xe1, 0x0, 0x0, 0x1c, 0xff, 0x91, 0x0, 0x30,
    0x0, 0x6, 0xff, 0xd1, 0x0, 0x0, 0x0, 0x9,
    0xfd, 0x0, 0x0, 0x0, 0x0, 0xa, 0xa0, 0x0,
    0x0, 0x0, 0x0, 0x4, 0x30, 0x0, 0x0, 0x0,
    0x0, 0x0, 0x0, 0x0, 0x0, 0x0, 0x0, 0x0,
    0x0,

    /* U+6B66 "武" */
    0x0, 0x0, 0x0, 0x0, 0x0, 0x0, 0x23, 0x10,
    0x0, 0x0, 0x0, 0x0, 0x0, 0x0, 0x0, 0x0,
    0x0, 0xcf, 0x50, 0x0, 0x0, 0x0, 0x0, 0x11,
    0x11, 0x1, 0x11, 0x10, 0xcf, 0x30, 0x22, 0x0,
    0x0, 0x0, 0xef, 0xff, 0xff, 0xff, 0x80, 0xbf,
    0x21, 0xef, 0x40, 0x0, 0x0, 0x99, 0x99, 0x89,
    0x99, 0x50, 0xaf, 0x20, 0x6f, 0xf5, 0x0, 0x0,
    0x0, 0x0, 0x0, 0x0, 0x0, 0xaf, 0x20, 0x6,
    0xe3, 0x0, 0x0, 0x0, 0x0, 0x0, 0x0, 0x0,
    0x9f, 0x30, 0x0, 0x0, 0x0, 0x9b, 0xaa, 0xaa,
    0xaa, 0xaa, 0xaa, 0xdf, 0xba, 0xaa, 0xab, 0x70,
    0xce, 0xee, 0xdd, 0xef, 0xed, 0xdd, 0xdf, 0xed,
    0xdd, 0xee, 0x90, 0x0, 0x0, 0x0, 0x6f, 0x50,
    0x0, 0xf, 0x40, 0x0, 0x0, 0x0, 0x0, 0x0,
    0x0, 0x6f, 0x50, 0x0, 0xf, 0x60, 0x0, 0x0,
    0x0, 0x0, 0xbd, 0x20, 0x6f, 0x50, 0x0, 0xd,
    0x80, 0x0, 0x0, 0x0, 0x0, 0xcf, 0x30, 0x6f,
    0xca, 0xab, 0xa, 0xb0, 0x0, 0x0, 0x0, 0x0,
    0xcf, 0x20, 0x6f, 0xff, 0xff, 0x7, 0xf0, 0x0,
    0x0, 0x0, 0x0, 0xbf, 0x20, 0x6f, 0x50, 0x0,
    0x3, 0xf5, 0x0, 0x0, 0x0, 0x0, 0xbf, 0x20,
    0x6f, 0x50, 0x0, 0x0, 0xec, 0x0, 0x0, 0x0,
    0x0, 0xbf, 0x20, 0x6f, 0x50, 0x0, 0x0, 0x9f,
    0x30, 0x0, 0x0, 0x0, 0xbf, 0x20, 0x6f, 0x50,
    0x24, 0x50, 0x2f, 0xc0, 0x4, 0x30, 0x0, 0xbf,
    0x56, 0xbf, 0xef, 0xff, 0xc0, 0x8, 0xf7, 0x8,
    0xf5, 0xbe, 0xff, 0xff, 0xff, 0xeb, 0x97, 0x40,
    0x0, 0xdf, 0x9f, 0xf3, 0x9f, 0xfd, 0x96, 0x31,
    0x0, 0x0, 0x0, 0x0, 0x2e, 0xff, 0xd0, 0x34,
    0x0, 0x0, 0x0, 0x0, 0x0, 0x0, 0x0, 0x2,
    0xdf, 0x50, 0x0, 0x0, 0x0, 0x0, 0x0, 0x0,
    0x0, 0x0, 0x0, 0x1, 0x0,

    /* U+6BCF "每" */
    0x0, 0x0, 0x2, 0x20, 0x0, 0x0, 0x0, 0x0,
    0x0, 0x0, 0x0, 0x0, 0x0, 0xa, 0xf7, 0x0,
    0x0, 0x0, 0x0, 0x0, 0x0, 0x0, 0x0, 0x0,
    0x2f, 0xe2, 0x0, 0x0, 0x0, 0x0, 0x0, 0x11,
    0x10, 0x0, 0x0, 0xcf, 0xff, 0xff, 0xff, 0xff,
    0xff, 0xff, 0xff, 0xa0, 0x0, 0x8, 0xfc, 0x77,
    0x77, 0x77, 0x77, 0x77, 0x77, 0x78, 0x50, 0x0,
    0x5f, 0xe1, 0x0, 0x0, 0x0, 0x0, 0x0, 0x0,
    0x0, 0x0, 0x4, 0xff, 0x36, 0x88, 0x88, 0x88,
    0x88, 0x88, 0x88, 0x50, 0x0, 0x5f, 0xf5, 0xc,
    0xff, 0xff, 0xff, 0xff, 0xff, 0xff, 0x80, 0x0,
    0x9, 0x60, 0xd, 0xb0, 0x6, 0xc1, 0x0, 0x0,
    0x3f, 0x60, 0x0, 0x0, 0x0, 0xe, 0xa0, 0x9,
    0xfe, 0x20, 0x0, 0x4f, 0x50, 0x0, 0x0, 0x0,
    0xf, 0x90, 0x0, 0x8f, 0xe1, 0x0, 0x4f, 0x40,
    0x0, 0x1, 0x10, 0x1f, 0x80, 0x0, 0x9, 0x90,
    0x0, 0x6f, 0x41, 0x11, 0xf, 0xff, 0xff, 0xff,
    0xff, 0xff, 0xff, 0xff, 0xff, 0xff, 0xf8, 0x7,
    0x77, 0x9f, 0xa7, 0x7b, 0xa7, 0x77, 0x77, 0xbf,
    0x87, 0x84, 0x0, 0x0, 0x4f, 0x40, 0xd, 0xf6,
    0x0, 0x0, 0x8f, 0x10, 0x0, 0x0, 0x0, 0x5f,
    0x30, 0x2, 0xdf, 0xb1, 0x0, 0x9f, 0x0, 0x0,
    0x0, 0x0, 0x7f, 0x20, 0x0, 0x1c, 0xb0, 0x0,
    0x9f, 0x0, 0x0, 0x0, 0x0, 0x9f, 0x77, 0x77,
    0x77, 0x77, 0x77, 0xcf, 0x77, 0x30, 0x0, 0x0,
    0xaf, 0xff, 0xff, 0xff, 0xff, 0xff, 0xff, 0xff,
    0x60, 0x0, 0x0, 0x0, 0x0, 0x0, 0x0, 0x0,
    0x0, 0xec, 0x1, 0x0, 0x0, 0x0, 0x0, 0x0,
    0x0, 0x0, 0x6, 0x9c, 0xf9, 0x0, 0x0, 0x0,
    0x0, 0x0, 0x0, 0x0, 0x0, 0x5, 0xff, 0xc1,
    0x0, 0x0, 0x0, 0x0, 0x0, 0x0, 0x0, 0x0,
    0x0, 0x52, 0x0, 0x0, 0x0,

    /* U+6C14 "气" */
    0x0, 0x0, 0x7, 0x50, 0x0, 0x0, 0x0, 0x0,
    0x0, 0x0, 0x0, 0x0, 0x0, 0x1, 0xff, 0x40,
    0x0, 0x0, 0x0, 0x0, 0x0, 0x0, 0x0, 0x0,
    0x0, 0x8f, 0xa0, 0x0, 0x0, 0x0, 0x0, 0x1,
    0x11, 0x0, 0x0, 0x0, 0x2f, 0xff, 0xff, 0xff,
    0xff, 0xff, 0xff, 0xff, 0xd0, 0x0, 0x0, 0xb,
    0xfb, 0x77, 0x77, 0x77, 0x77, 0x77, 0x77, 0x87,
    0x0, 0x0, 0x5, 0xfe, 0x10, 0x0, 0x0, 0x0,
    0x0, 0x0, 0x0, 0x0, 0x0, 0x2, 0xff, 0x57,
    0x88, 0x88, 0x88, 0x88, 0x88, 0x99, 0x0, 0x0,
    0x1, 0xdf, 0xa0, 0xdf, 0xff, 0xff, 0xff, 0xff,
    0xff, 0xf1, 0x0, 0x0, 0x2a, 0xd0, 0x0, 0x0,
    0x0, 0x0, 0x0, 0x0, 0x0, 0x0, 0x0, 0x0,
    0x0, 0x0, 0x0, 0x0, 0x0, 0x0, 0x0, 0x0,
    0x0, 0x0, 0x0, 0x0, 0x89, 0x99, 0x99, 0x99,
    0x99, 0x99, 0x99, 0x95, 0x0, 0x0, 0x0, 0xd,
    0xff, 0xff, 0xff, 0xff, 0xff, 0xff, 0xff, 0x80,
    0x0, 0x0, 0x0, 0x0, 0x0, 0x0, 0x0, 0x0,
    0x0, 0x6, 0xf8, 0x0, 0x0, 0x0, 0x0, 0x0,
    0x0, 0x0, 0x0, 0x0, 0x0, 0x6f, 0x70, 0x0,
    0x0, 0x0, 0x0, 0x0, 0x0, 0x0, 0x0, 0x0,
    0x6, 0xf7, 0x0, 0x0, 0x0, 0x0, 0x0, 0x0,
    0x0, 0x0, 0x0, 0x0, 0x6f, 0x80, 0x0, 0x0,
    0x0, 0x0, 0x0, 0x0, 0x0, 0x0, 0x0, 0x4,
    0xfa, 0x0, 0x0, 0x0, 0x0, 0x0, 0x0, 0x0,
    0x0, 0x0, 0x0, 0x2f, 0xd0, 0xc, 0x20, 0x0,
    0x0, 0x0, 0x0, 0x0, 0x0, 0x0, 0x0, 0xef,
    0x33, 0xfd, 0x0, 0x0, 0x0, 0x0, 0x0, 0x0,
    0x0, 0x0, 0x9, 0xfb, 0xaf, 0x70, 0x0, 0x0,
    0x0, 0x0, 0x0, 0x0, 0x0, 0x0, 0x1f, 0xff,
    0xe1, 0x0, 0x0, 0x0, 0x0, 0x0, 0x0, 0x0,
    0x0, 0x0, 0x6f, 0xf5, 0x0, 0x0, 0x0, 0x0,
    0x0, 0x0, 0x0, 0x0, 0x0, 0x0, 0x11, 0x0,
    0x0,

    /* U+6C34 "水" */
    0x0, 0x0, 0x0, 0x0, 0x0, 0x1a, 0x90, 0x0,
    0x0, 0x0, 0x0, 0x0, 0x0, 0x0, 0x0, 0x0,
    0x0, 0x2f, 0xe0, 0x0, 0x0, 0x0, 0x0, 0x0,
    0x0, 0x0, 0x0, 0x0, 0x0, 0x1f, 0xe0, 0x0,
    0x0, 0x0, 0x0, 0x0, 0x0, 0x0, 0x0, 0x0,
    0x0, 0xf, 0xe0, 0x0, 0x0, 0x0, 0x0, 0x0,
    0x0, 0x0, 0x0, 0x0, 0x0, 0xf, 0xf0, 0x0,
    0x0, 0x2, 0x0, 0x0, 0x0, 0x0, 0x0, 0x0,
    0x0, 0xf, 0xf1, 0x0, 0x0, 0x2f, 0x50, 0x0,
    0x4, 0xaa, 0xaa, 0xaa, 0xa4, 0xf, 0xf4, 0x0,
    0x1, 0xdf, 0xe1, 0x0, 0x6, 0xff, 0xff, 0xff,
    0xf5, 0xf, 0xfa, 0x0, 0x1d, 0xfc, 0x10, 0x0,
    0x1, 0x21, 0x11, 0x1d, 0xf1, 0xf, 0xff, 0x22,
    0xdf, 0x90, 0x0, 0x0, 0x0, 0x0, 0x0, 0x2f,
    0xd0, 0xf, 0xef, 0xce, 0xf7, 0x0, 0x0, 0x0,
    0x0, 0x0, 0x0, 0x7f, 0x80, 0xf, 0xd9, 0xff,
    0x50, 0x0, 0x0, 0x0, 0x0, 0x0, 0x0, 0xdf,
    0x20, 0xf, 0xd1, 0xfd, 0x0, 0x0, 0x0, 0x0,
    0x0, 0x0, 0x5, 0xfb, 0x0, 0xf, 0xd0, 0x8f,
    0x80, 0x0, 0x0, 0x0, 0x0, 0x0, 0xd, 0xf4,
    0x0, 0xf, 0xd0, 0xd, 0xf5, 0x0, 0x0, 0x0,
    0x0, 0x0, 0x7f, 0xb0, 0x0, 0xf, 0xd0, 0x3,
    0xff, 0x40, 0x0, 0x0, 0x0, 0x4, 0xff, 0x20,
    0x0, 0xf, 0xd0, 0x0, 0x6f, 0xf6, 0x0, 0x0,
    0x0, 0x4f, 0xf6, 0x0, 0x0, 0xf, 0xd0, 0x0,
    0x6, 0xff, 0xb3, 0x0, 0x6, 0xff, 0x90, 0x0,
    0x0, 0xf, 0xd0, 0x0, 0x0, 0x5f, 0xff, 0x90,
    0x6, 0xfa, 0x0, 0x0, 0x0, 0xf, 0xd0, 0x0,
    0x0, 0x2, 0xcb, 0x0, 0x0, 0x20, 0x0, 0x0,
    0x0, 0x2f, 0xd0, 0x0, 0x0, 0x0, 0x1, 0x0,
    0x0, 0x0, 0x0, 0x0, 0x8c, 0xef, 0xb0, 0x0,
    0x0, 0x0, 0x0, 0x0, 0x0, 0x0, 0x0, 0x0,
    0x3f, 0xfb, 0x20, 0x0, 0x0, 0x0, 0x0, 0x0,
    0x0, 0x0, 0x0, 0x0, 0x3, 0x0, 0x0, 0x0,
    0x0, 0x0, 0x0, 0x0,

    /* U+6C49 "汉" */
    0x0, 0x0, 0x0, 0x0, 0x0, 0x0, 0x0, 0x0,
    0x0, 0x0, 0x0, 0x0, 0x2e, 0x70, 0x0, 0x0,
    0x0, 0x0, 0x0, 0x0, 0x0, 0x0, 0x0, 0x4,
    0xef, 0xb1, 0xa, 0xcb, 0xbb, 0xbb, 0xbb, 0xbb,
    0xbb, 0x0, 0x0, 0x1, 0xbf, 0xe3, 0xce, 0xff,
    0xee, 0xee, 0xee, 0xef, 0xc0, 0x0, 0x0, 0x0,
    0x9c, 0x0, 0xe, 0xd0, 0x0, 0x0, 0x5, 0xf8,
    0x0, 0x0, 0x0, 0x0, 0x10, 0x0, 0xbf, 0x0,
    0x0, 0x0, 0x9f, 0x40, 0x0, 0x4, 0x0, 0x0,
    0x0, 0x7, 0xf3, 0x0, 0x0, 0xd, 0xf0, 0x0,
    0x4, 0xfc, 0x30, 0x0, 0x0, 0x3f, 0x80, 0x0,
    0x1, 0xfb, 0x0, 0x0, 0x3c, 0xff, 0x90, 0x0,
    0x0, 0xed, 0x0, 0x0, 0x7f, 0x60, 0x0, 0x0,
    0x6, 0xff, 0x90, 0x0, 0x9, 0xf2, 0x0, 0xc,
    0xf1, 0x0, 0x0, 0x0, 0x3, 0xc1, 0x0, 0x0,
    0x4f, 0x80, 0x2, 0xfa, 0x0, 0x0, 0x0, 0x0,
    0x0, 0x0, 0x0, 0x0, 0xde, 0x0, 0x9f, 0x40,
    0x0, 0x0, 0x0, 0x0, 0x10, 0x0, 0x0, 0x7,
    0xf6, 0x1f, 0xd0, 0x0, 0x0, 0x0, 0x0, 0xa,
    0x90, 0x0, 0x0, 0xe, 0xea, 0xf4, 0x0, 0x0,
    0x0, 0x0, 0x1, 0xfe, 0x0, 0x0, 0x0, 0x6f,
    0xfb, 0x0, 0x0, 0x0, 0x0, 0x0, 0x9f, 0x60,
    0x0, 0x0, 0x3, 0xff, 0x70, 0x0, 0x0, 0x0,
    0x0, 0x1f, 0xe0, 0x0, 0x0, 0x3, 0xef, 0xef,
    0x50, 0x0, 0x0, 0x0, 0xa, 0xf6, 0x0, 0x0,
    0x4, 0xef, 0x42, 0xef, 0x70, 0x0, 0x0, 0x3,
    0xfd, 0x0, 0x0, 0x8, 0xfe, 0x30, 0x3, 0xef,
    0xa1, 0x0, 0x0, 0xdf, 0x50, 0x0, 0x4d, 0xfd,
    0x20, 0x0, 0x2, 0xef, 0xe5, 0x0, 0x3e, 0xd0,
    0x4, 0xcf, 0xf8, 0x0, 0x0, 0x0, 0x1, 0xcf,
    0xfa, 0x0, 0x13, 0x0, 0x4f, 0xd3, 0x0, 0x0,
    0x0, 0x0, 0x0, 0x9e, 0x10, 0x0, 0x0, 0x0,
    0x40, 0x0, 0x0, 0x0, 0x0, 0x0, 0x0, 0x10,
    0x0,

    /* U+6C99 "沙" */
    0x0, 0x0, 0x0, 0x0, 0x0, 0x0, 0x3, 0x20,
    0x0, 0x0, 0x0, 0x0, 0x0, 0x10, 0x0, 0x0,
    0x0, 0x0, 0xfd, 0x0, 0x0, 0x0, 0x0, 0x0,
    0x6e, 0x30, 0x0, 0x0, 0x0, 0xf, 0xd0, 0x0,
    0x0, 0x0, 0x0, 0x7, 0xff, 0x50, 0x0, 0x0,
    0x0, 0xfc, 0x0, 0x0, 0x0, 0x0, 0x0, 0x5,
    0xff, 0x70, 0x0, 0x0, 0xf, 0xc0, 0x2d, 0x40,
    0x0, 0x0, 0x0, 0x6, 0xe2, 0x2, 0x94, 0x0,
    0xfc, 0x5, 0xff, 0x60, 0x0, 0x0, 0x0, 0x0,
    0x0, 0x6f, 0xe0, 0xf, 0xc0, 0x4, 0xff, 0x70,
    0x0, 0x10, 0x0, 0x0, 0x9, 0xf9, 0x0, 0xfc,
    0x0, 0x5, 0xff, 0x70, 0xd, 0xa0, 0x0, 0x0,
    0xcf, 0x40, 0xf, 0xc0, 0x0, 0x6, 0xfe, 0x22,
    0xcf, 0xe4, 0x0, 0xf, 0xf0, 0x0, 0xfc, 0x0,
    0x0, 0x7, 0x20, 0x0, 0xaf, 0xf1, 0x4, 0xfb,
    0x0, 0xf, 0xc0, 0x0, 0x0, 0x0, 0x0, 0x0,
    0x85, 0x0, 0x8f, 0x60, 0x0, 0xfc, 0x0, 0x5,
    0x20, 0x0, 0x0, 0x0, 0x0, 0xe, 0xf1, 0x0,
    0xf, 0xc0, 0x1, 0xff, 0x80, 0x0, 0x0, 0x55,
    0x0, 0x7a, 0x0, 0x0, 0xfd, 0x0, 0x9f, 0xf2,
    0x0, 0x0, 0xb, 0xf4, 0x0, 0x0, 0x0, 0xe,
    0xc0, 0x4f, 0xf5, 0x0, 0x0, 0x1, 0xfe, 0x0,
    0x0, 0x0, 0x0, 0x0, 0x1e, 0xf9, 0x0, 0x0,
    0x0, 0x7f, 0x80, 0x0, 0x0, 0x0, 0x0, 0x1d,
    0xfc, 0x0, 0x0, 0x0, 0xd, 0xf2, 0x0, 0x0,
    0x0, 0x0, 0x4e, 0xfd, 0x10, 0x0, 0x0, 0x4,
    0xfd, 0x0, 0x0, 0x0, 0x1, 0x9f, 0xfb, 0x10,
    0x0, 0x0, 0x0, 0xcf, 0x80, 0x0, 0x0, 0x18,
    0xef, 0xf7, 0x0, 0x0, 0x0, 0x0, 0x6f, 0xf2,
    0x0, 0x26, 0xbf, 0xff, 0xb2, 0x0, 0x0, 0x0,
    0x0, 0x0, 0x7c, 0x0, 0xa, 0xff, 0xfa, 0x30,
    0x0, 0x0, 0x0, 0x0, 0x0, 0x0, 0x0, 0x0,
    0x9, 0x50, 0x0, 0x0, 0x0, 0x0, 0x0, 0x0,
    0x0,

    /* U+6CB9 "油" */
    0x0, 0x0, 0x0, 0x0, 0x0, 0x0, 0x1, 0x10,
    0x0, 0x0, 0x0, 0x0, 0x0, 0x0, 0x0, 0x0,
    0x0, 0xff, 0x0, 0x0, 0x0, 0x0, 0x9e, 0x40,
    0x0, 0x0, 0x0, 0xe, 0xe0, 0x0, 0x0, 0x0,
    0xa, 0xff, 0xa1, 0x0, 0x0, 0x0, 0xee, 0x0,
    0x0, 0x0, 0x0, 0x4, 0xef, 0xb0, 0x0, 0x0,
    0xe, 0xe0, 0x0, 0x0, 0x0, 0x0, 0x1, 0xa1,
    0x0, 0x0, 0x0, 0xee, 0x0, 0x0, 0x0, 0x0,
    0x0, 0x0, 0xc, 0xff, 0xff, 0xff, 0xff, 0xff,
    0xff, 0xa0, 0x40, 0x0, 0x0, 0xbf, 0x77, 0x77,
    0xff, 0x77, 0x78, 0xfa, 0x3f, 0xd6, 0x0, 0xb,
    0xf1, 0x0, 0xe, 0xe0, 0x0, 0x2f, 0x92, 0x9f,
    0xfd, 0x40, 0xbf, 0x10, 0x0, 0xee, 0x0, 0x2,
    0xf9, 0x0, 0x1a, 0xf3, 0xb, 0xf1, 0x0, 0xe,
    0xe0, 0x0, 0x2f, 0x90, 0x0, 0x2, 0x0, 0xbf,
    0x10, 0x0, 0xee, 0x0, 0x2, 0xf9, 0x0, 0x0,
    0x0, 0xb, 0xff, 0xff, 0xff, 0xff, 0xff, 0xff,
    0x90, 0x0, 0x9, 0x30, 0xbf, 0x98, 0x88, 0xff,
    0x88, 0x89, 0xf9, 0x0, 0x1, 0xfd, 0xb, 0xf1,
    0x0, 0xe, 0xe0, 0x0, 0x2f, 0x90, 0x0, 0x7f,
    0x60, 0xbf, 0x10, 0x0, 0xee, 0x0, 0x2, 0xf9,
    0x0, 0xe, 0xe0, 0xb, 0xf1, 0x0, 0xe, 0xe0,
    0x0, 0x2f, 0x90, 0x6, 0xf8, 0x0, 0xbf, 0x10,
    0x0, 0xee, 0x0, 0x2, 0xf9, 0x0, 0xef, 0x10,
    0xb, 0xf8, 0x88, 0x8f, 0xf8, 0x88, 0x9f, 0x90,
    0x8f, 0xa0, 0x0, 0xbf, 0xff, 0xff, 0xff, 0xff,
    0xff, 0xf9, 0x3f, 0xf3, 0x0, 0xb, 0xf1, 0x0,
    0x0, 0x0, 0x0, 0x2f, 0xa0, 0x7b, 0x0, 0x0,
    0xcf, 0x10, 0x0, 0x0, 0x0, 0x2, 0xfa, 0x0,
    0x0, 0x0, 0x0, 0x0, 0x0, 0x0, 0x0, 0x0,
    0x0, 0x0,

    /* U+6CE8 "注" */
    0x0, 0x0, 0x0, 0x0, 0x0, 0x0, 0x50, 0x0,
    0x0, 0x0, 0x0, 0x0, 0x43, 0x0, 0x0, 0x0,
    0x9, 0xf9, 0x0, 0x0, 0x0, 0x0, 0x2, 0xff,
    0x60, 0x0, 0x0, 0x1, 0xdf, 0x80, 0x0, 0x0,
    0x0, 0x0, 0x6f, 0xf8, 0x0, 0x0, 0x0, 0x2e,
    0xf3, 0x0, 0x0, 0x0, 0x0, 0x3, 0xfe, 0x11,
    0x11, 0x10, 0x4, 0x40, 0x0, 0x11, 0x10, 0x0,
    0x0, 0x33, 0x9, 0xff, 0xff, 0xff, 0xff, 0xff,
    0xff, 0xb0, 0x0, 0x0, 0x0, 0x6, 0x99, 0x98,
    0x9f, 0xe8, 0x88, 0x99, 0x70, 0x2, 0x10, 0x0,
    0x0, 0x0, 0x0, 0x1f, 0xc0, 0x0, 0x0, 0x0,
    0x1e, 0xf6, 0x0, 0x0, 0x0, 0x0, 0x1f, 0xc0,
    0x0, 0x0, 0x0, 0x6, 0xff, 0xc2, 0x0, 0x0,
    0x0, 0x1f, 0xc0, 0x0, 0x0, 0x0, 0x0, 0x1c,
    0xf2, 0x0, 0x0, 0x0, 0x1f, 0xc0, 0x0, 0x0,
    0x0, 0x0, 0x0, 0x30, 0x0, 0xaa, 0xaa, 0xaf,
    0xea, 0xaa, 0xab, 0x30, 0x0, 0x0, 0x0, 0x0,
    0xff, 0xff, 0xff, 0xff, 0xff, 0xff, 0x50, 0x0,
    0x0, 0x45, 0x0, 0x0, 0x0, 0x1f, 0xc0, 0x0,
    0x0, 0x0, 0x0, 0x0, 0xbf, 0x20, 0x0, 0x0,
    0x1f, 0xc0, 0x0, 0x0, 0x0, 0x0, 0x3, 0xfd,
    0x0, 0x0, 0x0, 0x1f, 0xc0, 0x0, 0x0, 0x0,
    0x0, 0xb, 0xf5, 0x0, 0x0, 0x0, 0x1f, 0xc0,
    0x0, 0x0, 0x0, 0x0, 0x3f, 0xd0, 0x0, 0x0,
    0x0, 0x1f, 0xc0, 0x0, 0x0, 0x0, 0x0, 0xcf,
    0x50, 0x0, 0x0, 0x0, 0x1f, 0xc0, 0x0, 0x0,
    0x0, 0x6, 0xfd, 0x0, 0x0, 0x0, 0x0, 0x1f,
    0xc0, 0x0, 0x0, 0x0, 0x2f, 0xf6, 0x0, 0x7b,
    0xbb, 0xbb, 0xbf, 0xeb, 0xbb, 0xbb, 0xca, 0x5f,
    0xe0, 0x0, 0xaf, 0xee, 0xee, 0xee, 0xee, 0xee,
    0xee, 0xfd, 0x2, 0x60, 0x0, 0x0, 0x0, 0x0,
    0x0, 0x0, 0x0, 0x0, 0x0,

    /* U+6D25 "津" */
    0x0, 0x0, 0x0, 0x0, 0x0, 0x0, 0x7, 0x90,
    0x0, 0x0, 0x0, 0x0, 0x0, 0x30, 0x0, 0x0,
    0x0, 0x0, 0xcf, 0x0, 0x0, 0x0, 0x0, 0x0,
    0x4f, 0xc1, 0x0, 0x11, 0x10, 0xc, 0xe0, 0x0,
    0x0, 0x0, 0x0, 0x2, 0xdf, 0xe3, 0xa, 0xff,
    0xff, 0xff, 0xff, 0xff, 0xfa, 0x0, 0x0, 0x0,
    0xaf, 0xd0, 0x46, 0x65, 0x5d, 0xf5, 0x55, 0x6f,
    0xa0, 0x0, 0x0, 0x0, 0x91, 0x0, 0x0, 0x0,
    0xce, 0x0, 0x1, 0xf9, 0x0, 0x0, 0x0, 0x0,
    0x28, 0x77, 0x77, 0x7d, 0xf7, 0x77, 0x7f, 0xc7,
    0x70, 0x1c, 0x50, 0x3, 0xff, 0xff, 0xff, 0xff,
    0xff, 0xff, 0xff, 0xfd, 0x6, 0xff, 0xb1, 0x0,
    0x0, 0x0, 0xc, 0xe0, 0x0, 0x1f, 0x90, 0x0,
    0x3, 0xdf, 0xe1, 0x0, 0x0, 0x0, 0xce, 0x0,
    0x1, 0xfa, 0x0, 0x0, 0x0, 0x95, 0x0, 0xaf,
    0xff, 0xff, 0xff, 0xff, 0xff, 0xa0, 0x0, 0x0,
    0x0, 0x0, 0x5, 0x87, 0x77, 0xdf, 0x77, 0x77,
    0x75, 0x0, 0x0, 0x0, 0x26, 0x0, 0x0, 0x0,
    0xc, 0xe0, 0x0, 0x0, 0x0, 0x0, 0x0, 0x9,
    0xf5, 0x28, 0x77, 0x77, 0xdf, 0x77, 0x77, 0x78,
    0x20, 0x0, 0x1, 0xff, 0x14, 0xff, 0xff, 0xff,
    0xff, 0xff, 0xff, 0xf4, 0x0, 0x0, 0x8f, 0x80,
    0x0, 0x0, 0x0, 0xce, 0x0, 0x0, 0x0, 0x0,
    0x0, 0x1f, 0xf1, 0x0, 0x0, 0x0, 0xc, 0xe0,
    0x0, 0x0, 0x0, 0x0, 0x9, 0xf8, 0x5, 0xff,
    0xff, 0xff, 0xff, 0xff, 0xff, 0xff, 0xf2, 0x3,
    0xff, 0x10, 0x28, 0x77, 0x77, 0x7d, 0xf7, 0x77,
    0x77, 0x88, 0x10, 0xdf, 0x90, 0x0, 0x0, 0x0,
    0x0, 0xce, 0x0, 0x0, 0x0, 0x0, 0x5, 0xd2,
    0x0, 0x0, 0x0, 0x0, 0xc, 0xf0, 0x0, 0x0,
    0x0, 0x0, 0x0, 0x0, 0x0, 0x0, 0x0, 0x0,
    0xdf, 0x0, 0x0, 0x0, 0x0,

    /* U+6D3B "活" */
    0x0, 0x0, 0x0, 0x0, 0x0, 0x0, 0x0, 0x0,
    0x0, 0x0, 0x0, 0x0, 0x6b, 0x10, 0x0, 0x0,
    0x0, 0x0, 0x0, 0x26, 0xb5, 0x0, 0x0, 0xdf,
    0xe3, 0x1, 0x23, 0x46, 0x8a, 0xdf, 0xff, 0xfe,
    0x10, 0x0, 0xa, 0xff, 0x62, 0xff, 0xff, 0xff,
    0xf8, 0x64, 0x10, 0x0, 0x0, 0x0, 0x7f, 0x60,
    0x87, 0x53, 0x1e, 0xd0, 0x0, 0x0, 0x0, 0x0,
    0x0, 0x3, 0x0, 0x0, 0x0, 0xe, 0xd0, 0x0,
    0x0, 0x0, 0x0, 0x0, 0x0, 0x0, 0x0, 0x0,
    0xe, 0xd0, 0x0, 0x0, 0x0, 0x1d, 0x90, 0x0,
    0x48, 0x77, 0x77, 0x7f, 0xe7, 0x77, 0x77, 0x85,
    0x4e, 0xfe, 0x40, 0x7f, 0xff, 0xff, 0xff, 0xff,
    0xff, 0xff, 0xfb, 0x1, 0xbf, 0xf8, 0x11, 0x10,
    0x0, 0xe, 0xd0, 0x0, 0x0, 0x11, 0x0, 0x7,
    0xf7, 0x0, 0x0, 0x0, 0xe, 0xd0, 0x0, 0x0,
    0x0, 0x0, 0x0, 0x20, 0x0, 0x0, 0x0, 0xe,
    0xd0, 0x0, 0x0, 0x0, 0x0, 0x0, 0x17, 0x0,
    0x0, 0x0, 0xe, 0xd0, 0x0, 0x0, 0x0, 0x0,
    0x0, 0x7f, 0x70, 0xaf, 0xff, 0xff, 0xff, 0xff,
    0xff, 0x10, 0x0, 0x0, 0xdf, 0x20, 0xaf, 0x98,
    0x88, 0x88, 0x88, 0xef, 0x0, 0x0, 0x5, 0xfa,
    0x0, 0xaf, 0x10, 0x0, 0x0, 0x0, 0xcf, 0x0,
    0x0, 0xc, 0xf2, 0x0, 0x9f, 0x10, 0x0, 0x0,
    0x0, 0xcf, 0x0, 0x0, 0x5f, 0xa0, 0x0, 0x9f,
    0x10, 0x0, 0x0, 0x0, 0xcf, 0x0, 0x0, 0xdf,
    0x30, 0x0, 0x9f, 0x10, 0x0, 0x0, 0x0, 0xcf,
    0x0, 0x9, 0xfb, 0x0, 0x0, 0x9f, 0xff, 0xff,
    0xff, 0xff, 0xff, 0x0, 0x4f, 0xf3, 0x0, 0x0,
    0xaf, 0x77, 0x77, 0x77, 0x77, 0xdf, 0x0, 0x6,
    0x90, 0x0, 0x0, 0xaf, 0x10, 0x0, 0x0, 0x0,
    0xcf, 0x10, 0x0, 0x0, 0x0, 0x0, 0x11, 0x0,
    0x0, 0x0, 0x0, 0x0, 0x0,

    /* U+6D77 "海" */
    0x0, 0x0, 0x0, 0x0, 0x0, 0x7, 0x10, 0x0,
    0x0, 0x0, 0x0, 0x0, 0x3, 0xa1, 0x0, 0x0,
    0x2, 0xfe, 0x0, 0x0, 0x0, 0x0, 0x0, 0x0,
    0x9f, 0xf7, 0x0, 0x0, 0x7f, 0x70, 0x0, 0x0,
    0x0, 0x0, 0x0, 0x0, 0x5e, 0xfc, 0x20, 0xe,
    0xff, 0xff, 0xff, 0xff, 0xff, 0xf2, 0x0, 0x0,
    0x1b, 0xf2, 0x7, 0xfb, 0x88, 0x88, 0x88, 0x88,
    0x89, 0x10, 0x0, 0x0, 0x2, 0x1, 0xfd, 0x0,
    0x0, 0x0, 0x0, 0x0, 0x0, 0x0, 0x0, 0x0,
    0x0, 0xbf, 0xa7, 0x77, 0x77, 0x77, 0x77, 0x30,
    0x0, 0x5b, 0x20, 0x0, 0x9f, 0xae, 0xff, 0xff,
    0xff, 0xff, 0xf6, 0x0, 0xb, 0xff, 0x60, 0x5,
    0xc0, 0xf8, 0x1, 0x81, 0x0, 0x3f, 0x50, 0x0,
    0x7, 0xff, 0xb1, 0x0, 0xf, 0x70, 0x3f, 0x80,
    0x3, 0xf5, 0x0, 0x0, 0x3, 0xee, 0x20, 0x1,
    0xf7, 0x0, 0xaf, 0x10, 0x3f, 0x40, 0x0, 0x0,
    0x1, 0x40, 0x0, 0x2f, 0x60, 0x2, 0x80, 0x3,
    0xf4, 0x0, 0x0, 0x0, 0x0, 0x6, 0xff, 0xff,
    0xff, 0xff, 0xff, 0xff, 0xff, 0x80, 0x0, 0x2,
    0x80, 0x49, 0xaf, 0xa8, 0x88, 0x88, 0x8b, 0xf9,
    0x94, 0x0, 0x0, 0x8f, 0x50, 0x5, 0xf2, 0x5,
    0xd0, 0x0, 0x6f, 0x10, 0x0, 0x0, 0x1f, 0xd0,
    0x0, 0x6f, 0x10, 0x3f, 0x90, 0x6, 0xf0, 0x0,
    0x0, 0x7, 0xf6, 0x0, 0x8, 0xf0, 0x0, 0x9e,
    0x0, 0x7f, 0x0, 0x0, 0x1, 0xef, 0x0, 0x0,
    0x9f, 0x55, 0x56, 0x65, 0x5b, 0xf6, 0x50, 0x0,
    0x8f, 0x80, 0x0, 0xa, 0xff, 0xff, 0xff, 0xff,
    0xff, 0xfc, 0x0, 0x2f, 0xf1, 0x0, 0x0, 0x12,
    0x22, 0x22, 0x22, 0x2d, 0xd2, 0x20, 0x9, 0xf8,
    0x0, 0x0, 0x0, 0x0, 0x0, 0x0, 0x69, 0xfa,
    0x0, 0x0, 0x4, 0x10, 0x0, 0x0, 0x0, 0x0,
    0x0, 0xa, 0xfe, 0x30, 0x0, 0x0, 0x0, 0x0,
    0x0, 0x0, 0x0, 0x0, 0x0, 0x24, 0x0, 0x0,
    0x0,

    /* U+6DF1 "深" */
    0x0, 0x0, 0x0, 0x0, 0x0, 0x0, 0x0, 0x0,
    0x0, 0x0, 0x0, 0x0, 0x1c, 0x90, 0x0, 0x0,
    0x0, 0x0, 0x0, 0x0, 0x0, 0x0, 0x0, 0x1,
    0xaf, 0xd2, 0x3f, 0xff, 0xff, 0xff, 0xff, 0xff,
    0xff, 0xf0, 0x0, 0x0, 0x7f, 0xe3, 0xfc, 0x77,
    0x77, 0x77, 0x77, 0x77, 0xef, 0x0, 0x0, 0x0,
    0x78, 0x2f, 0x90, 0x0, 0x0, 0x0, 0x0, 0xd,
    0xf0, 0x0, 0x0, 0x0, 0x2, 0xf9, 0x3, 0xc3,
    0x0, 0x5e, 0x30, 0xdf, 0x0, 0x14, 0x0, 0x0,
    0x17, 0x43, 0xef, 0x60, 0x5, 0xff, 0x42, 0x20,
    0xa, 0xfb, 0x20, 0x0, 0x5, 0xff, 0x30, 0x0,
    0x4, 0xff, 0x40, 0x0, 0x8, 0xff, 0x60, 0x9,
    0xfe, 0x30, 0xa, 0x80, 0x5, 0xff, 0x10, 0x0,
    0x4, 0xf8, 0x0, 0x6d, 0x20, 0x0, 0xfd, 0x0,
    0x7, 0x50, 0x0, 0x0, 0x2, 0x0, 0x0, 0x0,
    0x0, 0xf, 0xc0, 0x0, 0x0, 0x0, 0x0, 0x0,
    0x0, 0x0, 0x99, 0x98, 0x88, 0xfe, 0x88, 0x89,
    0x99, 0x60, 0x0, 0x0, 0x0, 0xf, 0xff, 0xff,
    0xff, 0xff, 0xff, 0xff, 0xfa, 0x0, 0x0, 0xb,
    0x30, 0x0, 0x1, 0xff, 0xfe, 0xf8, 0x0, 0x0,
    0x0, 0x0, 0x3, 0xfa, 0x0, 0x0, 0x9f, 0x6f,
    0xcb, 0xf1, 0x0, 0x0, 0x0, 0x0, 0xbf, 0x20,
    0x0, 0x3f, 0xd0, 0xfc, 0x4f, 0xb0, 0x0, 0x0,
    0x0, 0x2f, 0xb0, 0x0, 0x1e, 0xf2, 0xf, 0xc0,
    0xaf, 0x80, 0x0, 0x0, 0xa, 0xf4, 0x0, 0x1d,
    0xf5, 0x0, 0xfc, 0x1, 0xef, 0xa0, 0x0, 0x3,
    0xfd, 0x0, 0x2d, 0xf8, 0x0, 0xf, 0xc0, 0x2,
    0xef, 0xd5, 0x0, 0xcf, 0x70, 0x4f, 0xf8, 0x0,
    0x0, 0xfc, 0x0, 0x1, 0xcf, 0x50, 0x4f, 0xf1,
    0x0, 0x67, 0x0, 0x0, 0xf, 0xd0, 0x0, 0x0,
    0x30, 0x0, 0x5, 0x0, 0x0, 0x0, 0x0, 0x0,
    0xfe, 0x0, 0x0, 0x0, 0x0,

    /* U+6DFB "添" */
    0x0, 0x0, 0x0, 0x0, 0x1, 0x0, 0x0, 0x0,
    0x0, 0x1, 0x10, 0x0, 0x0, 0x18, 0x0, 0x0,
    0x7f, 0xff, 0xff, 0xff, 0xff, 0xff, 0xb0, 0x0,
    0x0, 0x9f, 0xd2, 0x0, 0x48, 0x77, 0x8f, 0xd7,
    0x77, 0x77, 0x50, 0x0, 0x0, 0x7, 0xff, 0x50,
    0x0, 0x0, 0x4f, 0x80, 0x0, 0x0, 0x0, 0x0,
    0x0, 0x0, 0x5f, 0x30, 0x0, 0x0, 0x7f, 0x50,
    0x0, 0x0, 0x0, 0x0, 0x0, 0x0, 0x1, 0xb,
    0xcb, 0xbb, 0xef, 0xcb, 0xbb, 0xbb, 0xbc, 0x30,
    0x0, 0x0, 0x0, 0xe, 0xff, 0xff, 0xff, 0xff,
    0xff, 0xff, 0xff, 0x40, 0x4, 0x70, 0x0, 0x0,
    0x0, 0x7, 0xf8, 0x7, 0xf2, 0x0, 0x0, 0x0,
    0xd, 0xfd, 0x40, 0x0, 0x0, 0x2f, 0xe0, 0x0,
    0xec, 0x0, 0x0, 0x0, 0x1, 0xbf, 0xf8, 0x0,
    0x1, 0xdf, 0x40, 0x0, 0x5f, 0xc1, 0x0, 0x0,
    0x0, 0x6, 0xf4, 0x0, 0x2c, 0xf8, 0x37, 0x30,
    0x8, 0xff, 0x82, 0x0, 0x0, 0x0, 0x20, 0x6,
    0xef, 0xb0, 0x7f, 0x60, 0x0, 0x5f, 0xff, 0xb0,
    0x0, 0x0, 0x0, 0xcf, 0xf9, 0x0, 0x6f, 0x60,
    0x0, 0x1, 0x9f, 0x30, 0x0, 0x0, 0x30, 0x2d,
    0x60, 0x0, 0x6f, 0x60, 0x0, 0x39, 0x1, 0x0,
    0x0, 0x0, 0xcd, 0x10, 0xd, 0xc2, 0x6f, 0x6a,
    0xd0, 0xbf, 0x50, 0x0, 0x0, 0x3, 0xfc, 0x0,
    0x3f, 0xb0, 0x6f, 0x6b, 0xf4, 0x3f, 0xc0, 0x0,
    0x0, 0xa, 0xf4, 0x0, 0x9f, 0x30, 0x6f, 0x66,
    0xf9, 0xb, 0xf4, 0x0, 0x0, 0x3f, 0xc0, 0x1,
    0xfc, 0x0, 0x6f, 0x60, 0xfe, 0x5, 0xfa, 0x0,
    0x0, 0xdf, 0x40, 0x8, 0xf5, 0x0, 0x6f, 0x60,
    0xcf, 0x30, 0xef, 0x10, 0x8, 0xfc, 0x0, 0x3f,
    0xe0, 0x0, 0x6f, 0x60, 0x7f, 0x80, 0x8a, 0x20,
    0x2e, 0xf3, 0x0, 0x2, 0x30, 0x49, 0xdf, 0x50,
    0x24, 0x0, 0x0, 0x0, 0x1, 0x70, 0x0, 0x0,
    0x0, 0x1f, 0xfd, 0x0, 0x0, 0x0, 0x0, 0x0,
    0x0, 0x0, 0x0, 0x0, 0x0, 0x6, 0x40, 0x0,
    0x0, 0x0, 0x0, 0x0,

    /* U+6E29 "温" */
    0x0, 0x0, 0x0, 0x0, 0x0, 0x0, 0x0, 0x0,
    0x0, 0x0, 0x0, 0x0, 0x7, 0xc1, 0x0, 0x8,
    0xbb, 0xbb, 0xbb, 0xbb, 0xbb, 0x80, 0x0, 0x0,
    0x9f, 0xe4, 0x0, 0xbf, 0xff, 0xff, 0xff, 0xff,
    0xfc, 0x0, 0x0, 0x0, 0x6f, 0xf5, 0xb, 0xf2,
    0x11, 0x11, 0x11, 0x1e, 0xc0, 0x0, 0x0, 0x0,
    0x4e, 0x10, 0xbf, 0x10, 0x0, 0x0, 0x0, 0xec,
    0x0, 0x0, 0x0, 0x0, 0x10, 0xa, 0xfa, 0xaa,
    0xaa, 0xaa, 0xaf, 0xc0, 0x0, 0x1, 0x20, 0x0,
    0x0, 0xaf, 0xff, 0xff, 0xff, 0xff, 0xfc, 0x0,
    0x0, 0xbf, 0x80, 0x0, 0xa, 0xf1, 0x0, 0x0,
    0x0, 0xe, 0xc0, 0x0, 0x1, 0xcf, 0xb1, 0x0,
    0xbf, 0x10, 0x0, 0x0, 0x0, 0xec, 0x0, 0x0,
    0x0, 0x9f, 0x30, 0xb, 0xff, 0xff, 0xff, 0xff,
    0xff, 0xc0, 0x0, 0x0, 0x0, 0x20, 0x0, 0x68,
    0x88, 0x88, 0x88, 0x88, 0x86, 0x0, 0x0, 0x0,
    0x0, 0x0, 0x0, 0x0, 0x0, 0x0, 0x0, 0x0,
    0x0, 0x0, 0x0, 0x1, 0x30, 0x0, 0x0, 0x0,
    0x0, 0x0, 0x0, 0x0, 0x0, 0x0, 0x0, 0x4f,
    0x50, 0xcf, 0xff, 0xff, 0xff, 0xff, 0xff, 0xfe,
    0x0, 0x0, 0x8, 0xf4, 0xc, 0xf9, 0x8c, 0xf8,
    0x8f, 0xe8, 0x8f, 0xe0, 0x0, 0x0, 0xde, 0x0,
    0xbf, 0x10, 0x9e, 0x0, 0xec, 0x0, 0xee, 0x0,
    0x0, 0x2f, 0xa0, 0xb, 0xf1, 0x9, 0xe0, 0xe,
    0xc0, 0xe, 0xd0, 0x0, 0x8, 0xf5, 0x0, 0xbf,
    0x10, 0x9e, 0x0, 0xec, 0x0, 0xed, 0x0, 0x0,
    0xef, 0x0, 0xb, 0xf1, 0x9, 0xe0, 0xe, 0xc0,
    0xe, 0xd0, 0x0, 0x6f, 0xb0, 0x0, 0xbf, 0x10,
    0x9e, 0x0, 0xec, 0x0, 0xed, 0x0, 0xd, 0xf6,
    0xa, 0xae, 0xfa, 0x9d, 0xf9, 0x9f, 0xe9, 0x9f,
    0xf9, 0xa0, 0x6e, 0x10, 0xff, 0xee, 0xee, 0xee,
    0xee, 0xee, 0xee, 0xee, 0xff, 0x0, 0x10, 0x0,
    0x0, 0x0, 0x0, 0x0, 0x0, 0x0, 0x0, 0x0,
    0x0,

    /* U+6E7F "湿" */
    0x0, 0x0, 0x0, 0x0, 0x0, 0x0, 0x0, 0x0,
    0x0, 0x0, 0x0, 0x0, 0xb, 0x40, 0x0, 0x6,
    0x99, 0x99, 0x99, 0x99, 0x99, 0x98, 0x0, 0x3,
    0xff, 0x60, 0x0, 0xaf, 0xff, 0xff, 0xff, 0xff,
    0xff, 0xf0, 0x0, 0x2, 0xdf, 0x90, 0x9, 0xf1,
    0x0, 0x0, 0x0, 0x0, 0xcf, 0x0, 0x0, 0x1,
    0xdf, 0x50, 0x9f, 0x10, 0x0, 0x0, 0x0, 0xc,
    0xe0, 0x0, 0x0, 0x1, 0x60, 0x9, 0xfa, 0xaa,
    0xaa, 0xaa, 0xaa, 0xee, 0x0, 0x0, 0x0, 0x0,
    0x0, 0x9f, 0xff, 0xff, 0xff, 0xff, 0xff, 0xe0,
    0x0, 0x92, 0x0, 0x0, 0x9, 0xf1, 0x0, 0x0,
    0x0, 0x0, 0xce, 0x0, 0x5f, 0xf7, 0x0, 0x0,
    0x9f, 0x10, 0x0, 0x0, 0x0, 0xc, 0xf0, 0x0,
    0x5e, 0xfc, 0x20, 0xa, 0xfa, 0x99, 0x99, 0x99,
    0x99, 0xef, 0x0, 0x0, 0x2c, 0xf2, 0x0, 0xaf,
    0xff, 0xff, 0xff, 0xff, 0xff, 0xf0, 0x0, 0x0,
    0x4, 0x0, 0x0, 0x0, 0x0, 0x0, 0x0, 0x0,
    0x0, 0x0, 0x0, 0x0, 0x0, 0x0, 0x0, 0x9,
    0xc1, 0x0, 0xdb, 0x0, 0x0, 0x0, 0x0, 0x25,
    0x1, 0xba, 0x0, 0xcf, 0x10, 0xf, 0xd0, 0x1,
    0xe6, 0x0, 0x7, 0xf5, 0xe, 0xf2, 0xb, 0xf1,
    0x0, 0xfd, 0x0, 0x7f, 0x90, 0x0, 0xcf, 0x10,
    0x7f, 0x80, 0xbf, 0x10, 0xf, 0xd0, 0xe, 0xf1,
    0x0, 0x1f, 0xa0, 0x0, 0xfe, 0xb, 0xf1, 0x0,
    0xfc, 0x8, 0xf7, 0x0, 0x8, 0xf4, 0x0, 0x9,
    0xf4, 0xbf, 0x10, 0xf, 0xc3, 0xfd, 0x0, 0x0,
    0xee, 0x0, 0x0, 0x3d, 0x3b, 0xf1, 0x0, 0xfc,
    0x6f, 0x30, 0x0, 0x5f, 0x80, 0x0, 0x0, 0x0,
    0xbf, 0x10, 0xf, 0xc0, 0x10, 0x0, 0xd, 0xf2,
    0x0, 0x68, 0x88, 0x8d, 0xf8, 0x88, 0xfe, 0x88,
    0x88, 0x62, 0xdd, 0x0, 0xa, 0xfe, 0xee, 0xee,
    0xee, 0xee, 0xee, 0xef, 0xfa, 0x0, 0x30, 0x0,
    0x0, 0x0, 0x0, 0x0, 0x0, 0x0, 0x0, 0x0,
    0x0,

    /* U+6F14 "演" */
    0x0, 0x0, 0x0, 0x0, 0x0, 0x1, 0x99, 0x0,
    0x0, 0x0, 0x0, 0x9, 0x80, 0x0, 0x0, 0x0,
    0x0, 0xcf, 0x30, 0x0, 0x0, 0x0, 0xc, 0xfd,
    0x40, 0x0, 0x0, 0x0, 0x4f, 0xb0, 0x0, 0x0,
    0x0, 0x0, 0x6f, 0xf4, 0xbf, 0xff, 0xff, 0xff,
    0xff, 0xff, 0xff, 0xfb, 0x0, 0x3, 0xa0, 0xbf,
    0x65, 0x55, 0x55, 0x55, 0x55, 0x56, 0xfb, 0x0,
    0x0, 0x0, 0xbf, 0x10, 0x0, 0x0, 0x0, 0x0,
    0x1, 0xfa, 0x0, 0x0, 0x0, 0xae, 0x16, 0x66,
    0x66, 0x66, 0x67, 0x51, 0xfb, 0x5a, 0x10, 0x0,
    0x0, 0xd, 0xfe, 0xef, 0xfe, 0xef, 0xa0, 0x10,
    0xbf, 0xe4, 0x0, 0x0, 0x0, 0x0, 0xf, 0xa0,
    0x0, 0x0, 0x0, 0x8, 0xff, 0x70, 0x0, 0x22,
    0x22, 0x2f, 0xa2, 0x22, 0x22, 0x0, 0x0, 0x4e,
    0x40, 0x5, 0xff, 0xff, 0xff, 0xff, 0xff, 0xff,
    0x20, 0x0, 0x1, 0x0, 0x5, 0xf6, 0x33, 0x3f,
    0xb3, 0x33, 0xaf, 0x10, 0x0, 0x0, 0x0, 0x4,
    0xf4, 0x0, 0xf, 0xa0, 0x0, 0x9f, 0x10, 0x0,
    0x0, 0x10, 0x4, 0xff, 0xff, 0xff, 0xff, 0xff,
    0xff, 0x10, 0x0, 0x3, 0xe2, 0x4, 0xf9, 0x77,
    0x7f, 0xc7, 0x77, 0xcf, 0x10, 0x0, 0xa, 0xf6,
    0x4, 0xf4, 0x0, 0xf, 0xa0, 0x0, 0x9f, 0x10,
    0x0, 0x3f, 0xd0, 0x5, 0xf9, 0x77, 0x7f, 0xc7,
    0x77, 0xcf, 0x10, 0x0, 0xbf, 0x40, 0x5, 0xee,
    0xee, 0xee, 0xee, 0xee, 0xee, 0x20, 0x5, 0xfb,
    0x0, 0x0, 0x0, 0x66, 0x0, 0x1, 0xea, 0x10,
    0x0, 0x1e, 0xf2, 0x0, 0x0, 0x8, 0xfe, 0x20,
    0x1, 0xbf, 0xf6, 0x0, 0xbf, 0x90, 0x0, 0x4,
    0xdf, 0xa1, 0x0, 0x0, 0x5, 0xef, 0xb1, 0x5e,
    0x10, 0x0, 0xbf, 0xe5, 0x0, 0x0, 0x0, 0x0,
    0x1c, 0xf7, 0x1, 0x0, 0x0, 0x39, 0x10, 0x0,
    0x0, 0x0, 0x0, 0x0, 0x60,

    /* U+6F6E "潮" */
    0x0, 0x0, 0x0, 0x0, 0x1, 0x96, 0x0, 0x0,
    0x0, 0x0, 0x0, 0x0, 0x5, 0xc2, 0x0, 0x0,
    0x2f, 0xa0, 0x0, 0x5, 0x66, 0x66, 0x63, 0x0,
    0xaf, 0xf5, 0x0, 0x1, 0xf9, 0x0, 0x0, 0xff,
    0xff, 0xff, 0xa0, 0x0, 0x7f, 0xe6, 0xa9, 0xaf,
    0xd9, 0x99, 0xe, 0xc0, 0x0, 0xf9, 0x0, 0x0,
    0x53, 0x7f, 0xee, 0xff, 0xef, 0xe0, 0xec, 0x0,
    0xf, 0x90, 0x0, 0x0, 0x0, 0x0, 0x1f, 0x90,
    0x0, 0xe, 0xc0, 0x0, 0xf9, 0x0, 0x0, 0x0,
    0x2, 0x23, 0xfa, 0x22, 0x0, 0xed, 0x33, 0x3f,
    0x90, 0x5e, 0x50, 0x0, 0xff, 0xff, 0xff, 0xf2,
    0xe, 0xff, 0xff, 0xf9, 0x8, 0xff, 0xb1, 0xf,
    0xc4, 0x44, 0xbf, 0x20, 0xed, 0x33, 0x3f, 0x90,
    0x2, 0xcf, 0x70, 0xfb, 0x0, 0x9, 0xf1, 0xe,
    0xc0, 0x0, 0xf9, 0x0, 0x0, 0x70, 0xf, 0xff,
    0xff, 0xff, 0x10, 0xec, 0x0, 0xf, 0x90, 0x0,
    0x0, 0x0, 0xfd, 0x77, 0x7c, 0xf1, 0xf, 0xc0,
    0x0, 0xf9, 0x0, 0x0, 0x0, 0xf, 0xb2, 0x22,
    0xaf, 0x20, 0xfe, 0xaa, 0xaf, 0x90, 0x0, 0x89,
    0x10, 0xff, 0xff, 0xff, 0xf2, 0xf, 0xeb, 0xbb,
    0xf9, 0x0, 0xd, 0xf1, 0x4, 0x47, 0xf9, 0x44,
    0x2, 0xfa, 0x0, 0xf, 0x90, 0x1, 0xfc, 0x0,
    0x0, 0x4f, 0x60, 0x0, 0x5f, 0x80, 0x0, 0xf9,
    0x0, 0x6f, 0x73, 0x99, 0x8a, 0xfb, 0x99, 0x89,
    0xf4, 0x0, 0xf, 0x90, 0xc, 0xf2, 0x6f, 0xff,
    0xff, 0xff, 0xfe, 0xee, 0x0, 0x0, 0xf9, 0x2,
    0xfd, 0x0, 0x0, 0x4, 0xf6, 0x0, 0x8f, 0x80,
    0x0, 0xf, 0x90, 0xaf, 0x80, 0x0, 0x0, 0x4f,
    0x70, 0x2f, 0xf1, 0x0, 0x15, 0xf8, 0x9, 0xf3,
    0x0, 0x0, 0x5, 0xf7, 0x1d, 0xf8, 0x0, 0x7f,
    0xff, 0x50, 0x2, 0x0, 0x0, 0x0, 0x5f, 0x82,
    0xdc, 0x0, 0x1, 0xeb, 0x60, 0x0, 0x0, 0x0,
    0x0, 0x0, 0x0, 0x0, 0x10, 0x0, 0x0, 0x0,
    0x0,

    /* U+70B9 "点" */
    0x0, 0x0, 0x0, 0x0, 0xb, 0xb1, 0x0, 0x0,
    0x0, 0x0, 0x0, 0x0, 0x0, 0x0, 0x0, 0xe,
    0xf1, 0x0, 0x0, 0x0, 0x0, 0x0, 0x0, 0x0,
    0x0, 0x0, 0xe, 0xf1, 0x0, 0x0, 0x0, 0x0,
    0x0, 0x0, 0x0, 0x0, 0x0, 0xe, 0xfa, 0xaa,
    0xaa, 0xaa, 0xab, 0x10, 0x0, 0x0, 0x0, 0x0,
    0xe, 0xff, 0xff, 0xff, 0xff, 0xff, 0x20, 0x0,
    0x0, 0x0, 0x0, 0xe, 0xf1, 0x0, 0x0, 0x0,
    0x0, 0x0, 0x0, 0x0, 0x0, 0x0, 0xe, 0xf1,
    0x0, 0x0, 0x0, 0x0, 0x0, 0x0, 0x0, 0x0,
    0x0, 0xe, 0xf1, 0x0, 0x0, 0x0, 0x0, 0x0,
    0x0, 0xc, 0xff, 0xff, 0xff, 0xff, 0xff, 0xff,
    0xff, 0x20, 0x0, 0x0, 0xc, 0xfa, 0x88, 0x88,
    0x88, 0x88, 0x88, 0xef, 0x20, 0x0, 0x0, 0xc,
    0xf4, 0x0, 0x0, 0x0, 0x0, 0x0, 0xcf, 0x10,
    0x0, 0x0, 0xb, 0xf4, 0x0, 0x0, 0x0, 0x0,
    0x0, 0xcf, 0x10, 0x0, 0x0, 0xb, 0xf4, 0x0,
    0x0, 0x0, 0x0, 0x0, 0xcf, 0x10, 0x0, 0x0,
    0xb, 0xf4, 0x0, 0x0, 0x0, 0x0, 0x0, 0xcf,
    0x10, 0x0, 0x0, 0xc, 0xff, 0xff, 0xff, 0xff,
    0xff, 0xff, 0xff, 0x20, 0x0, 0x0, 0x7, 0x99,
    0x99, 0x99, 0x99, 0x99, 0x99, 0x99, 0x10, 0x0,
    0x0, 0x40, 0x0, 0x0, 0x0, 0x0, 0x0, 0x0,
    0x0, 0x0, 0x0, 0x0, 0xff, 0x30, 0x3a, 0x0,
    0x2, 0xc5, 0x0, 0x7, 0xe1, 0x0, 0x6, 0xfc,
    0x0, 0x9f, 0x60, 0x3, 0xfd, 0x0, 0x9, 0xfa,
    0x0, 0xd, 0xf4, 0x0, 0x3f, 0xd0, 0x0, 0xbf,
    0x60, 0x1, 0xef, 0x50, 0x6f, 0xc0, 0x0, 0xd,
    0xf4, 0x0, 0x3f, 0xe0, 0x0, 0x6f, 0xe1, 0x8f,
    0x40, 0x0, 0x8, 0xc3, 0x0, 0xb, 0xa1, 0x0,
    0xd, 0xd2, 0x2, 0x0, 0x0, 0x0, 0x0, 0x0,
    0x0, 0x0, 0x0, 0x2, 0x0,

    /* U+70ED "热" */
    0x0, 0x0, 0x57, 0x0, 0x0, 0x0, 0x32, 0x0,
    0x0, 0x0, 0x0, 0x0, 0x0, 0xb, 0xf0, 0x0,
    0x0, 0x8, 0xf6, 0x0, 0x0, 0x0, 0x0, 0x0,
    0x0, 0xaf, 0x0, 0x0, 0x0, 0x8f, 0x40, 0x0,
    0x0, 0x0, 0x0, 0x0, 0xa, 0xf0, 0x0, 0x0,
    0x8, 0xf3, 0x0, 0x0, 0x0, 0x0, 0x18, 0x77,
    0xdf, 0x77, 0x52, 0x99, 0xdf, 0xbb, 0xbc, 0x30,
    0x0, 0x2, 0xff, 0xff, 0xff, 0xfa, 0x3e, 0xce,
    0xfc, 0xbe, 0xf2, 0x0, 0x0, 0x0, 0x0, 0xaf,
    0x0, 0x0, 0x0, 0x8f, 0x10, 0xaf, 0x0, 0x0,
    0x0, 0x0, 0xa, 0xf0, 0x0, 0x0, 0x9, 0xf0,
    0xb, 0xf0, 0x0, 0x0, 0x0, 0x0, 0xaf, 0x7b,
    0x92, 0xd4, 0xcd, 0x0, 0xbf, 0x0, 0x0, 0x2,
    0x69, 0xcf, 0xff, 0xd6, 0x5f, 0xff, 0xa0, 0xa,
    0xe0, 0x0, 0x0, 0x4f, 0xfd, 0xef, 0x10, 0x0,
    0x2d, 0xfd, 0x20, 0x9f, 0x0, 0x0, 0x0, 0x72,
    0xa, 0xf0, 0x0, 0x0, 0xbf, 0xff, 0x57, 0xf2,
    0x4, 0x0, 0x0, 0x0, 0xaf, 0x0, 0x0, 0x5f,
    0xa3, 0xef, 0x7f, 0x60, 0xed, 0x0, 0x0, 0xb,
    0xe0, 0x0, 0x2e, 0xf1, 0x2, 0xa0, 0xed, 0x4f,
    0x90, 0x0, 0xbc, 0xfc, 0x0, 0x2d, 0xf6, 0x0,
    0x0, 0x7, 0xff, 0xf3, 0x0, 0x9, 0xfb, 0x30,
    0xc, 0xf9, 0x0, 0x0, 0x0, 0x6, 0xb6, 0x0,
    0x0, 0x10, 0x0, 0x0, 0x7, 0x0, 0x0, 0x0,
    0x3, 0x80, 0x0, 0x0, 0xa, 0xb2, 0x0, 0x52,
    0x0, 0x9, 0x90, 0x0, 0xaf, 0x50, 0x0, 0x2,
    0xfe, 0x0, 0x4f, 0x90, 0x0, 0xcf, 0x20, 0x1,
    0xfe, 0x0, 0x0, 0xaf, 0x60, 0x0, 0xef, 0x0,
    0x5, 0xf9, 0x0, 0x8, 0xf8, 0x0, 0x3f, 0xd0,
    0x0, 0x7, 0xf5, 0x0, 0xf, 0xf0, 0x0, 0xe,
    0xf1, 0x8, 0xf5, 0x0, 0x0, 0x2e, 0x60, 0x0,
    0x87, 0x10, 0x0, 0x79, 0x10, 0x2, 0x0, 0x0,
    0x0, 0x0, 0x0, 0x0, 0x0, 0x0, 0x0, 0x0,
    0x0,

    /* U+7248 "版" */
    0x0, 0x84, 0x1, 0xf9, 0x0, 0x0, 0x0, 0x0,
    0x2, 0x6b, 0x50, 0x0, 0xfb, 0x1, 0xf9, 0x0,
    0x28, 0x99, 0xbd, 0xff, 0xff, 0xd0, 0x0, 0xfa,
    0x0, 0xf8, 0x0, 0x4f, 0xfe, 0xcb, 0x98, 0x64,
    0x30, 0x0, 0xf9, 0x0, 0xf8, 0x0, 0x3f, 0x60,
    0x0, 0x0, 0x0, 0x0, 0x0, 0xf9, 0x0, 0xf8,
    0x0, 0x3f, 0x60, 0x0, 0x0, 0x0, 0x0, 0x0,
    0xf9, 0x0, 0xf8, 0x0, 0x2f, 0x60, 0x0, 0x0,
    0x0, 0x0, 0x0, 0xfb, 0x45, 0xfa, 0x42, 0x2f,
    0xdb, 0xbb, 0xbb, 0xbb, 0x30, 0x0, 0xff, 0xff,
    0xff, 0xf8, 0x3f, 0xcf, 0xda, 0xaa, 0xdf, 0x30,
    0x0, 0xfa, 0x22, 0x22, 0x21, 0x3f, 0x6e, 0xb0,
    0x0, 0xbf, 0x10, 0x0, 0xf9, 0x0, 0x0, 0x0,
    0x3f, 0x5c, 0xd0, 0x0, 0xde, 0x0, 0x0, 0xf9,
    0x0, 0x0, 0x0, 0x4f, 0x4a, 0xf0, 0x0, 0xfb,
    0x0, 0x0, 0xff, 0xff, 0xff, 0x10, 0x5f, 0x37,
    0xf2, 0x3, 0xf8, 0x0, 0x1, 0xfc, 0x77, 0xcf,
    0x0, 0x7f, 0x24, 0xf6, 0x7, 0xf5, 0x0, 0x1,
    0xf8, 0x0, 0x9f, 0x0, 0x9f, 0x0, 0xfb, 0xb,
    0xf0, 0x0, 0x3, 0xf7, 0x0, 0x9f, 0x0, 0xbe,
    0x0, 0xaf, 0x2f, 0xc0, 0x0, 0x5, 0xf5, 0x0,
    0x9f, 0x0, 0xfb, 0x0, 0x4f, 0xdf, 0x50, 0x0,
    0x8, 0xf3, 0x0, 0x9f, 0x4, 0xf6, 0x0, 0xd,
    0xfe, 0x0, 0x0, 0xc, 0xf0, 0x0, 0x9f, 0xa,
    0xf2, 0x0, 0x1e, 0xfd, 0x10, 0x0, 0x1f, 0xc0,
    0x0, 0xaf, 0x2f, 0xc0, 0x2, 0xdf, 0xdf, 0xd3,
    0x0, 0x7f, 0x70, 0x0, 0xaf, 0x7f, 0x50, 0x6f,
    0xf9, 0x8, 0xff, 0xa2, 0x7f, 0x20, 0x0, 0xaf,
    0x3, 0x8, 0xff, 0x70, 0x0, 0x5f, 0xf6, 0x1,
    0x0, 0x0, 0x0, 0x0, 0x0, 0x93, 0x0, 0x0,
    0x2, 0x70,

    /* U+751F "生" */
    0x0, 0x0, 0x0, 0x0, 0x0, 0x7, 0x70, 0x0,
    0x0, 0x0, 0x0, 0x0, 0x0, 0x1, 0x0, 0x0,
    0x1, 0xff, 0x0, 0x0, 0x0, 0x0, 0x0, 0x0,
    0x0, 0x9f, 0x80, 0x0, 0xf, 0xf0, 0x0, 0x0,
    0x0, 0x0, 0x0, 0x0, 0xd, 0xf7, 0x0, 0x0,
    0xff, 0x0, 0x0, 0x0, 0x0, 0x0, 0x0, 0x1,
    0xff, 0x0, 0x0, 0xf, 0xf0, 0x0, 0x0, 0x0,
    0x0, 0x0, 0x0, 0x7f, 0x90, 0x0, 0x0, 0xff,
    0x0, 0x0, 0x0, 0x0, 0x0, 0x0, 0xd, 0xfe,
    0xdd, 0xdd, 0xdf, 0xfd, 0xdd, 0xdd, 0xde, 0x60,
    0x0, 0x5, 0xff, 0xdd, 0xdd, 0xdd, 0xff, 0xdd,
    0xdd, 0xde, 0xe6, 0x0, 0x0, 0xdf, 0x60, 0x0,
    0x0, 0xf, 0xf0, 0x0, 0x0, 0x0, 0x0, 0x0,
    0x7f, 0xe0, 0x0, 0x0, 0x0, 0xff, 0x0, 0x0,
    0x0, 0x0, 0x0, 0xb, 0xf6, 0x0, 0x0, 0x0,
    0xf, 0xf0, 0x0, 0x0, 0x0, 0x0, 0x0, 0x0,
    0x0, 0x0, 0x0, 0x0, 0xff, 0x0, 0x0, 0x0,
    0x0, 0x0, 0x0, 0x0, 0x3f, 0xff, 0xff, 0xff,
    0xff, 0xff, 0xff, 0xf0, 0x0, 0x0, 0x0, 0x2,
    0xcc, 0xbb, 0xbb, 0xff, 0xbb, 0xbb, 0xcc, 0x0,
    0x0, 0x0, 0x0, 0x0, 0x0, 0x0, 0xf, 0xf0,
    0x0, 0x0, 0x0, 0x0, 0x0, 0x0, 0x0, 0x0,
    0x0, 0x0, 0xff, 0x0, 0x0, 0x0, 0x0, 0x0,
    0x0, 0x0, 0x0, 0x0, 0x0, 0xf, 0xf0, 0x0,
    0x0, 0x0, 0x0, 0x0, 0x0, 0x0, 0x0, 0x0,
    0x0, 0xff, 0x0, 0x0, 0x0, 0x0, 0x0, 0x0,
    0x0, 0x0, 0x0, 0x0, 0xf, 0xf0, 0x0, 0x0,
    0x0, 0x0, 0x0, 0x2b, 0xaa, 0xaa, 0xaa, 0xaa,
    0xff, 0xaa, 0xaa, 0xaa, 0xab, 0xb0, 0x3, 0xff,
    0xff, 0xff, 0xff, 0xff, 0xff, 0xff, 0xff, 0xff,
    0xff, 0x0, 0x0, 0x0, 0x0, 0x0, 0x0, 0x0,
    0x0, 0x0, 0x0, 0x0, 0x0,

    /* U+7528 "用" */
    0x0, 0x8, 0x88, 0x88, 0x88, 0x88, 0x88, 0x88,
    0x88, 0x87, 0x0, 0xf, 0xff, 0xff, 0xff, 0xff,
    0xff, 0xff, 0xff, 0xfd, 0x0, 0xf, 0xc0, 0x0,
    0x0, 0xdf, 0x0, 0x0, 0x1, 0xfd, 0x0, 0xf,
    0xc0, 0x0, 0x0, 0xdf, 0x0, 0x0, 0x1, 0xfd,
    0x0, 0xf, 0xc0, 0x0, 0x0, 0xdf, 0x0, 0x0,
    0x1, 0xfc, 0x0, 0xf, 0xc0, 0x0, 0x0, 0xdf,
    0x0, 0x0, 0x1, 0xfc, 0x0, 0xf, 0xff, 0xff,
    0xff, 0xff, 0xff, 0xff, 0xff, 0xfc, 0x0, 0xf,
    0xd6, 0x66, 0x66, 0xef, 0x66, 0x66, 0x66, 0xfc,
    0x0, 0xf, 0xc0, 0x0, 0x0, 0xdf, 0x0, 0x0,
    0x1, 0xfc, 0x0, 0xf, 0xc0, 0x0, 0x0, 0xdf,
    0x0, 0x0, 0x1, 0xfc, 0x0, 0xf, 0xc0, 0x0,
    0x0, 0xdf, 0x0, 0x0, 0x1, 0xfc, 0x0, 0xf,
    0xe8, 0x88, 0x88, 0xef, 0x88, 0x88, 0x89, 0xfc,
    0x0, 0x1f, 0xff, 0xff, 0xff, 0xff, 0xff, 0xff,
    0xff, 0xfc, 0x0, 0x2f, 0xb0, 0x0, 0x0, 0xdf,
    0x0, 0x0, 0x1, 0xfc, 0x0, 0x4f, 0x90, 0x0,
    0x0, 0xdf, 0x0, 0x0, 0x1, 0xfc, 0x0, 0x7f,
    0x50, 0x0, 0x0, 0xdf, 0x0, 0x0, 0x1, 0xfc,
    0x0, 0xcf, 0x10, 0x0, 0x0, 0xdf, 0x0, 0x0,
    0x1, 0xfc, 0x2, 0xfc, 0x0, 0x0, 0x0, 0xdf,
    0x0, 0x0, 0x1, 0xfc, 0x9, 0xf6, 0x0, 0x0,
    0x0, 0xef, 0x0, 0x3, 0x48, 0xfb, 0x2f, 0xf1,
    0x0, 0x0, 0x0, 0xef, 0x10, 0x5, 0xff, 0xf5,
    0x3b, 0x80, 0x0, 0x0, 0x0, 0x55, 0x0, 0x1,
    0xb8, 0x30, 0x0, 0x0, 0x0, 0x0, 0x0, 0x0,
    0x0, 0x0, 0x0, 0x0,

    /* U+7531 "由" */
    0x0, 0x0, 0x0, 0x0, 0x5, 0x81, 0x0, 0x0,
    0x0, 0x0, 0x0, 0x0, 0x0, 0x0, 0xa, 0xf1,
    0x0, 0x0, 0x0, 0x0, 0x0, 0x0, 0x0, 0x0,
    0xa, 0xf1, 0x0, 0x0, 0x0, 0x0, 0x0, 0x0,
    0x0, 0x0, 0xa, 0xf1, 0x0, 0x0, 0x0, 0x0,
    0x0, 0x0, 0x0, 0x0, 0xa, 0xf1, 0x0, 0x0,
    0x0, 0x0, 0x17, 0x77, 0x77, 0x77, 0x7c, 0xf7,
    0x77, 0x77, 0x77, 0x71, 0x1f, 0xff, 0xff, 0xff,
    0xff, 0xff, 0xff, 0xff, 0xff, 0xf2, 0x1f, 0xb0,
    0x0, 0x0, 0xa, 0xf1, 0x0, 0x0, 0xc, 0xf1,
    0x1f, 0xb0, 0x0, 0x0, 0xa, 0xf1, 0x0, 0x0,
    0xc, 0xf1, 0x1f, 0xb0, 0x0, 0x0, 0xa, 0xf1,
    0x0, 0x0, 0xc, 0xf1, 0x1f, 0xb0, 0x0, 0x0,
    0xa, 0xf1, 0x0, 0x0, 0xc, 0xf1, 0x1f, 0xb0,
    0x0, 0x0, 0xa, 0xf1, 0x0, 0x0, 0xc, 0xf1,
    0x1f, 0xd8, 0x88, 0x88, 0x8d, 0xf9, 0x88, 0x88,
    0x8e, 0xf1, 0x1f, 0xff, 0xff, 0xff, 0xff, 0xff,
    0xff, 0xff, 0xff, 0xf1, 0x1f, 0xb0, 0x0, 0x0,
    0xa, 0xf1, 0x0, 0x0, 0xc, 0xf1, 0x1f, 0xb0,
    0x0, 0x0, 0xa, 0xf1, 0x0, 0x0, 0xc, 0xf1,
    0x1f, 0xb0, 0x0, 0x0, 0xa, 0xf1, 0x0, 0x0,
    0xc, 0xf1, 0x1f, 0xb0, 0x0, 0x0, 0xa, 0xf1,
    0x0, 0x0, 0xc, 0xf1, 0x1f, 0xb0, 0x0, 0x0,
    0xa, 0xf1, 0x0, 0x0, 0xc, 0xf1, 0x1f, 0xff,
    0xff, 0xff, 0xff, 0xff, 0xff, 0xff, 0xff, 0xf1,
    0x1f, 0xd8, 0x88, 0x88, 0x88, 0x88, 0x88, 0x88,
    0x8d, 0xf2, 0x2f, 0xb0, 0x0, 0x0, 0x0, 0x0,
    0x0, 0x0, 0xb, 0xf2, 0x1, 0x10, 0x0, 0x0,
    0x0, 0x0, 0x0, 0x0, 0x0, 0x0,

    /* U+767D "白" */
    0x0, 0x0, 0x0, 0x26, 0x0, 0x0, 0x0, 0x0,
    0x0, 0x0, 0x0, 0x0, 0x7, 0xfc, 0x0, 0x0,
    0x0, 0x0, 0x0, 0x0, 0x0, 0x0, 0xcf, 0x40,
    0x0, 0x0, 0x0, 0x0, 0x0, 0x0, 0x0, 0x2f,
    0xb0, 0x0, 0x0, 0x0, 0x0, 0x0, 0x2a, 0xaa,
    0xac, 0xfc, 0xaa, 0xaa, 0xaa, 0xaa, 0xaa, 0x2,
    0xff, 0xff, 0xff, 0xff, 0xff, 0xff, 0xff, 0xff,
    0xf0, 0x2f, 0xc0, 0x0, 0x0, 0x0, 0x0, 0x0,
    0x0, 0xff, 0x2, 0xfc, 0x0, 0x0, 0x0, 0x0,
    0x0, 0x0, 0xf, 0xf0, 0x2f, 0xc0, 0x0, 0x0,
    0x0, 0x0, 0x0, 0x0, 0xff, 0x2, 0xfc, 0x0,
    0x0, 0x0, 0x0, 0x0, 0x0, 0xf, 0xf0, 0x2f,
    0xc0, 0x0, 0x0, 0x0, 0x0, 0x0, 0x0, 0xff,
    0x2, 0xff, 0xff, 0xff, 0xff, 0xff, 0xff, 0xff,
    0xff, 0xf0, 0x2f, 0xea, 0xaa, 0xaa, 0xaa, 0xaa,
    0xaa, 0xaa, 0xff, 0x2, 0xfc, 0x0, 0x0, 0x0,
    0x0, 0x0, 0x0, 0xf, 0xf0, 0x2f, 0xc0, 0x0,
    0x0, 0x0, 0x0, 0x0, 0x0, 0xff, 0x2, 0xfc,
    0x0, 0x0, 0x0, 0x0, 0x0, 0x0, 0xf, 0xf0,
    0x2f, 0xc0, 0x0, 0x0, 0x0, 0x0, 0x0, 0x0,
    0xff, 0x2, 0xfc, 0x0, 0x0, 0x0, 0x0, 0x0,
    0x0, 0xf, 0xf0, 0x2f, 0xff, 0xff, 0xff, 0xff,
    0xff, 0xff, 0xff, 0xff, 0x2, 0xfe, 0xaa, 0xaa,
    0xaa, 0xaa, 0xaa, 0xaa, 0xaf, 0xf0, 0x2f, 0xc0,
    0x0, 0x0, 0x0, 0x0, 0x0, 0x0, 0xff, 0x3,
    0xfc, 0x0, 0x0, 0x0, 0x0, 0x0, 0x0, 0xf,
    0xf0, 0x3, 0x20, 0x0, 0x0, 0x0, 0x0, 0x0,
    0x0, 0x0, 0x0,

    /* U+7684 "的" */
    0x0, 0x2, 0x20, 0x0, 0x0, 0x0, 0x32, 0x0,
    0x0, 0x0, 0x0, 0x7, 0xfa, 0x0, 0x0, 0x0,
    0xaf, 0x80, 0x0, 0x0, 0x0, 0xa, 0xf5, 0x0,
    0x0, 0x0, 0xef, 0x20, 0x0, 0x0, 0x0, 0xc,
    0xf0, 0x0, 0x0, 0x2, 0xfb, 0x0, 0x0, 0x0,
    0x0, 0xf, 0xb0, 0x0, 0x0, 0x8, 0xf9, 0x55,
    0x55, 0x54, 0xbf, 0xff, 0xff, 0xff, 0xb0, 0xd,
    0xff, 0xff, 0xff, 0xfd, 0xbf, 0xaa, 0xaa, 0xaf,
    0xb0, 0x4f, 0xb5, 0x55, 0x55, 0xed, 0xbf, 0x10,
    0x0, 0x1f, 0xb0, 0xcf, 0x20, 0x0, 0x0, 0xec,
    0xbf, 0x10, 0x0, 0x1f, 0xb4, 0xfb, 0x0, 0x0,
    0x0, 0xec, 0xbf, 0x10, 0x0, 0x1f, 0xbc, 0xf3,
    0x0, 0x0, 0x0, 0xfc, 0xbf, 0x10, 0x0, 0x1f,
    0xb0, 0x61, 0x96, 0x0, 0x0, 0xfb, 0xbf, 0x98,
    0x88, 0x9f, 0xb0, 0x3, 0xfe, 0x0, 0x0, 0xfb,
    0xbf, 0xff, 0xff, 0xff, 0xb0, 0x0, 0xaf, 0x60,
    0x0, 0xfa, 0xbf, 0x10, 0x0, 0x1f, 0xb0, 0x0,
    0x3f, 0xd0, 0x0, 0xfa, 0xbf, 0x10, 0x0, 0x1f,
    0xb0, 0x0, 0xc, 0xf4, 0x1, 0xf9, 0xbf, 0x10,
    0x0, 0x1f, 0xb0, 0x0, 0x6, 0xc3, 0x2, 0xf8,
    0xbf, 0x10, 0x0, 0x1f, 0xb0, 0x0, 0x0, 0x0,
    0x3, 0xf7, 0xbf, 0x10, 0x0, 0x1f, 0xb0, 0x0,
    0x0, 0x0, 0x4, 0xf6, 0xbf, 0xff, 0xff, 0xff,
    0xb0, 0x0, 0x0, 0x0, 0x6, 0xf5, 0xbf, 0xaa,
    0xaa, 0xaf, 0xb0, 0x0, 0x0, 0x0, 0x1c, 0xf4,
    0xcf, 0x10, 0x0, 0x1f, 0xc0, 0x0, 0x8, 0xde,
    0xff, 0xc0, 0x68, 0x0, 0x0, 0x5, 0x40, 0x0,
    0x2, 0xff, 0xc7, 0x0, 0x0, 0x0, 0x0, 0x0,
    0x0, 0x0, 0x0, 0x20, 0x0, 0x0,

    /* U+770B "看" */
    0x0, 0x0, 0x0, 0x0, 0x0, 0x0, 0x0, 0x0,
    0x1, 0x37, 0x40, 0x0, 0x1, 0x44, 0x44, 0x55,
    0x67, 0x89, 0xab, 0xdf, 0xff, 0xfe, 0x10, 0x0,
    0x1f, 0xff, 0xff, 0xff, 0xff, 0xed, 0xcb, 0xa9,
    0x87, 0x62, 0x0, 0x0, 0x56, 0x54, 0x32, 0x2f,
    0xf0, 0x0, 0x0, 0x0, 0x0, 0x0, 0x0, 0x0,
    0x11, 0x10, 0x1, 0xfd, 0x0, 0x0, 0x0, 0x11,
    0x0, 0x0, 0x0, 0xf, 0xff, 0xff, 0xff, 0xff,
    0xff, 0xff, 0xff, 0xf7, 0x0, 0x0, 0x0, 0x66,
    0x65, 0x5c, 0xf7, 0x55, 0x55, 0x55, 0x66, 0x30,
    0x0, 0x0, 0x0, 0x0, 0x0, 0xfd, 0x0, 0x0,
    0x0, 0x0, 0x1, 0x12, 0xb, 0xff, 0xff, 0xff,
    0xff, 0xff, 0xff, 0xff, 0xff, 0xff, 0xff, 0xf0,
    0x57, 0x76, 0x66, 0x8f, 0xf6, 0x66, 0x66, 0x66,
    0x66, 0x66, 0x77, 0x0, 0x0, 0x0, 0xc, 0xf6,
    0x0, 0x0, 0x0, 0x0, 0x0, 0x0, 0x0, 0x0,
    0x0, 0xa, 0xff, 0xff, 0xff, 0xff, 0xff, 0xff,
    0xf3, 0x0, 0x0, 0x0, 0xa, 0xff, 0xb7, 0x77,
    0x77, 0x77, 0x77, 0xcf, 0x20, 0x0, 0x0, 0x2c,
    0xfe, 0xf7, 0x11, 0x11, 0x11, 0x11, 0x1a, 0xf2,
    0x0, 0x0, 0x6f, 0xfa, 0x5f, 0xff, 0xff, 0xff,
    0xff, 0xff, 0xff, 0x20, 0x0, 0xcf, 0xf8, 0x5,
    0xf9, 0x55, 0x55, 0x55, 0x55, 0x5b, 0xf2, 0x0,
    0x3, 0xd4, 0x0, 0x5f, 0x83, 0x33, 0x33, 0x33,
    0x33, 0xbf, 0x20, 0x0, 0x0, 0x0, 0x5, 0xff,
    0xff, 0xff, 0xff, 0xff, 0xff, 0xf2, 0x0, 0x0,
    0x0, 0x0, 0x5f, 0x82, 0x22, 0x22, 0x22, 0x22,
    0xaf, 0x20, 0x0, 0x0, 0x0, 0x5, 0xfb, 0x77,
    0x77, 0x77, 0x77, 0x7c, 0xf2, 0x0, 0x0, 0x0,
    0x0, 0x6f, 0xff, 0xff, 0xff, 0xff, 0xff, 0xff,
    0x30, 0x0, 0x0, 0x0, 0x6, 0xf7, 0x0, 0x0,
    0x0, 0x0, 0xa, 0xf3, 0x0,

    /* U+771F "真" */
    0x0, 0x0, 0x0, 0x0, 0x1, 0x22, 0x0, 0x0,
    0x0, 0x0, 0x0, 0x0, 0x0, 0x0, 0x0, 0x5,
    0xfb, 0x0, 0x0, 0x0, 0x0, 0x0, 0x6, 0x55,
    0x55, 0x55, 0x59, 0xfa, 0x55, 0x55, 0x55, 0x66,
    0x0, 0xf, 0xff, 0xff, 0xff, 0xff, 0xff, 0xff,
    0xff, 0xff, 0xff, 0x10, 0x0, 0x0, 0x0, 0x0,
    0xb, 0xf2, 0x0, 0x0, 0x0, 0x0, 0x0, 0x0,
    0x0, 0x67, 0x77, 0x7d, 0xf7, 0x77, 0x77, 0x73,
    0x0, 0x0, 0x0, 0x0, 0xdf, 0xff, 0xff, 0xff,
    0xff, 0xff, 0xf8, 0x0, 0x0, 0x0, 0x0, 0xdf,
    0x10, 0x0, 0x0, 0x0, 0x6, 0xf7, 0x0, 0x0,
    0x0, 0x0, 0xcf, 0xee, 0xee, 0xee, 0xee, 0xee,
    0xf7, 0x0, 0x0, 0x0, 0x0, 0xcf, 0x87, 0x77,
    0x77, 0x77, 0x7a, 0xf7, 0x0, 0x0, 0x0, 0x0,
    0xcf, 0x77, 0x77, 0x77, 0x77, 0x7a, 0xf7, 0x0,
    0x0, 0x0, 0x0, 0xcf, 0xff, 0xff, 0xff, 0xff,
    0xff, 0xf7, 0x0, 0x0, 0x0, 0x0, 0xcf, 0x10,
    0x0, 0x0, 0x0, 0x6, 0xf7, 0x0, 0x0, 0x0,
    0x0, 0xcf, 0x77, 0x77, 0x77, 0x77, 0x7a, 0xf7,
    0x0, 0x0, 0x0, 0x0, 0xcf, 0xff, 0xff, 0xff,
    0xff, 0xff, 0xf7, 0x0, 0x0, 0x11, 0x0, 0xcf,
    0x10, 0x0, 0x0, 0x0, 0x6, 0xf8, 0x0, 0x1,
    0xdf, 0xff, 0xff, 0xff, 0xff, 0xff, 0xff, 0xff,
    0xff, 0xff, 0xfc, 0x89, 0x99, 0x99, 0x99, 0x99,
    0x99, 0x99, 0x99, 0x99, 0x99, 0x98, 0x0, 0x0,
    0x0, 0x5c, 0x30, 0x0, 0x7, 0xc8, 0x20, 0x0,
    0x0, 0x0, 0x0, 0x6d, 0xff, 0x80, 0x0, 0x8,
    0xef, 0xfc, 0x50, 0x0, 0x4, 0x9f, 0xfe, 0x81,
    0x0, 0x0, 0x0, 0x4, 0xcf, 0xfe, 0x30, 0x7,
    0xfb, 0x50, 0x0, 0x0, 0x0, 0x0, 0x0, 0x3,
    0xca, 0x0, 0x0, 0x0, 0x0, 0x0, 0x0, 0x0,
    0x0, 0x0, 0x0, 0x0, 0x0,

    /* U+7761 "睡" */
    0x0, 0x0, 0x0, 0x0, 0x0, 0x0, 0x1, 0x24,
    0x58, 0xaa, 0x0, 0x57, 0x77, 0x77, 0x40, 0xde,
    0xff, 0xff, 0xff, 0xff, 0xfd, 0x30, 0xbf, 0xff,
    0xff, 0xa0, 0x69, 0x87, 0x7c, 0xf4, 0x10, 0x0,
    0x0, 0xaf, 0x20, 0x1f, 0xa0, 0x0, 0x0, 0x9,
    0xf1, 0x0, 0x0, 0x0, 0xaf, 0x20, 0x1f, 0x92,
    0x22, 0x22, 0x2a, 0xf3, 0x22, 0x22, 0x30, 0xaf,
    0x20, 0x1f, 0x99, 0xff, 0xff, 0xff, 0xff, 0xff,
    0xff, 0xf3, 0xaf, 0x98, 0x9f, 0x94, 0x6c, 0xf6,
    0x5b, 0xf6, 0x5c, 0xf6, 0x61, 0xaf, 0xff, 0xff,
    0x90, 0xa, 0xf1, 0x9, 0xf1, 0xa, 0xf0, 0x0,
    0xaf, 0x20, 0x1f, 0x90, 0xa, 0xf1, 0x9, 0xf1,
    0xa, 0xf0, 0x0, 0xaf, 0x20, 0x1f, 0x93, 0x2a,
    0xf3, 0x2a, 0xf3, 0x2b, 0xf3, 0x31, 0xaf, 0x20,
    0x1f, 0x9f, 0xff, 0xff, 0xff, 0xff, 0xff, 0xff,
    0xf7, 0xaf, 0xff, 0xff, 0x94, 0x4b, 0xf4, 0x3b,
    0xf4, 0x3b, 0xf4, 0x42, 0xaf, 0x87, 0x8f, 0x90,
    0xa, 0xf1, 0x9, 0xf1, 0xa, 0xf0, 0x0, 0xaf,
    0x20, 0x1f, 0x90, 0xa, 0xf1, 0x9, 0xf1, 0xa,
    0xf0, 0x0, 0xaf, 0x20, 0x1f, 0x91, 0x1a, 0xf1,
    0xa, 0xf1, 0xa, 0xf1, 0x10, 0xaf, 0x20, 0x1f,
    0x9c, 0xff, 0xff, 0xff, 0xff, 0xff, 0xff, 0xf6,
    0xaf, 0xff, 0xff, 0x96, 0x87, 0x77, 0x7c, 0xf8,
    0x77, 0x77, 0x83, 0xaf, 0x76, 0x7f, 0xa0, 0x0,
    0x0, 0x9, 0xf1, 0x0, 0x0, 0x0, 0xaf, 0x20,
    0x1f, 0xa0, 0x0, 0x0, 0x9, 0xf1, 0x0, 0x0,
    0x0, 0xbf, 0x20, 0x3, 0x20, 0x78, 0x88, 0x8c,
    0xf8, 0x88, 0x88, 0x40, 0x0, 0x0, 0x0, 0x0,
    0xdf, 0xee, 0xee, 0xee, 0xee, 0xef, 0x80,

    /* U+77E5 "知" */
    0x0, 0x2, 0x20, 0x0, 0x0, 0x0, 0x0, 0x0,
    0x0, 0x0, 0x0, 0x0, 0x8, 0xf9, 0x0, 0x0,
    0x0, 0x0, 0x0, 0x0, 0x0, 0x0, 0x0, 0xc,
    0xf1, 0x0, 0x0, 0x0, 0x0, 0x0, 0x0, 0x0,
    0x0, 0x0, 0x1f, 0xb0, 0x0, 0x0, 0x0, 0x56,
    0x66, 0x66, 0x66, 0x61, 0x0, 0x6f, 0xc8, 0x88,
    0x99, 0x90, 0xdf, 0xff, 0xff, 0xff, 0xf2, 0x0,
    0xcf, 0xff, 0xff, 0xff, 0xf0, 0xdf, 0x21, 0x11,
    0x1d, 0xf1, 0x2, 0xfb, 0x0, 0xfd, 0x0, 0x0,
    0xcf, 0x10, 0x0, 0xc, 0xf1, 0xa, 0xf5, 0x0,
    0xfd, 0x0, 0x0, 0xcf, 0x10, 0x0, 0xc, 0xf1,
    0x1e, 0xd0, 0x0, 0xfc, 0x0, 0x0, 0xcf, 0x10,
    0x0, 0xc, 0xf1, 0x0, 0x10, 0x1, 0xfb, 0x0,
    0x0, 0xcf, 0x10, 0x0, 0xc, 0xf1, 0x1, 0x10,
    0x3, 0xfb, 0x1, 0x10, 0xcf, 0x10, 0x0, 0xc,
    0xf1, 0x7f, 0xff, 0xff, 0xff, 0xff, 0xf7, 0xcf,
    0x10, 0x0, 0xc, 0xf1, 0x49, 0x98, 0x8c, 0xfb,
    0x89, 0x94, 0xcf, 0x10, 0x0, 0xc, 0xf1, 0x0,
    0x0, 0xa, 0xf3, 0x0, 0x0, 0xcf, 0x10, 0x0,
    0xc, 0xf1, 0x0, 0x0, 0xe, 0xf3, 0x0, 0x0,
    0xcf, 0x10, 0x0, 0xc, 0xf1, 0x0, 0x0, 0x5f,
    0xff, 0x50, 0x0, 0xcf, 0x10, 0x0, 0xc, 0xf1,
    0x0, 0x0, 0xcf, 0x5d, 0xf7, 0x0, 0xcf, 0x98,
    0x88, 0x8e, 0xf1, 0x0, 0x5, 0xfb, 0x1, 0xdf,
    0x60, 0xcf, 0xff, 0xff, 0xff, 0xf1, 0x0, 0xe,
    0xf2, 0x0, 0x1e, 0xf2, 0xdf, 0x10, 0x0, 0xc,
    0xf1, 0x0, 0xbf, 0x70, 0x0, 0x5, 0x50, 0xdf,
    0x10, 0x0, 0xc, 0xf2, 0x9, 0xfb, 0x0, 0x0,
    0x0, 0x0, 0xbd, 0x10, 0x0, 0x5, 0x71, 0x7,
    0xd0, 0x0, 0x0, 0x0, 0x0, 0x0, 0x0, 0x0,
    0x0, 0x0, 0x0, 0x0, 0x0, 0x0, 0x0, 0x0,
    0x0, 0x0, 0x0, 0x0, 0x0,

    /* U+77ED "短" */
    0x0, 0x4, 0x0, 0x0, 0x0, 0x0, 0x0, 0x0,
    0x0, 0x0, 0x0, 0x0, 0x4, 0xfd, 0x0, 0x0,
    0x0, 0x10, 0x0, 0x0, 0x0, 0x0, 0x10, 0x0,
    0x7f, 0x90, 0x0, 0x0, 0x7f, 0xff, 0xff, 0xff,
    0xff, 0xff, 0x0, 0xb, 0xf3, 0x0, 0x0, 0x4,
    0x87, 0x66, 0x66, 0x66, 0x67, 0x70, 0x0, 0xff,
    0xaa, 0xaa, 0xa9, 0x0, 0x0, 0x0, 0x0, 0x0,
    0x0, 0x0, 0x5f, 0xed, 0xff, 0xee, 0xb0, 0x0,
    0x0, 0x0, 0x0, 0x0, 0x0, 0xb, 0xf3, 0x9,
    0xf2, 0x0, 0x6, 0xff, 0xff, 0xff, 0xff, 0xf4,
    0x1, 0xec, 0x0, 0xaf, 0x20, 0x0, 0x6f, 0xa7,
    0x77, 0x77, 0xbf, 0x40, 0x0, 0x10, 0xa, 0xf2,
    0x0, 0x5, 0xf5, 0x0, 0x0, 0x7, 0xf3, 0x0,
    0x0, 0x0, 0xaf, 0x10, 0x0, 0x5f, 0x50, 0x0,
    0x0, 0x7f, 0x30, 0x5, 0x54, 0x4c, 0xf5, 0x55,
    0x5, 0xf5, 0x0, 0x0, 0x7, 0xf3, 0x0, 0xdf,
    0xff, 0xff, 0xff, 0xf1, 0x6f, 0x60, 0x0, 0x0,
    0x7f, 0x40, 0x4, 0x44, 0x3f, 0xf3, 0x45, 0x6,
    0xff, 0xff, 0xff, 0xff, 0xf4, 0x0, 0x0, 0x2,
    0xfc, 0x0, 0x0, 0x37, 0x77, 0x77, 0x77, 0x77,
    0x20, 0x0, 0x0, 0x5f, 0xc0, 0x0, 0x0, 0x56,
    0x0, 0x0, 0x4c, 0x40, 0x0, 0x0, 0xb, 0xff,
    0xc2, 0x0, 0x2f, 0xe0, 0x0, 0x9, 0xfb, 0x0,
    0x0, 0x1, 0xfe, 0x7f, 0xf4, 0x0, 0xcf, 0x50,
    0x0, 0xef, 0x30, 0x0, 0x0, 0x8f, 0x70, 0x7f,
    0xf6, 0x6, 0xfb, 0x0, 0x4f, 0xb0, 0x0, 0x0,
    0x2f, 0xf1, 0x0, 0x9e, 0x20, 0xf, 0xe0, 0xb,
    0xf4, 0x0, 0x0, 0xd, 0xf6, 0x0, 0x0, 0x10,
    0x0, 0x30, 0x2, 0xfc, 0x0, 0x0, 0xb, 0xfb,
    0x0, 0x0, 0x1, 0xaa, 0x99, 0x99, 0xcf, 0xc9,
    0x9a, 0x90, 0x7e, 0x10, 0x0, 0x0, 0x1f, 0xfe,
    0xee, 0xee, 0xee, 0xee, 0xfe, 0x0, 0x10, 0x0,
    0x0, 0x0, 0x0, 0x0, 0x0, 0x0, 0x0, 0x0,
    0x0,

    /* U+793A "示" */
    0x0, 0x0, 0x0, 0x0, 0x0, 0x0, 0x0, 0x0,
    0x0, 0x0, 0x0, 0x0, 0x4, 0xff, 0xff, 0xff,
    0xff, 0xff, 0xff, 0xff, 0xd0, 0x0, 0x0, 0x3,
    0xba, 0xaa, 0xaa, 0xaa, 0xaa, 0xaa, 0xaa, 0x90,
    0x0, 0x0, 0x0, 0x0, 0x0, 0x0, 0x0, 0x0,
    0x0, 0x0, 0x0, 0x0, 0x0, 0x0, 0x0, 0x0,
    0x0, 0x0, 0x0, 0x0, 0x0, 0x0, 0x0, 0x0,
    0x0, 0x0, 0x0, 0x0, 0x0, 0x0, 0x0, 0x0,
    0x0, 0x0, 0x0, 0x0, 0x0, 0x0, 0x0, 0x0,
    0x0, 0x0, 0x0, 0x0, 0x0, 0x19, 0x99, 0x88,
    0x88, 0x88, 0x88, 0x88, 0x88, 0x88, 0x89, 0x94,
    0x2f, 0xff, 0xff, 0xff, 0xff, 0xff, 0xff, 0xff,
    0xff, 0xff, 0xf6, 0x1, 0x10, 0x0, 0x0, 0x0,
    0x7f, 0x50, 0x0, 0x0, 0x1, 0x21, 0x0, 0x0,
    0x0, 0x0, 0x0, 0x7f, 0x50, 0x0, 0x0, 0x0,
    0x0, 0x0, 0x0, 0x7, 0x70, 0x0, 0x7f, 0x50,
    0x3, 0x40, 0x0, 0x0, 0x0, 0x0, 0x1f, 0xf4,
    0x0, 0x7f, 0x50, 0x1f, 0xe2, 0x0, 0x0, 0x0,
    0x0, 0x9f, 0xa0, 0x0, 0x7f, 0x50, 0x6, 0xfd,
    0x0, 0x0, 0x0, 0x3, 0xfe, 0x10, 0x0, 0x7f,
    0x50, 0x0, 0x9f, 0xa0, 0x0, 0x0, 0xd, 0xf6,
    0x0, 0x0, 0x7f, 0x50, 0x0, 0xc, 0xf7, 0x0,
    0x0, 0x9f, 0xb0, 0x0, 0x0, 0x7f, 0x50, 0x0,
    0x2, 0xff, 0x30, 0x6, 0xff, 0x20, 0x0, 0x0,
    0x7f, 0x50, 0x0, 0x0, 0x5f, 0xe0, 0x8, 0xf6,
    0x0, 0x0, 0x0, 0x8f, 0x50, 0x0, 0x0, 0x9,
    0x50, 0x0, 0x20, 0x0, 0x4, 0xbc, 0xff, 0x40,
    0x0, 0x0, 0x0, 0x0, 0x0, 0x0, 0x0, 0x0,
    0xef, 0xf8, 0x0, 0x0, 0x0, 0x0, 0x0, 0x0,
    0x0, 0x0, 0x0, 0x43, 0x0, 0x0, 0x0, 0x0,
    0x0, 0x0,

    /* U+79D2 "秒" */
    0x0, 0x0, 0x0, 0x0, 0x0, 0x0, 0x0, 0xc,
    0xf0, 0x0, 0x0, 0x0, 0x0, 0x0, 0x0, 0x28,
    0xe3, 0x0, 0x0, 0xd, 0xf0, 0x0, 0x0, 0x0,
    0x0, 0x36, 0x9d, 0xff, 0xfa, 0x0, 0x0, 0xc,
    0xe0, 0x0, 0x0, 0x0, 0x3, 0xff, 0xee, 0xf4,
    0x0, 0x0, 0x0, 0xc, 0xe0, 0x0, 0x0, 0x0,
    0x0, 0x43, 0x9, 0xf1, 0x0, 0x0, 0x30, 0xc,
    0xe0, 0x8, 0x0, 0x0, 0x0, 0x0, 0x9, 0xf1,
    0x0, 0x3, 0xfe, 0xc, 0xe0, 0x9f, 0x90, 0x0,
    0x0, 0x0, 0x9, 0xf1, 0x0, 0x5, 0xfa, 0xc,
    0xe0, 0x2e, 0xf5, 0x0, 0xa, 0xaa, 0xad, 0xfa,
    0xab, 0x8, 0xf6, 0xc, 0xe0, 0x4, 0xff, 0x20,
    0xe, 0xff, 0xff, 0xff, 0xff, 0xb, 0xf3, 0xc,
    0xe0, 0x0, 0x9f, 0xc0, 0x0, 0x0, 0x2f, 0xf1,
    0x0, 0xe, 0xf0, 0xc, 0xe0, 0x0, 0x1c, 0x40,
    0x0, 0x0, 0x7f, 0xf1, 0x0, 0x3f, 0xc0, 0xc,
    0xe0, 0x0, 0x0, 0x0, 0x0, 0x0, 0xdf, 0xf3,
    0xc8, 0x8f, 0x90, 0xc, 0xe0, 0x7, 0xc5, 0x0,
    0x0, 0x4, 0xff, 0xf2, 0xef, 0x23, 0x20, 0xc,
    0xf0, 0xd, 0xfa, 0x0, 0x0, 0xc, 0xfe, 0xf1,
    0x6f, 0xa0, 0x0, 0xd, 0xf0, 0x5f, 0xe0, 0x0,
    0x0, 0x7f, 0xbb, 0xf1, 0xd, 0x70, 0x0, 0x6,
    0x70, 0xdf, 0x50, 0x0, 0x4, 0xff, 0x3b, 0xf1,
    0x0, 0x0, 0x0, 0x0, 0x9, 0xfb, 0x0, 0x0,
    0x1f, 0xf9, 0xb, 0xf1, 0x0, 0x0, 0x0, 0x0,
    0x7f, 0xd1, 0x0, 0x0, 0x7, 0xd0, 0xb, 0xf1,
    0x0, 0x0, 0x0, 0x9, 0xfe, 0x20, 0x0, 0x0,
    0x0, 0x10, 0xb, 0xf1, 0x0, 0x0, 0x5, 0xdf,
    0xc2, 0x0, 0x0, 0x0, 0x0, 0x0, 0xb, 0xf1,
    0x4, 0x6a, 0xef, 0xf8, 0x0, 0x0, 0x0, 0x0,
    0x0, 0x0, 0xc, 0xf1, 0xe, 0xff, 0xf9, 0x20,
    0x0, 0x0, 0x0, 0x0, 0x0, 0x0, 0xd, 0xf2,
    0x6, 0xa5, 0x0, 0x0, 0x0, 0x0, 0x0, 0x0,

    /* U+7A7A "空" */
    0x0, 0x0, 0x0, 0x0, 0x0, 0x0, 0x0, 0x0,
    0x0, 0x0, 0x0, 0x0, 0x0, 0x0, 0x0, 0x0,
    0x5c, 0x80, 0x0, 0x0, 0x0, 0x0, 0x0, 0x0,
    0x0, 0x0, 0x0, 0x6, 0xfe, 0x0, 0x0, 0x0,
    0x0, 0x0, 0x0, 0x0, 0x0, 0x0, 0x0, 0xe,
    0xf5, 0x0, 0x0, 0x0, 0x0, 0x0, 0x9, 0xaa,
    0xaa, 0xaa, 0xaa, 0xdc, 0xaa, 0xaa, 0xaa, 0xaa,
    0x30, 0x0, 0xef, 0xff, 0xff, 0xff, 0xff, 0xff,
    0xff, 0xff, 0xff, 0xf5, 0x0, 0xe, 0xf2, 0x11,
    0x11, 0x11, 0x11, 0x11, 0x11, 0x11, 0xcf, 0x50,
    0x0, 0xef, 0x10, 0x7, 0x70, 0x0, 0x0, 0x21,
    0x0, 0xc, 0xf5, 0x0, 0xc, 0xe1, 0x7, 0xff,
    0x90, 0x0, 0xd, 0xf9, 0x20, 0x79, 0x30, 0x0,
    0x0, 0x9, 0xff, 0xa1, 0x0, 0x0, 0x8f, 0xff,
    0x91, 0x0, 0x0, 0x0, 0x3d, 0xff, 0x60, 0x0,
    0x0, 0x0, 0x2b, 0xff, 0xf7, 0x0, 0x2, 0xaf,
    0xfd, 0x20, 0x0, 0x0, 0x0, 0x0, 0x5, 0xef,
    0xf9, 0x0, 0xd, 0xf9, 0x0, 0x0, 0x0, 0x0,
    0x0, 0x0, 0x1, 0xbe, 0x10, 0x0, 0x34, 0x22,
    0x10, 0x0, 0x0, 0x0, 0x0, 0x11, 0x21, 0x10,
    0x0, 0x0, 0xe, 0xff, 0xff, 0xff, 0xff, 0xff,
    0xff, 0xff, 0x70, 0x0, 0x0, 0x0, 0xaa, 0x99,
    0x88, 0x9f, 0xf8, 0x88, 0x99, 0xa5, 0x0, 0x0,
    0x0, 0x0, 0x0, 0x0, 0x2, 0xfe, 0x0, 0x0,
    0x0, 0x0, 0x0, 0x0, 0x0, 0x0, 0x0, 0x0,
    0x2f, 0xe0, 0x0, 0x0, 0x0, 0x0, 0x0, 0x0,
    0x0, 0x0, 0x0, 0x2, 0xfe, 0x0, 0x0, 0x0,
    0x0, 0x0, 0x0, 0x0, 0x0, 0x0, 0x0, 0x2f,
    0xe0, 0x0, 0x0, 0x0, 0x0, 0x0, 0x0, 0x0,
    0x0, 0x0, 0x2, 0xfe, 0x0, 0x0, 0x0, 0x0,
    0x0, 0x9, 0xba, 0x99, 0x99, 0x99, 0xaf, 0xf9,
    0x99, 0x99, 0x99, 0x9a, 0xb0, 0xcf, 0xff, 0xff,
    0xff, 0xff, 0xff, 0xff, 0xff, 0xff, 0xff, 0xff,
    0x1, 0x10, 0x0, 0x0, 0x0, 0x0, 0x0, 0x0,
    0x0, 0x0, 0x1, 0x20,

    /* U+7A7F "穿" */
    0x0, 0x0, 0x0, 0x0, 0x1, 0x75, 0x0, 0x0,
    0x0, 0x0, 0x0, 0x0, 0x0, 0x0, 0x0, 0x6,
    0xfc, 0x0, 0x0, 0x0, 0x0, 0x0, 0x0, 0x0,
    0x0, 0x0, 0x1, 0xff, 0x20, 0x0, 0x0, 0x0,
    0x0, 0xd, 0xff, 0xff, 0xff, 0xff, 0xff, 0xff,
    0xff, 0xff, 0xff, 0xf2, 0xd, 0xf7, 0x77, 0x77,
    0x77, 0x77, 0x77, 0x77, 0x77, 0x7d, 0xf1, 0xd,
    0xf1, 0x0, 0x2b, 0xb0, 0x0, 0xb, 0xd7, 0x0,
    0xb, 0xf1, 0xc, 0xe1, 0x28, 0xff, 0xd4, 0x0,
    0x7, 0xef, 0xf9, 0x2b, 0xf2, 0x0, 0x6, 0xff,
    0xc4, 0x0, 0x0, 0x0, 0x7, 0xef, 0xa0, 0x0,
    0x0, 0x0, 0x93, 0x0, 0x0, 0x0, 0x0, 0x0,
    0x7, 0x10, 0x0, 0x0, 0xff, 0xff, 0xff, 0xff,
    0xff, 0xff, 0xff, 0xff, 0xfd, 0x0, 0x0, 0x99,
    0xbf, 0xd8, 0x88, 0x88, 0x89, 0xfe, 0x88, 0x98,
    0x0, 0x0, 0x0, 0xbf, 0x40, 0x0, 0x0, 0x0,
    0xfd, 0x0, 0x0, 0x0, 0x0, 0x5, 0xfa, 0x0,
    0x0, 0x0, 0x0, 0xfd, 0x0, 0x0, 0x0, 0x0,
    0x5f, 0xfa, 0x88, 0x88, 0x88, 0x89, 0xfe, 0x88,
    0x89, 0x93, 0x0, 0x2f, 0xff, 0xff, 0xff, 0xff,
    0xff, 0xff, 0xff, 0xff, 0xf5, 0x0, 0x3, 0x20,
    0x0, 0x1, 0xbf, 0xb1, 0xfd, 0x0, 0x0, 0x0,
    0x0, 0x0, 0x0, 0x0, 0x4d, 0xf9, 0x0, 0xfd,
    0x0, 0x0, 0x0, 0x0, 0x0, 0x0, 0x2b, 0xfe,
    0x50, 0x0, 0xfd, 0x0, 0x0, 0x0, 0x0, 0x0,
    0x5b, 0xff, 0xa1, 0x0, 0x0, 0xfd, 0x0, 0x0,
    0x0, 0x49, 0xcf, 0xff, 0x92, 0x0, 0x2, 0x25,
    0xfd, 0x0, 0x0, 0x0, 0x2f, 0xfc, 0x61, 0x0,
    0x0, 0xd, 0xff, 0xfb, 0x0, 0x0, 0x0, 0x3,
    0x10, 0x0, 0x0, 0x0, 0x7, 0xfe, 0xb3, 0x0,
    0x0, 0x0, 0x0, 0x0, 0x0, 0x0, 0x0, 0x0,
    0x10, 0x0, 0x0, 0x0, 0x0,

    /* U+7B80 "简" */
    0x0, 0x0, 0x7, 0x0, 0x0, 0x0, 0x0, 0x61,
    0x0, 0x0, 0x0, 0x0, 0x0, 0x7f, 0x90, 0x0,
    0x0, 0x4, 0xfc, 0x0, 0x0, 0x0, 0x0, 0x1,
    0xff, 0x77, 0x77, 0x81, 0xb, 0xf7, 0x44, 0x44,
    0x42, 0x0, 0xb, 0xff, 0xff, 0xff, 0xf3, 0x3f,
    0xff, 0xff, 0xff, 0xf6, 0x0, 0x9f, 0x90, 0xaf,
    0x20, 0x1, 0xdf, 0x42, 0xcf, 0x33, 0x31, 0x1b,
    0xfa, 0x0, 0x2f, 0xa0, 0xc, 0xf5, 0x0, 0x5f,
    0x70, 0x0, 0x1c, 0xa0, 0x3, 0x9, 0x90, 0x4f,
    0x80, 0x0, 0xd, 0x70, 0x0, 0x0, 0x0, 0xaf,
    0x30, 0x0, 0x2, 0x0, 0x0, 0x0, 0x0, 0x0,
    0x0, 0x0, 0x3f, 0xe2, 0x6f, 0xff, 0xff, 0xff,
    0xff, 0xff, 0x0, 0x0, 0x8d, 0x16, 0xe4, 0x37,
    0x66, 0x66, 0x66, 0x66, 0xcf, 0x0, 0x0, 0x9f,
    0x10, 0x10, 0x0, 0x0, 0x0, 0x0, 0x0, 0xae,
    0x0, 0x0, 0x8f, 0x10, 0x1f, 0xff, 0xff, 0xff,
    0xf1, 0x0, 0xae, 0x0, 0x0, 0x8f, 0x10, 0xf,
    0xb5, 0x55, 0x5b, 0xf0, 0x0, 0xae, 0x0, 0x0,
    0x8f, 0x10, 0xf, 0x90, 0x0, 0x9, 0xf0, 0x0,
    0xae, 0x0, 0x0, 0x8f, 0x10, 0xf, 0xff, 0xff,
    0xff, 0xf0, 0x0, 0xae, 0x0, 0x0, 0x8f, 0x10,
    0xf, 0xc7, 0x77, 0x7c, 0xf0, 0x0, 0xae, 0x0,
    0x0, 0x8f, 0x10, 0xf, 0x90, 0x0, 0x9, 0xf0,
    0x0, 0xae, 0x0, 0x0, 0x8f, 0x10, 0xf, 0xa2,
    0x22, 0x2a, 0xf0, 0x0, 0xae, 0x0, 0x0, 0x8f,
    0x10, 0x1f, 0xff, 0xff, 0xff, 0xf1, 0x0, 0xae,
    0x0, 0x0, 0x8f, 0x10, 0x4, 0x44, 0x44, 0x44,
    0x40, 0x0, 0xbe, 0x0, 0x0, 0x9f, 0x10, 0x0,
    0x0, 0x0, 0x0, 0x2, 0xbb, 0xfc, 0x0, 0x0,
    0x9f, 0x20, 0x0, 0x0, 0x0, 0x0, 0x0, 0xee,
    0xa2, 0x0, 0x0, 0x0, 0x0, 0x0, 0x0, 0x0,
    0x0, 0x0, 0x0, 0x0, 0x0,

    /* U+7D2B "紫" */
    0x0, 0x0, 0x0, 0x43, 0x0, 0x0, 0x43, 0x0,
    0x0, 0x0, 0x0, 0x0, 0x0, 0x0, 0xfd, 0x0,
    0x0, 0xfb, 0x0, 0x0, 0x30, 0x0, 0x0, 0x67,
    0x10, 0xec, 0x0, 0x0, 0xfb, 0x0, 0x2b, 0xf8,
    0x0, 0x0, 0xcf, 0x10, 0xee, 0xaa, 0xb0, 0xfb,
    0x4a, 0xff, 0xc7, 0x10, 0x0, 0xbf, 0x10, 0xef,
    0xde, 0xe0, 0xff, 0xfd, 0x82, 0x0, 0x0, 0x0,
    0xbf, 0x10, 0xec, 0x0, 0x0, 0xfd, 0x20, 0x0,
    0x2, 0x0, 0x0, 0xbf, 0x10, 0xec, 0x0, 0x0,
    0xfc, 0x0, 0x0, 0x9, 0xe4, 0x25, 0xdf, 0x88,
    0xff, 0xce, 0xd0, 0xef, 0x76, 0x66, 0x7f, 0xf2,
    0x3f, 0xff, 0xfd, 0xba, 0xa7, 0x40, 0x6f, 0xff,
    0xff, 0xff, 0x80, 0x7, 0x52, 0x0, 0x3, 0xed,
    0x20, 0x0, 0x30, 0x0, 0x0, 0x0, 0x0, 0x0,
    0x0, 0x5f, 0xe4, 0x0, 0x9, 0xfa, 0x0, 0x0,
    0x0, 0x0, 0x2, 0x7c, 0xfd, 0x55, 0x66, 0xdf,
    0xc6, 0x0, 0x0, 0x0, 0x0, 0x5, 0xff, 0xff,
    0xff, 0xff, 0xb3, 0x0, 0x20, 0x0, 0x0, 0x0,
    0x1, 0x74, 0x22, 0x7e, 0xc4, 0x0, 0x4, 0xfa,
    0x0, 0x0, 0x0, 0x0, 0x3, 0x9f, 0xe5, 0x0,
    0x0, 0x1, 0xcf, 0xa0, 0x0, 0x0, 0x5b, 0xef,
    0xff, 0xdd, 0xee, 0xff, 0xff, 0xff, 0xfa, 0x0,
    0x0, 0x2f, 0xfe, 0xcb, 0xa9, 0xdf, 0x64, 0x33,
    0x22, 0xef, 0x30, 0x0, 0x2, 0x2, 0x60, 0x0,
    0xbf, 0x10, 0x1b, 0x30, 0x22, 0x0, 0x0, 0x0,
    0x7f, 0xf5, 0x0, 0xbf, 0x10, 0x8f, 0xfa, 0x20,
    0x0, 0x1, 0x7e, 0xfd, 0x50, 0x23, 0xef, 0x10,
    0x4, 0xdf, 0xf9, 0x10, 0x6f, 0xfd, 0x60, 0x1,
    0xff, 0xfe, 0x0, 0x0, 0x5, 0xef, 0xf2, 0x1b,
    0x50, 0x0, 0x0, 0xbc, 0x82, 0x0, 0x0, 0x0,
    0x8, 0x70,

    /* U+7EA7 "级" */
    0x0, 0x0, 0x20, 0x0, 0x0, 0x0, 0x0, 0x0,
    0x0, 0x0, 0x0, 0x0, 0x0, 0xe, 0xb0, 0x0,
    0x0, 0x0, 0x0, 0x0, 0x0, 0x0, 0x0, 0x0,
    0x4, 0xfb, 0x0, 0x6f, 0xff, 0xff, 0xff, 0xff,
    0xf0, 0x0, 0x0, 0x0, 0xbf, 0x20, 0x4, 0x98,
    0xfd, 0x88, 0x89, 0xfc, 0x0, 0x0, 0x0, 0x3f,
    0x90, 0x4, 0x0, 0xf, 0x90, 0x0, 0x4f, 0x80,
    0x0, 0x0, 0xb, 0xe1, 0x2, 0xfa, 0x0, 0xf9,
    0x0, 0x7, 0xf4, 0x0, 0x0, 0x6, 0xf6, 0x0,
    0x9f, 0x60, 0xf, 0x80, 0x0, 0xaf, 0x10, 0x0,
    0x5, 0xfc, 0x34, 0x5f, 0xc0, 0x0, 0xf8, 0x0,
    0xe, 0xd0, 0x0, 0x0, 0x8f, 0xff, 0xff, 0xf3,
    0x0, 0x1f, 0x80, 0x2, 0xf9, 0x0, 0x0, 0x2,
    0xb7, 0x58, 0xf8, 0x0, 0x1, 0xf8, 0x0, 0x6f,
    0xff, 0xfa, 0x0, 0x0, 0x0, 0xdd, 0x0, 0x0,
    0x3f, 0xd0, 0x4, 0x77, 0xaf, 0x60, 0x0, 0x0,
    0x9f, 0x20, 0x0, 0x4, 0xff, 0x50, 0x0, 0x9,
    0xf2, 0x0, 0x0, 0x7f, 0x70, 0x0, 0x0, 0x7f,
    0xfd, 0x0, 0x0, 0xde, 0x0, 0x0, 0x8f, 0xe7,
    0x9c, 0xe0, 0xa, 0xf7, 0xf7, 0x0, 0x2f, 0x90,
    0x0, 0x3f, 0xff, 0xff, 0xd9, 0x0, 0xfd, 0xd,
    0xf1, 0x9, 0xf3, 0x0, 0x0, 0xa8, 0x52, 0x0,
    0x0, 0x4f, 0x70, 0x4f, 0xa2, 0xfc, 0x0, 0x0,
    0x0, 0x0, 0x0, 0x37, 0xc, 0xf1, 0x0, 0xaf,
    0xdf, 0x40, 0x0, 0x0, 0x14, 0x8b, 0xff, 0xd5,
    0xf9, 0x0, 0x1, 0xef, 0xb0, 0x0, 0x0, 0x6f,
    0xff, 0xea, 0x64, 0xff, 0x10, 0x0, 0x6f, 0xfe,
    0x30, 0x0, 0x0, 0xc8, 0x30, 0x1, 0xdf, 0x50,
    0x0, 0x9f, 0xd6, 0xff, 0x60, 0x0, 0x0, 0x0,
    0x2, 0xef, 0x70, 0x6, 0xef, 0xa1, 0x3, 0xff,
    0xd4, 0x0, 0x0, 0x0, 0x7, 0x70, 0x2e, 0xfe,
    0x50, 0x0, 0x2, 0xcf, 0xb0, 0x0, 0x0, 0x0,
    0x0, 0x0, 0x56, 0x0, 0x0, 0x0, 0x0, 0x71,
    0x0,

    /* U+7EBF "线" */
    0x0, 0x0, 0x1, 0x0, 0x0, 0x0, 0x11, 0x0,
    0x0, 0x0, 0x0, 0x0, 0x0, 0x0, 0x2f, 0x91,
    0x0, 0x0, 0x4f, 0xf0, 0x1, 0x0, 0x0, 0x0,
    0x0, 0x0, 0x9f, 0x90, 0x0, 0x0, 0x2f, 0xd0,
    0x4f, 0x80, 0x0, 0x0, 0x0, 0x1, 0xfd, 0x0,
    0x0, 0x0, 0x1f, 0xc0, 0xc, 0xf6, 0x0, 0x0,
    0x0, 0x9, 0xf4, 0x1, 0x0, 0x0, 0x1f, 0xc0,
    0x2, 0xa2, 0x0, 0x0, 0x0, 0x2f, 0xa0, 0xa,
    0xc4, 0x0, 0x1f, 0xc0, 0x0, 0x37, 0xb4, 0x0,
    0x0, 0xce, 0x10, 0x2f, 0xf2, 0x0, 0x1f, 0xe9,
    0xcf, 0xff, 0xf6, 0x0, 0xb, 0xf7, 0x22, 0xaf,
    0x56, 0xad, 0xff, 0xfe, 0xb7, 0x52, 0x0, 0x0,
    0xe, 0xff, 0xff, 0xfb, 0x7, 0xfb, 0x8e, 0xe0,
    0x0, 0x0, 0x0, 0x0, 0x8, 0xa6, 0x4c, 0xf1,
    0x1, 0x0, 0xd, 0xf0, 0x0, 0x3, 0x7c, 0x50,
    0x0, 0x0, 0x3f, 0x70, 0x0, 0x0, 0xb, 0xf7,
    0xac, 0xff, 0xff, 0x70, 0x0, 0x0, 0xdc, 0x0,
    0x4, 0x9c, 0xef, 0xff, 0xeb, 0x96, 0x30, 0x0,
    0x0, 0xa, 0xf3, 0x0, 0x5, 0xfd, 0x99, 0xf7,
    0x0, 0x8, 0x10, 0x0, 0x2, 0xbf, 0xb5, 0x78,
    0x80, 0x0, 0x1, 0xf9, 0x0, 0x9f, 0xe2, 0x0,
    0x3, 0xff, 0xff, 0xff, 0xa0, 0x0, 0x0, 0xde,
    0x7, 0xff, 0x50, 0x0, 0x0, 0xa7, 0x53, 0x10,
    0x0, 0x0, 0x0, 0x9f, 0xbf, 0xe3, 0x0, 0x0,
    0x0, 0x0, 0x0, 0x0, 0x2, 0x0, 0x0, 0x3f,
    0xfe, 0x20, 0x0, 0x0, 0x0, 0x1, 0x36, 0x9c,
    0xf9, 0x0, 0x2, 0xdf, 0xf9, 0x0, 0x1, 0x0,
    0xb, 0xff, 0xff, 0xfc, 0x83, 0x0, 0x6f, 0xf9,
    0xef, 0x40, 0xe, 0xa1, 0x5, 0xfc, 0x83, 0x0,
    0x0, 0x5d, 0xfe, 0x50, 0x4f, 0xf6, 0x6f, 0xe0,
    0x0, 0x10, 0x0, 0x0, 0xd, 0xff, 0xb1, 0x0,
    0x5, 0xff, 0xff, 0x60, 0x0, 0x0, 0x0, 0x0,
    0x4, 0xd5, 0x0, 0x0, 0x0, 0x3d, 0xf9, 0x0,
    0x0, 0x0, 0x0, 0x0, 0x0, 0x0, 0x0, 0x0,
    0x0, 0x0, 0x10, 0x0,

    /* U+7ED2 "绒" */
    0x0, 0x0, 0x0, 0x0, 0x0, 0x0, 0x0, 0x2,
    0x74, 0x0, 0x0, 0x0, 0x0, 0x0, 0x58, 0x0,
    0x0, 0x0, 0x0, 0x3, 0xf9, 0x5c, 0x10, 0x0,
    0x0, 0x0, 0xbf, 0x60, 0x0, 0x0, 0x0, 0x3,
    0xf8, 0x4f, 0xd1, 0x0, 0x0, 0x2, 0xfb, 0x0,
    0x0, 0x0, 0x0, 0x2, 0xf7, 0x7, 0xd2, 0x0,
    0x0, 0xa, 0xf2, 0x0, 0x0, 0x0, 0x0, 0x2,
    0xf7, 0x0, 0x10, 0x0, 0x0, 0x3f, 0x80, 0xc,
    0x49, 0xee, 0xed, 0xde, 0xfe, 0xdd, 0xee, 0x60,
    0x0, 0xde, 0x0, 0x7f, 0x86, 0x99, 0x98, 0x89,
    0xfc, 0x88, 0x99, 0x40, 0xa, 0xf9, 0x56, 0xfd,
    0x0, 0x0, 0x0, 0x2, 0xf7, 0x0, 0x0, 0x0,
    0xe, 0xff, 0xff, 0xf4, 0x0, 0x1f, 0xd0, 0x2,
    0xf7, 0x0, 0x51, 0x0, 0x5, 0x63, 0x3f, 0xb0,
    0x0, 0x1f, 0xa0, 0x1, 0xf7, 0x0, 0xff, 0x30,
    0x0, 0x0, 0xbf, 0x20, 0x0, 0xf, 0xa0, 0x1,
    0xf8, 0x3, 0xfd, 0x0, 0x0, 0x5, 0xf7, 0x0,
    0x5, 0x5f, 0xc5, 0x40, 0xf9, 0x8, 0xf6, 0x0,
    0x0, 0x2f, 0xc0, 0x37, 0x3f, 0xff, 0xff, 0xb0,
    0xea, 0xe, 0xe0, 0x0, 0x4, 0xef, 0xdf, 0xff,
    0x1, 0x2f, 0xa1, 0x0, 0xcc, 0x5f, 0x80, 0x0,
    0x4, 0xff, 0xd9, 0x62, 0x0, 0x4f, 0x70, 0x0,
    0x9f, 0xcf, 0x10, 0x0, 0x0, 0x41, 0x0, 0x0,
    0x0, 0x8f, 0x40, 0x0, 0x6f, 0xf7, 0x0, 0x0,
    0x0, 0x0, 0x0, 0x6, 0x40, 0xef, 0x10, 0x0,
    0x6f, 0xe0, 0x0, 0x0, 0x0, 0x0, 0x39, 0xff,
    0x75, 0xfb, 0x0, 0x5, 0xff, 0xf2, 0x7, 0x40,
    0x5, 0x9e, 0xff, 0xb4, 0x1e, 0xf3, 0x0, 0x9f,
    0xf8, 0xfc, 0xc, 0xf2, 0xc, 0xfe, 0x71, 0x0,
    0xcf, 0xa0, 0x4d, 0xfe, 0x30, 0x9f, 0xef, 0xe0,
    0x3, 0x50, 0x0, 0x1, 0xcd, 0x0, 0x1c, 0xb1,
    0x0, 0xb, 0xff, 0x80, 0x0, 0x0, 0x0, 0x0,
    0x1, 0x0, 0x0, 0x0, 0x0, 0x0, 0x46, 0x0,

    /* U+7EDC "络" */
    0x0, 0x0, 0x0, 0x0, 0x0, 0x0, 0x2, 0x0,
    0x0, 0x0, 0x0, 0x0, 0x0, 0x0, 0x32, 0x0,
    0x0, 0x0, 0x5f, 0xd0, 0x0, 0x0, 0x0, 0x0,
    0x0, 0x0, 0x9f, 0x70, 0x0, 0x0, 0xaf, 0x70,
    0x0, 0x0, 0x0, 0x0, 0x0, 0x0, 0xef, 0x20,
    0x0, 0x0, 0xff, 0x98, 0x88, 0x88, 0x85, 0x0,
    0x0, 0x5, 0xf8, 0x0, 0x0, 0x7, 0xff, 0xff,
    0xff, 0xff, 0xf2, 0x0, 0x0, 0xc, 0xf1, 0x7,
    0x10, 0x1f, 0xfe, 0x0, 0x0, 0x6f, 0xa0, 0x0,
    0x0, 0x4f, 0x70, 0x1f, 0xf1, 0x9f, 0xdf, 0x70,
    0x1, 0xef, 0x10, 0x0, 0x1, 0xee, 0x0, 0x8f,
    0x85, 0xfc, 0xe, 0xf2, 0xb, 0xf6, 0x0, 0x0,
    0xc, 0xfb, 0x77, 0xfe, 0xa, 0xf2, 0x6, 0xfc,
    0x9f, 0xa0, 0x0, 0x0, 0xe, 0xff, 0xef, 0xf5,
    0x0, 0x20, 0x0, 0xbf, 0xfc, 0x0, 0x0, 0x0,
    0x4, 0x30, 0x1f, 0xc0, 0x0, 0x0, 0x4, 0xef,
    0xfd, 0x40, 0x0, 0x0, 0x0, 0x0, 0x9f, 0x30,
    0x0, 0x6, 0xdf, 0xe6, 0x8f, 0xfd, 0x83, 0x0,
    0x0, 0x3, 0xf9, 0x0, 0x1b, 0xff, 0xf9, 0x10,
    0x1, 0x9f, 0xff, 0xf2, 0x0, 0x1d, 0xe1, 0x14,
    0x3a, 0xfd, 0x87, 0x77, 0x77, 0x78, 0xdd, 0xc0,
    0x2, 0xdf, 0xef, 0xff, 0x81, 0xa, 0xff, 0xff,
    0xff, 0xff, 0xb0, 0x10, 0x0, 0xff, 0xfc, 0x97,
    0x30, 0x9, 0xf1, 0x0, 0x0, 0x1f, 0xa0, 0x0,
    0x0, 0x42, 0x0, 0x0, 0x0, 0x9, 0xf1, 0x0,
    0x0, 0x1f, 0x90, 0x0, 0x0, 0x0, 0x0, 0x4,
    0x80, 0x9, 0xf1, 0x0, 0x0, 0x1f, 0x90, 0x0,
    0x0, 0x4, 0x7b, 0xff, 0xf0, 0x9, 0xf1, 0x0,
    0x0, 0x1f, 0x90, 0x0, 0x4, 0xff, 0xfe, 0xa5,
    0x10, 0x9, 0xff, 0xff, 0xff, 0xff, 0x90, 0x0,
    0x0, 0xda, 0x50, 0x0, 0x0, 0xa, 0xf9, 0x88,
    0x88, 0x9f, 0xa0, 0x0, 0x0, 0x0, 0x0, 0x0,
    0x0, 0xa, 0xf1, 0x0, 0x0, 0x1f, 0xa0, 0x0,
    0x0, 0x0, 0x0, 0x0, 0x0, 0x2, 0x30, 0x0,
    0x0, 0x0, 0x0, 0x0,

    /* U+7EE7 "继" */
    0x0, 0x2, 0x82, 0x0, 0x0, 0x0, 0x0, 0x0,
    0xce, 0x0, 0x0, 0x0, 0x0, 0x6f, 0xe0, 0x0,
    0x0, 0x0, 0x20, 0xd, 0xf0, 0x4, 0x0, 0x0,
    0xa, 0xf5, 0x0, 0x8, 0xc2, 0xbf, 0x0, 0xdf,
    0x0, 0xfe, 0x0, 0x1, 0xfc, 0x0, 0x0, 0xbf,
    0x27, 0xf6, 0xd, 0xf0, 0x5f, 0xa0, 0x0, 0x7f,
    0x40, 0x10, 0xa, 0xf2, 0x1f, 0xb0, 0xdf, 0xb,
    0xf3, 0x0, 0x1e, 0xa0, 0x9, 0xd4, 0xaf, 0x20,
    0xce, 0xd, 0xf1, 0xed, 0x0, 0xb, 0xf1, 0x1,
    0xff, 0x3a, 0xf2, 0x3, 0x0, 0xdf, 0x0, 0x20,
    0x3, 0xff, 0xff, 0xff, 0x80, 0xaf, 0x21, 0x11,
    0xd, 0xf0, 0x1, 0x10, 0xd, 0xb9, 0x9f, 0xd0,
    0xa, 0xf2, 0xdf, 0xff, 0xff, 0xff, 0xff, 0x40,
    0x0, 0xc, 0xf3, 0x0, 0xaf, 0x28, 0x99, 0xcf,
    0xf8, 0x89, 0x92, 0x0, 0x7, 0xf7, 0x0, 0xa,
    0xf2, 0x0, 0xc, 0xff, 0x0, 0x0, 0x0, 0x4,
    0xfb, 0x0, 0x0, 0xaf, 0x20, 0x4, 0xff, 0xf6,
    0xb0, 0x0, 0x4, 0xfe, 0x11, 0x32, 0xa, 0xf2,
    0x0, 0xde, 0xdf, 0x8f, 0x80, 0x0, 0xbf, 0xff,
    0xff, 0x70, 0xaf, 0x20, 0x8f, 0x6d, 0xf0, 0xcf,
    0x40, 0x5, 0xfc, 0xa8, 0x72, 0xa, 0xf2, 0x4f,
    0xc0, 0xdf, 0x3, 0xfd, 0x0, 0x0, 0x0, 0x0,
    0x0, 0xaf, 0x5f, 0xf2, 0xd, 0xf0, 0x9, 0x60,
    0x0, 0x0, 0x0, 0x0, 0xa, 0xf2, 0x98, 0x0,
    0xdf, 0x0, 0x0, 0x0, 0x1, 0x25, 0x7a, 0xb0,
    0xaf, 0x20, 0x0, 0xe, 0xf0, 0x0, 0x0, 0x1f,
    0xff, 0xff, 0xf9, 0xa, 0xf2, 0x0, 0x0, 0x23,
    0x0, 0x0, 0x0, 0xdc, 0x96, 0x20, 0x0, 0xbf,
    0xa9, 0x99, 0x99, 0x99, 0x99, 0x98, 0x0, 0x0,
    0x0, 0x0, 0xa, 0xee, 0xee, 0xee, 0xee, 0xee,
    0xef, 0xd0,

    /* U+7EED "续" */
    0x0, 0x0, 0x0, 0x0, 0x0, 0x0, 0x0, 0x6,
    0x60, 0x0, 0x0, 0x0, 0x0, 0x0, 0x8d, 0x80,
    0x0, 0x0, 0x0, 0xe, 0xf0, 0x0, 0x0, 0x0,
    0x0, 0x0, 0xdf, 0x50, 0x0, 0x11, 0x0, 0xd,
    0xe0, 0x0, 0x11, 0x10, 0x0, 0x3, 0xfb, 0x0,
    0x0, 0xff, 0xff, 0xff, 0xff, 0xff, 0xff, 0xa0,
    0x0, 0xb, 0xf3, 0x0, 0x0, 0x66, 0x65, 0x5e,
    0xf5, 0x55, 0x66, 0x40, 0x0, 0x2f, 0xb0, 0xe,
    0xa1, 0x0, 0x0, 0xd, 0xe0, 0x0, 0x0, 0x0,
    0x0, 0xbf, 0x40, 0x5f, 0xa0, 0xdc, 0xcc, 0xcf,
    0xfc, 0xcc, 0xcc, 0x30, 0x6, 0xfc, 0x0, 0xcf,
    0x10, 0xaa, 0x99, 0x99, 0x99, 0x99, 0xff, 0x0,
    0xd, 0xff, 0xff, 0xf7, 0x0, 0x2, 0x80, 0x1,
    0x53, 0x2, 0xfb, 0x0, 0x6, 0xb8, 0x6e, 0xe0,
    0x0, 0xb, 0xfc, 0x24, 0xfb, 0x6, 0xf5, 0x0,
    0x0, 0x0, 0x6f, 0x60, 0x0, 0x0, 0x9f, 0xd4,
    0xf9, 0x0, 0x10, 0x0, 0x0, 0x1, 0xec, 0x0,
    0x0, 0xb7, 0x6, 0x14, 0xf7, 0x0, 0x0, 0x0,
    0x0, 0xb, 0xf3, 0x0, 0x0, 0xbf, 0xa0, 0x4,
    0xf7, 0x0, 0x0, 0x0, 0x1, 0xcf, 0xe8, 0xac,
    0x40, 0xa, 0xf5, 0x5, 0xf6, 0x0, 0x0, 0x0,
    0x0, 0xef, 0xff, 0xdb, 0x20, 0x0, 0x40, 0x6,
    0xf5, 0x0, 0x0, 0x0, 0x0, 0x55, 0x20, 0x0,
    0x2, 0xff, 0xff, 0xff, 0xff, 0xff, 0xff, 0xd0,
    0x0, 0x0, 0x0, 0x0, 0x1, 0x88, 0x77, 0x7f,
    0xf7, 0x77, 0x77, 0x60, 0x0, 0x0, 0x13, 0x68,
    0x60, 0x0, 0x0, 0x9f, 0x80, 0x30, 0x0, 0x0,
    0x6, 0xef, 0xff, 0xff, 0x90, 0x0, 0x9, 0xfd,
    0x8, 0xfa, 0x20, 0x0, 0x3, 0xfe, 0xa7, 0x31,
    0x1, 0x48, 0xef, 0xd2, 0x4, 0xcf, 0xf9, 0x10,
    0x0, 0x20, 0x0, 0x0, 0x4f, 0xff, 0xe7, 0x0,
    0x0, 0x6, 0xef, 0xd0, 0x0, 0x0, 0x0, 0x0,
    0x7, 0xd6, 0x0, 0x0, 0x0, 0x0, 0x19, 0x30,
    0x0, 0x0, 0x0, 0x0, 0x0, 0x0, 0x0, 0x0,
    0x0, 0x0, 0x0, 0x0,

    /* U+7F51 "网" */
    0x88, 0x88, 0x88, 0x88, 0x88, 0x88, 0x88, 0x88,
    0x88, 0x88, 0xef, 0xff, 0xff, 0xff, 0xff, 0xff,
    0xff, 0xff, 0xff, 0xfe, 0xdf, 0x10, 0x0, 0x0,
    0x0, 0x0, 0x0, 0x0, 0x1, 0xfd, 0xcf, 0x10,
    0x0, 0x0, 0x30, 0x0, 0x0, 0x2, 0x1, 0xfc,
    0xcf, 0x11, 0x30, 0x0, 0xfe, 0x20, 0x0, 0x2f,
    0x91, 0xfc, 0xcf, 0x3f, 0xe0, 0x3, 0xfc, 0x3,
    0x0, 0x6f, 0xa1, 0xfc, 0xcf, 0x17, 0xf7, 0x7,
    0xf5, 0xbf, 0x30, 0xaf, 0x31, 0xfc, 0xcf, 0x10,
    0xdf, 0x2c, 0xf0, 0x5f, 0xb0, 0xed, 0x1, 0xfc,
    0xcf, 0x10, 0x3f, 0xbf, 0xa0, 0xb, 0xf8, 0xf8,
    0x1, 0xfc, 0xcf, 0x10, 0xa, 0xff, 0x40, 0x2,
    0xff, 0xf2, 0x1, 0xfc, 0xcf, 0x10, 0x2, 0xff,
    0x0, 0x0, 0x9f, 0xc0, 0x1, 0xfc, 0xcf, 0x10,
    0x6, 0xff, 0x70, 0x0, 0x9f, 0xe0, 0x1, 0xfc,
    0xcf, 0x10, 0xe, 0xee, 0xf2, 0x2, 0xff, 0xf7,
    0x1, 0xfc, 0xcf, 0x10, 0x8f, 0x67, 0xfb, 0xc,
    0xf6, 0xff, 0x11, 0xfc, 0xcf, 0x12, 0xfd, 0x0,
    0xc3, 0x7f, 0xb0, 0x9f, 0x91, 0xfc, 0xcf, 0x1b,
    0xf4, 0x0, 0x5, 0xff, 0x10, 0x1f, 0xc1, 0xfc,
    0xcf, 0x6f, 0xb0, 0x0, 0x1e, 0xf5, 0x0, 0x1,
    0x1, 0xfc, 0xcf, 0x13, 0x10, 0x0, 0x0, 0x60,
    0x0, 0x0, 0x1, 0xfc, 0xdf, 0x10, 0x0, 0x0,
    0x0, 0x0, 0x0, 0x0, 0x5, 0xfc, 0xdf, 0x10,
    0x0, 0x0, 0x0, 0x0, 0x0, 0xc, 0xff, 0xfa,
    0xff, 0x10, 0x0, 0x0, 0x0, 0x0, 0x0, 0x4,
    0xeb, 0x81,

    /* U+7F6E "置" */
    0x0, 0x45, 0x55, 0x55, 0x55, 0x55, 0x55, 0x55,
    0x55, 0x53, 0x0, 0x0, 0xcf, 0xee, 0xee, 0xfe,
    0xee, 0xef, 0xee, 0xee, 0xfa, 0x0, 0x0, 0xbf,
    0x0, 0x6, 0xe0, 0x0, 0x5f, 0x20, 0x2, 0xfa,
    0x0, 0x0, 0xcf, 0x44, 0x48, 0xf4, 0x44, 0x8f,
    0x64, 0x46, 0xf9, 0x0, 0x0, 0xcf, 0xff, 0xff,
    0xff, 0xff, 0xff, 0xff, 0xff, 0xfa, 0x0, 0x0,
    0x0, 0x0, 0x0, 0x0, 0xcb, 0x10, 0x0, 0x0,
    0x0, 0x0, 0x6, 0x88, 0x77, 0x77, 0x77, 0xff,
    0x77, 0x77, 0x77, 0x88, 0x0, 0xc, 0xff, 0xff,
    0xff, 0xff, 0xff, 0xff, 0xff, 0xff, 0xff, 0x10,
    0x0, 0x0, 0x0, 0x0, 0x5, 0xf7, 0x0, 0x0,
    0x0, 0x0, 0x0, 0x0, 0x0, 0xcf, 0xff, 0xff,
    0xff, 0xff, 0xff, 0xf8, 0x0, 0x0, 0x0, 0x0,
    0xdd, 0x55, 0x55, 0x55, 0x55, 0x56, 0xf7, 0x0,
    0x0, 0x0, 0x0, 0xcc, 0x22, 0x22, 0x22, 0x22,
    0x22, 0xf7, 0x0, 0x0, 0x0, 0x0, 0xcf, 0xff,
    0xff, 0xff, 0xff, 0xff, 0xf7, 0x0, 0x0, 0x0,
    0x0, 0xcc, 0x11, 0x11, 0x11, 0x11, 0x12, 0xf7,
    0x0, 0x0, 0x0, 0x0, 0xce, 0xbb, 0xbb, 0xbb,
    0xbb, 0xbb, 0xf7, 0x0, 0x0, 0x0, 0x0, 0xce,
    0xbb, 0xbb, 0xbb, 0xbb, 0xbb, 0xf7, 0x0, 0x0,
    0x0, 0x0, 0xcd, 0x55, 0x55, 0x55, 0x55, 0x55,
    0xf7, 0x0, 0x0, 0x0, 0x0, 0xcf, 0xff, 0xff,
    0xff, 0xff, 0xff, 0xf7, 0x0, 0x0, 0x0, 0x0,
    0xcb, 0x0, 0x0, 0x0, 0x0, 0x0, 0xf7, 0x0,
    0x0, 0x8f, 0xff, 0xff, 0xff, 0xff, 0xff, 0xff,
    0xff, 0xff, 0xff, 0xf9, 0x25, 0x54, 0x44, 0x44,
    0x44, 0x44, 0x44, 0x44, 0x44, 0x44, 0x53,

    /* U+7FBD "羽" */
    0x0, 0x10, 0x0, 0x0, 0x0, 0x0, 0x1, 0x0,
    0x0, 0x0, 0x0, 0x0, 0xff, 0xff, 0xff, 0xff,
    0xd0, 0x2f, 0xff, 0xff, 0xff, 0xfd, 0x0, 0xaa,
    0x99, 0x99, 0x9f, 0xd0, 0x1a, 0xa9, 0x99, 0x99,
    0xfc, 0x0, 0x0, 0x0, 0x0, 0xf, 0xc0, 0x0,
    0x0, 0x0, 0x0, 0xfc, 0x0, 0x0, 0x0, 0x0,
    0xf, 0xc0, 0x0, 0x0, 0x0, 0x0, 0xfc, 0x0,
    0x1a, 0x10, 0x0, 0xf, 0xc0, 0x6, 0xa0, 0x0,
    0x0, 0xfc, 0x0, 0x9f, 0xd0, 0x0, 0xf, 0xc0,
    0xb, 0xfb, 0x0, 0x0, 0xfc, 0x0, 0xc, 0xfb,
    0x0, 0xf, 0xc0, 0x0, 0xcf, 0xc0, 0x0, 0xfc,
    0x0, 0x1, 0xef, 0x60, 0xf, 0xc0, 0x0, 0x1d,
    0xe3, 0x0, 0xfc, 0x0, 0x0, 0x49, 0x0, 0xf,
    0xc0, 0x0, 0x1, 0x20, 0x0, 0xfc, 0x0, 0x0,
    0x0, 0x0, 0xf, 0xc0, 0x0, 0x0, 0x0, 0x3,
    0xfc, 0x0, 0x0, 0x0, 0x2, 0xbf, 0xc0, 0x0,
    0x0, 0x4, 0xbf, 0xfc, 0x0, 0x0, 0x1, 0x9f,
    0xff, 0xc0, 0x0, 0x5, 0xcf, 0xfa, 0xfc, 0x0,
    0x2, 0x9f, 0xfc, 0x4f, 0xc0, 0x28, 0xef, 0xfa,
    0x20, 0xfc, 0x7, 0xcf, 0xfe, 0x50, 0xf, 0xc0,
    0xcf, 0xfc, 0x30, 0x0, 0xfc, 0x8, 0xff, 0x80,
    0x0, 0xf, 0xc0, 0x3e, 0x50, 0x0, 0x0, 0xfc,
    0x0, 0x92, 0x0, 0x0, 0xf, 0xc0, 0x0, 0x0,
    0x0, 0x0, 0xfc, 0x0, 0x0, 0x0, 0x0, 0xf,
    0xc0, 0x0, 0x0, 0x0, 0x0, 0xfc, 0x0, 0x0,
    0x0, 0x0, 0x2f, 0xc0, 0x0, 0x0, 0x0, 0x2,
    0xfb, 0x0, 0x0, 0x7, 0xdd, 0xff, 0xb0, 0x0,
    0x0, 0x7b, 0xbe, 0xf9, 0x0, 0x0, 0x4, 0xff,
    0xff, 0x40, 0x0, 0x0, 0x5f, 0xff, 0xe3, 0x0,
    0x0, 0x0, 0x75, 0x31, 0x0, 0x0, 0x0, 0x17,
    0x52, 0x0,

    /* U+8212 "舒" */
    0x0, 0x0, 0x0, 0x52, 0x0, 0x0, 0x0, 0x0,
    0x0, 0x0, 0x0, 0x0, 0x0, 0x0, 0xe, 0xf5,
    0x0, 0x1, 0x11, 0x11, 0x11, 0x11, 0x0, 0x0,
    0x0, 0x7, 0xff, 0xa1, 0x0, 0xbf, 0xff, 0xff,
    0xff, 0xf9, 0x0, 0x0, 0x3, 0xfd, 0x6e, 0xf7,
    0x5, 0x77, 0x77, 0x79, 0xfe, 0x10, 0x0, 0x2,
    0xef, 0x20, 0x1b, 0xfc, 0x20, 0x0, 0x0, 0xbf,
    0x30, 0x0, 0x3, 0xef, 0x40, 0x0, 0x8, 0xf8,
    0x2, 0x70, 0x7f, 0x60, 0x0, 0x6, 0xff, 0xb7,
    0x77, 0x77, 0x54, 0x0, 0xaf, 0xdf, 0x80, 0x0,
    0x0, 0x9f, 0x6a, 0xff, 0xff, 0xf9, 0x0, 0x0,
    0x7f, 0xf4, 0x0, 0x0, 0x0, 0x20, 0x11, 0xaf,
    0x21, 0x10, 0x0, 0x0, 0x4e, 0x60, 0x0, 0x0,
    0x0, 0x0, 0x9, 0xf1, 0x0, 0xb, 0xa8, 0x88,
    0x98, 0x88, 0x87, 0x0, 0xaa, 0xaa, 0xdf, 0xaa,
    0xb2, 0xff, 0xff, 0xff, 0xff, 0xff, 0xa0, 0xd,
    0xed, 0xdf, 0xfe, 0xee, 0x11, 0x0, 0xa, 0xf0,
    0x5, 0xf7, 0x0, 0x0, 0x0, 0x9f, 0x10, 0x0,
    0x0, 0x0, 0xaf, 0x0, 0x9f, 0x30, 0x0, 0x0,
    0x9, 0xf1, 0x0, 0x0, 0x0, 0xa, 0xf0, 0x7,
    0xa0, 0x0, 0x2f, 0xff, 0xff, 0xff, 0xf9, 0x0,
    0x0, 0xaf, 0x0, 0x0, 0x0, 0x1, 0xfd, 0x88,
    0x88, 0x9f, 0x90, 0x0, 0xa, 0xf0, 0x0, 0x0,
    0x0, 0x1f, 0xb0, 0x0, 0x1, 0xf9, 0x0, 0x0,
    0xaf, 0x0, 0x0, 0x0, 0x1, 0xfb, 0x0, 0x0,
    0x1f, 0x90, 0x0, 0xa, 0xf0, 0x0, 0x0, 0x0,
    0x1f, 0xd7, 0x77, 0x78, 0xf9, 0x0, 0x0, 0xaf,
    0x0, 0x0, 0x0, 0x1, 0xff, 0xff, 0xff, 0xff,
    0x90, 0x0, 0xa, 0xf0, 0x0, 0x0, 0x0, 0x1f,
    0xb0, 0x0, 0x2, 0xf9, 0x2, 0x87, 0xee, 0x0,
    0x0, 0x0, 0x2, 0xfb, 0x0, 0x0, 0x6, 0x30,
    0xd, 0xea, 0x20, 0x0, 0x0,

    /* U+82CF "苏" */
    0x0, 0x0, 0x0, 0x22, 0x0, 0x0, 0x0, 0x22,
    0x0, 0x0, 0x0, 0x0, 0x0, 0x1, 0xff, 0x0,
    0x0, 0x0, 0xef, 0x0, 0x0, 0x0, 0x0, 0x0,
    0x0, 0xfd, 0x0, 0x0, 0x0, 0xef, 0x0, 0x0,
    0x0, 0x6b, 0xaa, 0xaa, 0xff, 0xaa, 0xaa, 0xaa,
    0xff, 0xaa, 0xaa, 0xa7, 0x9f, 0xff, 0xff, 0xff,
    0xff, 0xff, 0xff, 0xff, 0xff, 0xff, 0xfb, 0x0,
    0x0, 0x0, 0xfd, 0x0, 0x0, 0x0, 0xef, 0x0,
    0x0, 0x0, 0x0, 0x0, 0x1, 0xfd, 0x5, 0x51,
    0x0, 0xef, 0x0, 0x0, 0x0, 0x0, 0x0, 0x1,
    0xa9, 0xc, 0xf5, 0x0, 0x89, 0x0, 0x0, 0x0,
    0x0, 0x0, 0x0, 0x0, 0xc, 0xf2, 0x0, 0x0,
    0x0, 0x0, 0x0, 0x3, 0x99, 0x88, 0x88, 0x8e,
    0xf9, 0x88, 0x88, 0x82, 0x0, 0x0, 0x5, 0xff,
    0xff, 0xff, 0xff, 0xff, 0xff, 0xff, 0xf3, 0x0,
    0x0, 0x0, 0x11, 0x0, 0x0, 0xf, 0xd0, 0x0,
    0xb, 0xf2, 0x0, 0x0, 0x0, 0x0, 0x40, 0x0,
    0x2f, 0xa0, 0x0, 0xc, 0xf1, 0x51, 0x0, 0x0,
    0x4, 0xfe, 0x10, 0x6f, 0x60, 0x0, 0xd, 0xf6,
    0xfc, 0x0, 0x0, 0x1e, 0xf6, 0x0, 0xcf, 0x20,
    0x0, 0xe, 0xf0, 0xcf, 0x90, 0x0, 0xbf, 0x90,
    0x3, 0xfd, 0x0, 0x0, 0xf, 0xe0, 0x1e, 0xf5,
    0x9, 0xfb, 0x0, 0xc, 0xf6, 0x0, 0x0, 0x1f,
    0xd0, 0x3, 0xf7, 0x1c, 0xd1, 0x0, 0x8f, 0xc0,
    0x0, 0x0, 0x2f, 0xc0, 0x0, 0x20, 0x0, 0x10,
    0x7, 0xff, 0x20, 0x0, 0x0, 0x3f, 0xb0, 0x0,
    0x0, 0x0, 0x0, 0xaf, 0xf4, 0x0, 0x0, 0x0,
    0x8f, 0xa0, 0x0, 0x0, 0x0, 0x6e, 0xfe, 0x30,
    0x0, 0x5, 0xee, 0xff, 0x60, 0x0, 0x0, 0x0,
    0x5e, 0xb1, 0x0, 0x0, 0x0, 0xdf, 0xc6, 0x0,
    0x0, 0x0, 0x0, 0x1, 0x0, 0x0, 0x0, 0x0,
    0x10, 0x0, 0x0, 0x0, 0x0,

    /* U+836F "药" */
    0x0, 0x0, 0x0, 0x5, 0x40, 0x0, 0x3, 0x61,
    0x0, 0x0, 0x0, 0x0, 0x0, 0x0, 0xf, 0xe0,
    0x0, 0x8, 0xf4, 0x0, 0x0, 0x0, 0x0, 0x0,
    0x0, 0xf, 0xd0, 0x0, 0x7, 0xf3, 0x0, 0x0,
    0x0, 0xef, 0xff, 0xff, 0xff, 0xff, 0xff, 0xff,
    0xff, 0xff, 0xff, 0xff, 0x9a, 0xaa, 0xaa, 0xaf,
    0xfa, 0xaa, 0xac, 0xfb, 0xaa, 0xaa, 0xaa, 0x0,
    0x0, 0x0, 0xf, 0xd0, 0x0, 0x7, 0xf4, 0x0,
    0x0, 0x0, 0x0, 0x0, 0x7, 0xb, 0x90, 0x0,
    0x7, 0x61, 0x0, 0x0, 0x0, 0x0, 0x0, 0x7f,
    0xb0, 0x0, 0x0, 0xf, 0xf4, 0x0, 0x0, 0x0,
    0x0, 0x0, 0xee, 0x10, 0x0, 0x0, 0x7f, 0xa0,
    0x0, 0x0, 0x0, 0x0, 0x9, 0xf4, 0x4, 0xd6,
    0x0, 0xef, 0xff, 0xff, 0xff, 0xd0, 0x0, 0x4f,
    0xa0, 0xc, 0xf5, 0x7, 0xfd, 0xaa, 0xaa, 0xaf,
    0xc0, 0x6, 0xff, 0x54, 0x7f, 0x70, 0x2f, 0xf2,
    0x0, 0x0, 0xe, 0xc0, 0x9, 0xff, 0xff, 0xfc,
    0x1, 0xdf, 0x80, 0x0, 0x0, 0xf, 0xb0, 0x2,
    0x62, 0xa, 0xf2, 0x3, 0xdd, 0x0, 0x20, 0x0,
    0xf, 0xa0, 0x0, 0x0, 0x7f, 0x50, 0x0, 0x12,
    0x1e, 0xe0, 0x0, 0xf, 0xa0, 0x0, 0x8, 0xfb,
    0x46, 0x88, 0x0, 0x9, 0xf9, 0x0, 0xf, 0xa0,
    0x0, 0xdf, 0xff, 0xff, 0xe7, 0x0, 0x0, 0xef,
    0x20, 0x1f, 0x90, 0x0, 0x6c, 0x85, 0x20, 0x0,
    0x0, 0x0, 0x7b, 0x20, 0x2f, 0x90, 0x0, 0x0,
    0x0, 0x0, 0x25, 0x20, 0x0, 0x0, 0x0, 0x2f,
    0x80, 0x0, 0x13, 0x58, 0xbe, 0xff, 0x40, 0x0,
    0x0, 0x0, 0x6f, 0x80, 0x7, 0xff, 0xff, 0xeb,
    0x85, 0x0, 0x0, 0x6, 0xab, 0xff, 0x40, 0x0,
    0xeb, 0x62, 0x0, 0x0, 0x0, 0x0, 0x2, 0xff,
    0xd6, 0x0, 0x0, 0x0, 0x0, 0x0, 0x0, 0x0,
    0x0, 0x0, 0x31, 0x0, 0x0,

    /* U+884C "行" */
    0x0, 0x0, 0x7, 0x40, 0x0, 0x0, 0x0, 0x0,
    0x0, 0x0, 0x0, 0x0, 0x0, 0x0, 0x2f, 0xf4,
    0x0, 0x1, 0x0, 0x0, 0x0, 0x0, 0x10, 0x0,
    0x0, 0x0, 0xbf, 0x70, 0x0, 0xf, 0xff, 0xff,
    0xff, 0xff, 0xf7, 0x0, 0x0, 0x7, 0xfb, 0x0,
    0x0, 0xa, 0x99, 0x99, 0x99, 0x9a, 0xa4, 0x0,
    0x0, 0x3f, 0xe1, 0x0, 0x0, 0x0, 0x0, 0x0,
    0x0, 0x0, 0x0, 0x0, 0x2, 0xef, 0x40, 0x0,
    0x0, 0x0, 0x0, 0x0, 0x0, 0x0, 0x0, 0x0,
    0xa, 0xf6, 0x0, 0xc6, 0x0, 0x0, 0x0, 0x0,
    0x0, 0x0, 0x0, 0x0, 0x0, 0x60, 0x8, 0xfe,
    0x30, 0x0, 0x0, 0x0, 0x0, 0x0, 0x0, 0x0,
    0x0, 0x0, 0x3f, 0xf3, 0x4, 0xcc, 0xbb, 0xbb,
    0xbb, 0xbb, 0xbc, 0xc2, 0x0, 0x0, 0xcf, 0x90,
    0x5, 0xff, 0xff, 0xff, 0xff, 0xff, 0xff, 0xf2,
    0x0, 0x9, 0xff, 0x10, 0x0, 0x0, 0x0, 0x0,
    0x5f, 0x80, 0x0, 0x0, 0x0, 0x6f, 0xff, 0x10,
    0x0, 0x0, 0x0, 0x0, 0x5f, 0x80, 0x0, 0x0,
    0x6, 0xfe, 0xcf, 0x10, 0x0, 0x0, 0x0, 0x0,
    0x5f, 0x80, 0x0, 0x0, 0xe, 0xf4, 0xbf, 0x10,
    0x0, 0x0, 0x0, 0x0, 0x5f, 0x80, 0x0, 0x0,
    0x3, 0x50, 0xbf, 0x10, 0x0, 0x0, 0x0, 0x0,
    0x5f, 0x80, 0x0, 0x0, 0x0, 0x0, 0xbf, 0x10,
    0x0, 0x0, 0x0, 0x0, 0x5f, 0x80, 0x0, 0x0,
    0x0, 0x0, 0xbf, 0x10, 0x0, 0x0, 0x0, 0x0,
    0x5f, 0x80, 0x0, 0x0, 0x0, 0x0, 0xbf, 0x10,
    0x0, 0x0, 0x0, 0x0, 0x5f, 0x80, 0x0, 0x0,
    0x0, 0x0, 0xbf, 0x10, 0x0, 0x0, 0x0, 0x0,
    0x5f, 0x80, 0x0, 0x0, 0x0, 0x0, 0xbf, 0x10,
    0x0, 0x0, 0x0, 0x10, 0x8f, 0x80, 0x0, 0x0,
    0x0, 0x0, 0xcf, 0x10, 0x0, 0x0, 0x0, 0xdf,
    0xff, 0x60, 0x0, 0x0, 0x0, 0x0, 0xcf, 0x20,
    0x0, 0x0, 0x0, 0x7e, 0xb7, 0x0, 0x0, 0x0,

    /* U+8863 "衣" */
    0x0, 0x0, 0x0, 0x0, 0x0, 0x12, 0x0, 0x0,
    0x0, 0x0, 0x0, 0x0, 0x0, 0x0, 0x0, 0x7,
    0xfa, 0x0, 0x0, 0x0, 0x0, 0x0, 0x0, 0x0,
    0x0, 0x0, 0x4, 0xff, 0x0, 0x0, 0x0, 0x0,
    0x0, 0x1, 0x10, 0x0, 0x0, 0x0, 0xef, 0x50,
    0x0, 0x0, 0x1, 0x10, 0x3f, 0xff, 0xff, 0xff,
    0xff, 0xff, 0xff, 0xff, 0xff, 0xff, 0xf0, 0x2a,
    0x99, 0x88, 0x88, 0xbf, 0xc8, 0x88, 0x88, 0x88,
    0x89, 0x90, 0x0, 0x0, 0x0, 0x0, 0xbf, 0x30,
    0x0, 0x0, 0x0, 0x0, 0x0, 0x0, 0x0, 0x0,
    0x2, 0xfc, 0x3, 0x0, 0x0, 0x0, 0x10, 0x0,
    0x0, 0x0, 0x0, 0xa, 0xf4, 0x9f, 0x10, 0x0,
    0x6, 0xe2, 0x0, 0x0, 0x0, 0x0, 0x4f, 0xc0,
    0x4f, 0x70, 0x0, 0x3f, 0xf8, 0x0, 0x0, 0x0,
    0x1, 0xef, 0x30, 0xe, 0xe0, 0x2, 0xef, 0x50,
    0x0, 0x0, 0x0, 0xc, 0xff, 0x10, 0x7, 0xf8,
    0x3e, 0xf4, 0x0, 0x0, 0x0, 0x0, 0xcf, 0xff,
    0x10, 0x0, 0xef, 0xff, 0x30, 0x0, 0x0, 0x0,
    0x1c, 0xfb, 0xbf, 0x10, 0x0, 0x6f, 0xf3, 0x0,
    0x0, 0x0, 0x5, 0xef, 0xa0, 0xbf, 0x10, 0x0,
    0xc, 0xf7, 0x0, 0x0, 0x0, 0x8f, 0xf8, 0x0,
    0xbf, 0x10, 0x0, 0x2, 0xff, 0x40, 0x0, 0x0,
    0x9, 0x40, 0x0, 0xbf, 0x10, 0x5, 0x0, 0x5f,
    0xf4, 0x0, 0x0, 0x0, 0x0, 0x0, 0xbf, 0x11,
    0xaf, 0x20, 0x7, 0xff, 0x70, 0x0, 0x0, 0x0,
    0x0, 0xbf, 0x5e, 0xfe, 0x30, 0x0, 0x7f, 0xfc,
    0x40, 0x0, 0x0, 0x0, 0xcf, 0xff, 0xb1, 0x0,
    0x0, 0x3, 0xdf, 0xf9, 0x0, 0x0, 0x1, 0xff,
    0xf6, 0x0, 0x0, 0x0, 0x0, 0xa, 0xc0, 0x0,
    0x0, 0x0, 0x9d, 0x20, 0x0, 0x0, 0x0, 0x0,
    0x0, 0x0, 0x0, 0x0, 0x0, 0x0, 0x0, 0x0,
    0x0, 0x0, 0x0, 0x0, 0x0,

    /* U+8865 "补" */
    0x0, 0x0, 0x4, 0xa0, 0x0, 0x0, 0x1, 0x77,
    0x0, 0x0, 0x0, 0x0, 0x0, 0x0, 0xcf, 0x50,
    0x0, 0x0, 0x1f, 0xf0, 0x0, 0x0, 0x0, 0x0,
    0x0, 0x4, 0xfd, 0x0, 0x0, 0x0, 0xff, 0x0,
    0x0, 0x0, 0x0, 0x0, 0x0, 0xd, 0xf3, 0x0,
    0x0, 0xf, 0xe0, 0x0, 0x0, 0x0, 0x0, 0x0,
    0x0, 0x43, 0x0, 0x0, 0x0, 0xfe, 0x0, 0x0,
    0x0, 0x0, 0x1, 0x10, 0x0, 0x0, 0x0, 0x0,
    0xf, 0xe0, 0x0, 0x0, 0x0, 0x5, 0xff, 0xff,
    0xff, 0xf8, 0x0, 0x0, 0xfe, 0x0, 0x10, 0x0,
    0x0, 0x39, 0x99, 0x89, 0xff, 0x10, 0x0, 0xf,
    0xe1, 0xcc, 0x0, 0x0, 0x0, 0x0, 0x0, 0x8f,
    0x70, 0x0, 0x0, 0xfe, 0xc, 0xf8, 0x0, 0x0,
    0x0, 0x0, 0x3f, 0xd0, 0x4, 0x0, 0xf, 0xe0,
    0x2f, 0xf4, 0x0, 0x0, 0x0, 0x1e, 0xf3, 0x4,
    0xfb, 0x0, 0xfe, 0x0, 0x6f, 0xe1, 0x0, 0x0,
    0x1d, 0xff, 0x74, 0xfd, 0x40, 0xf, 0xe0, 0x0,
    0xcf, 0xb0, 0x0, 0x2e, 0xfe, 0xff, 0xfb, 0x0,
    0x0, 0xfe, 0x0, 0x2, 0xff, 0x50, 0x5e, 0xf9,
    0x9f, 0x8f, 0xf5, 0x0, 0xf, 0xe0, 0x0, 0xa,
    0xd4, 0x3f, 0xf9, 0x9, 0xf1, 0x4f, 0xf7, 0x0,
    0xfe, 0x0, 0x0, 0x10, 0x0, 0x97, 0x0, 0x9f,
    0x10, 0x4e, 0x30, 0xf, 0xe0, 0x0, 0x0, 0x0,
    0x0, 0x0, 0x9, 0xf1, 0x0, 0x10, 0x0, 0xfe,
    0x0, 0x0, 0x0, 0x0, 0x0, 0x0, 0x9f, 0x10,
    0x0, 0x0, 0xf, 0xe0, 0x0, 0x0, 0x0, 0x0,
    0x0, 0x9, 0xf1, 0x0, 0x0, 0x0, 0xfe, 0x0,
    0x0, 0x0, 0x0, 0x0, 0x0, 0x9f, 0x10, 0x0,
    0x0, 0xf, 0xe0, 0x0, 0x0, 0x0, 0x0, 0x0,
    0xa, 0xf2, 0x0, 0x0, 0x0, 0xff, 0x0, 0x0,
    0x0, 0x0, 0x0, 0x0, 0xaf, 0x20, 0x0, 0x0,
    0xf, 0xf0, 0x0, 0x0, 0x0,

    /* U+8896 "袖" */
    0x0, 0x0, 0x1, 0x60, 0x0, 0x0, 0x0, 0x1,
    0xc9, 0x0, 0x0, 0x0, 0x0, 0x0, 0xcf, 0x30,
    0x0, 0x0, 0x0, 0x1f, 0xb0, 0x0, 0x0, 0x0,
    0x0, 0x4, 0xfd, 0x0, 0x0, 0x0, 0x1, 0xfb,
    0x0, 0x0, 0x0, 0x0, 0x0, 0xb, 0xf3, 0x0,
    0x0, 0x0, 0x1f, 0xb0, 0x0, 0x0, 0x0, 0x0,
    0x0, 0x33, 0x0, 0x0, 0x0, 0x1, 0xfb, 0x0,
    0x0, 0x0, 0x0, 0x0, 0x0, 0x0, 0x0, 0x78,
    0x88, 0x9f, 0xd8, 0x88, 0x81, 0x8, 0xff, 0xff,
    0xff, 0xc0, 0xc, 0xff, 0xff, 0xff, 0xff, 0xff,
    0x20, 0x49, 0x88, 0x8d, 0xf5, 0x0, 0xcf, 0x0,
    0x1f, 0xb0, 0x9, 0xf1, 0x0, 0x0, 0x1, 0xfc,
    0x0, 0xc, 0xf0, 0x1, 0xfb, 0x0, 0x9f, 0x10,
    0x0, 0x0, 0xaf, 0x32, 0x90, 0xcf, 0x0, 0x1f,
    0xb0, 0x9, 0xf1, 0x0, 0x0, 0x5f, 0xe1, 0xbf,
    0x5c, 0xf0, 0x1, 0xfb, 0x0, 0x9f, 0x10, 0x0,
    0x2f, 0xff, 0xef, 0x60, 0xcf, 0x77, 0x7f, 0xd7,
    0x7c, 0xf1, 0x0, 0x1d, 0xfd, 0xff, 0xf3, 0xc,
    0xff, 0xff, 0xff, 0xff, 0xff, 0x10, 0x1c, 0xf5,
    0xcf, 0x5f, 0xf3, 0xcf, 0x0, 0x1f, 0xb0, 0xa,
    0xf1, 0xd, 0xf9, 0xc, 0xf0, 0x8d, 0x1c, 0xf0,
    0x1, 0xfb, 0x0, 0x9f, 0x10, 0x8c, 0x0, 0xcf,
    0x0, 0x10, 0xcf, 0x0, 0x1f, 0xb0, 0x9, 0xf1,
    0x0, 0x0, 0xc, 0xf0, 0x0, 0xc, 0xf0, 0x1,
    0xfb, 0x0, 0x9f, 0x10, 0x0, 0x0, 0xcf, 0x0,
    0x0, 0xcf, 0x0, 0x1f, 0xb0, 0xa, 0xf1, 0x0,
    0x0, 0xc, 0xf0, 0x0, 0xc, 0xff, 0xff, 0xff,
    0xff, 0xff, 0x10, 0x0, 0x0, 0xcf, 0x0, 0x0,
    0xcf, 0xbb, 0xbb, 0xbb, 0xbe, 0xf1, 0x0, 0x0,
    0xc, 0xf0, 0x0, 0xc, 0xf0, 0x0, 0x0, 0x0,
    0x9f, 0x10, 0x0, 0x0, 0xdf, 0x0, 0x0, 0xdf,
    0x0, 0x0, 0x0, 0x9, 0xf2, 0x0, 0x0, 0x0,
    0x0, 0x0, 0x2, 0x20, 0x0, 0x0, 0x0, 0x0,
    0x0,

    /* U+88AB "被" */
    0x0, 0x0, 0x16, 0x0, 0x0, 0x0, 0x0, 0x4,
    0x61, 0x0, 0x0, 0x0, 0x0, 0xb, 0xf3, 0x0,
    0x0, 0x0, 0x0, 0xaf, 0x10, 0x0, 0x0, 0x0,
    0x0, 0x3f, 0xb0, 0x0, 0x0, 0x0, 0xa, 0xf1,
    0x0, 0x0, 0x0, 0x0, 0x0, 0xcf, 0x10, 0x0,
    0x0, 0x0, 0x9f, 0x10, 0x0, 0x0, 0x0, 0x0,
    0x3, 0x10, 0x0, 0x49, 0x99, 0x9d, 0xfa, 0x99,
    0x99, 0x40, 0x69, 0x98, 0x88, 0x85, 0x7, 0xfd,
    0xdd, 0xef, 0xdd, 0xdf, 0xf3, 0x9, 0xee, 0xdd,
    0xff, 0x30, 0x6f, 0x20, 0x9, 0xf1, 0x0, 0xee,
    0x0, 0x0, 0x0, 0x3f, 0xa0, 0x6, 0xf2, 0x0,
    0x9f, 0x10, 0x2b, 0x90, 0x0, 0x0, 0xc, 0xf2,
    0x0, 0x6f, 0x20, 0x9, 0xf1, 0x0, 0x0, 0x0,
    0x0, 0x8, 0xf7, 0xb, 0x26, 0xf2, 0x0, 0x9f,
    0x10, 0x0, 0x0, 0x0, 0x6, 0xff, 0x28, 0xf8,
    0x6f, 0xff, 0xff, 0xff, 0xff, 0xb0, 0x0, 0x6,
    0xff, 0xfe, 0xf8, 0x6, 0xfa, 0xfa, 0x77, 0x7a,
    0xf7, 0x0, 0xa, 0xfd, 0xcf, 0xff, 0x10, 0x7f,
    0x2f, 0xa0, 0x0, 0x9f, 0x20, 0x0, 0xcc, 0x1a,
    0xe3, 0xfd, 0x19, 0xf0, 0xbf, 0x0, 0xe, 0xc0,
    0x0, 0x1, 0x0, 0xae, 0x5, 0xd1, 0xbd, 0x5,
    0xf6, 0x6, 0xf5, 0x0, 0x0, 0x0, 0xa, 0xe0,
    0x0, 0xf, 0xa0, 0xe, 0xd1, 0xed, 0x0, 0x0,
    0x0, 0x0, 0xae, 0x0, 0x4, 0xf6, 0x0, 0x6f,
    0xdf, 0x40, 0x0, 0x0, 0x0, 0xa, 0xe0, 0x0,
    0xbf, 0x10, 0x0, 0xdf, 0xc0, 0x0, 0x0, 0x0,
    0x0, 0xbe, 0x0, 0x3f, 0xa0, 0x0, 0x8f, 0xff,
    0x92, 0x0, 0x0, 0x0, 0xb, 0xf0, 0xd, 0xf2,
    0x3, 0xcf, 0xb0, 0x8f, 0xfb, 0x62, 0x0, 0x0,
    0xbf, 0xa, 0xf8, 0x1b, 0xff, 0x70, 0x0, 0x3c,
    0xff, 0x70, 0x0, 0xc, 0xf0, 0x18, 0x0, 0x6b,
    0x20, 0x0, 0x0, 0x3, 0x80,

    /* U+88E4 "裤" */
    0x0, 0x0, 0x41, 0x0, 0x0, 0x0, 0x0, 0x7,
    0x40, 0x0, 0x0, 0x0, 0x0, 0x2, 0xfb, 0x0,
    0x0, 0x0, 0x0, 0x3f, 0xd0, 0x0, 0x0, 0x0,
    0x0, 0x0, 0x8f, 0x70, 0x0, 0x0, 0x0, 0xa,
    0xf7, 0x0, 0x0, 0x0, 0x0, 0x0, 0xe, 0xb0,
    0x1, 0xbb, 0xbb, 0xbc, 0xfb, 0xbb, 0xbc, 0xd0,
    0x0, 0x10, 0x2, 0x0, 0x0, 0xfe, 0xbb, 0xbb,
    0xbb, 0xbb, 0xbc, 0xc0, 0x5, 0xff, 0xff, 0xff,
    0x60, 0xfa, 0x0, 0x4, 0xa4, 0x0, 0x0, 0x0,
    0x2, 0x76, 0x67, 0xfd, 0x0, 0xfa, 0x0, 0x8,
    0xf5, 0x0, 0x0, 0x0, 0x0, 0x0, 0x9, 0xf5,
    0x0, 0xfb, 0x87, 0x7e, 0xf7, 0x77, 0x77, 0x30,
    0x0, 0x0, 0x2f, 0xa0, 0x0, 0xfb, 0xff, 0xff,
    0xff, 0xff, 0xff, 0x70, 0x0, 0x0, 0xdf, 0x1,
    0x70, 0xfa, 0x0, 0x8f, 0x20, 0x0, 0x0, 0x0,
    0x0, 0x9, 0xfe, 0xa, 0xf7, 0xfa, 0x0, 0xeb,
    0x2f, 0x90, 0x0, 0x0, 0x0, 0x7f, 0xff, 0x8f,
    0xb1, 0xf9, 0x6, 0xf3, 0x2f, 0x80, 0x0, 0x0,
    0x7, 0xfb, 0xcf, 0xfd, 0x1, 0xf8, 0x3f, 0xd2,
    0x3f, 0x92, 0x23, 0x0, 0x8, 0xd1, 0xcf, 0xcf,
    0x83, 0xf7, 0xaf, 0xff, 0xff, 0xff, 0xff, 0x20,
    0x0, 0x10, 0xce, 0xc, 0xe6, 0xf6, 0x37, 0x43,
    0x5f, 0xa4, 0x55, 0x10, 0x0, 0x0, 0xce, 0x1,
    0x37, 0xf4, 0x0, 0x0, 0x1f, 0x80, 0x0, 0x0,
    0x0, 0x0, 0xce, 0x0, 0xb, 0xf2, 0x11, 0x0,
    0x1f, 0x80, 0x1, 0x10, 0x0, 0x0, 0xce, 0x0,
    0xf, 0xd9, 0xff, 0xff, 0xff, 0xff, 0xff, 0xf3,
    0x0, 0x0, 0xce, 0x0, 0x7f, 0x74, 0x66, 0x55,
    0x6f, 0xb5, 0x56, 0x61, 0x0, 0x0, 0xcf, 0x1,
    0xef, 0x10, 0x0, 0x0, 0x1f, 0x80, 0x0, 0x0,
    0x0, 0x0, 0xdf, 0xa, 0xf9, 0x0, 0x0, 0x0,
    0x2f, 0x80, 0x0, 0x0, 0x0, 0x0, 0xce, 0x1,
    0x81, 0x0, 0x0, 0x0, 0x3f, 0x90, 0x0, 0x0,

    /* U+897F "西" */
    0x0, 0x0, 0x0, 0x0, 0x0, 0x0, 0x0, 0x0,
    0x0, 0x0, 0x0, 0x1f, 0xff, 0xff, 0xff, 0xff,
    0xff, 0xff, 0xff, 0xff, 0xff, 0xf8, 0x8, 0x77,
    0x77, 0x77, 0xed, 0x77, 0xbf, 0x87, 0x77, 0x77,
    0x74, 0x0, 0x0, 0x0, 0x0, 0xeb, 0x0, 0x8f,
    0x10, 0x0, 0x0, 0x0, 0x0, 0x0, 0x0, 0x0,
    0xeb, 0x0, 0x8f, 0x10, 0x0, 0x0, 0x0, 0x0,
    0x0, 0x0, 0x0, 0xeb, 0x0, 0x8f, 0x10, 0x0,
    0x0, 0x0, 0x0, 0x18, 0x88, 0x88, 0xfd, 0x88,
    0xcf, 0x98, 0x88, 0x85, 0x0, 0x0, 0x1f, 0xff,
    0xff, 0xff, 0xff, 0xff, 0xff, 0xff, 0xf9, 0x0,
    0x0, 0x1f, 0xa0, 0x0, 0xfa, 0x0, 0x8f, 0x10,
    0x0, 0xf9, 0x0, 0x0, 0xf, 0xa0, 0x1, 0xf8,
    0x0, 0x8f, 0x10, 0x0, 0xf9, 0x0, 0x0, 0xf,
    0xa0, 0x4, 0xf6, 0x0, 0x8f, 0x10, 0x0, 0xf9,
    0x0, 0x0, 0xf, 0xa0, 0x9, 0xf2, 0x0, 0x8f,
    0x10, 0x0, 0xf9, 0x0, 0x0, 0xf, 0xa0, 0x2f,
    0xd0, 0x0, 0x7f, 0x30, 0x11, 0xf9, 0x0, 0x0,
    0xf, 0xa0, 0xcf, 0x40, 0x0, 0x7f, 0xff, 0xf6,
    0xf9, 0x0, 0x0, 0xf, 0xa8, 0xfb, 0x0, 0x0,
    0x1a, 0xdd, 0xd3, 0xf9, 0x0, 0x0, 0xf, 0xa0,
    0x70, 0x0, 0x0, 0x0, 0x0, 0x0, 0xf9, 0x0,
    0x0, 0xf, 0xa0, 0x0, 0x0, 0x0, 0x0, 0x0,
    0x0, 0xf9, 0x0, 0x0, 0xf, 0xb3, 0x33, 0x33,
    0x33, 0x33, 0x33, 0x33, 0xf9, 0x0, 0x0, 0xf,
    0xff, 0xff, 0xff, 0xff, 0xff, 0xff, 0xff, 0xf9,
    0x0, 0x0, 0x1f, 0xb3, 0x33, 0x33, 0x33, 0x33,
    0x33, 0x33, 0xf9, 0x0, 0x0, 0x1f, 0xa0, 0x0,
    0x0, 0x0, 0x0, 0x0, 0x0, 0xfa, 0x0, 0x0,
    0x1, 0x0, 0x0, 0x0, 0x0, 0x0, 0x0, 0x0,
    0x0, 0x0,

    /* U+8981 "要" */
    0x5, 0x99, 0x88, 0x88, 0x88, 0x88, 0x88, 0x88,
    0x88, 0x88, 0x99, 0x30, 0x7, 0xee, 0xdd, 0xdd,
    0xef, 0xed, 0xde, 0xfe, 0xdd, 0xdd, 0xee, 0x40,
    0x0, 0x0, 0x0, 0x0, 0x7f, 0x50, 0x5, 0xf6,
    0x0, 0x0, 0x0, 0x0, 0x0, 0x0, 0x0, 0x0,
    0x7f, 0x50, 0x5, 0xf6, 0x0, 0x0, 0x0, 0x0,
    0x0, 0x9, 0xff, 0xff, 0xff, 0xff, 0xff, 0xff,
    0xff, 0xff, 0x90, 0x0, 0x0, 0x9, 0xfa, 0x88,
    0xcf, 0xb8, 0x8b, 0xfb, 0x88, 0xaf, 0x90, 0x0,
    0x0, 0x8, 0xf4, 0x0, 0x7f, 0x50, 0x5, 0xf6,
    0x0, 0x4f, 0x80, 0x0, 0x0, 0x8, 0xf4, 0x0,
    0x7f, 0x50, 0x5, 0xf6, 0x0, 0x4f, 0x80, 0x0,
    0x0, 0x9, 0xf8, 0x66, 0xaf, 0x96, 0x69, 0xfa,
    0x66, 0x8f, 0x90, 0x0, 0x0, 0x9, 0xff, 0xff,
    0xff, 0xff, 0xff, 0xff, 0xff, 0xff, 0x90, 0x0,
    0x0, 0x0, 0x0, 0x0, 0x1, 0xe7, 0x0, 0x0,
    0x0, 0x0, 0x0, 0x0, 0x0, 0x0, 0x0, 0x0,
    0xb, 0xfa, 0x0, 0x0, 0x0, 0x0, 0x0, 0x10,
    0x4f, 0xff, 0xff, 0xff, 0xff, 0xff, 0xff, 0xff,
    0xff, 0xff, 0xff, 0xf1, 0x29, 0x98, 0x88, 0x8b,
    0xfe, 0x88, 0x88, 0x9f, 0xf8, 0x88, 0x99, 0xa0,
    0x0, 0x0, 0x0, 0x3f, 0xe3, 0x0, 0x0, 0x9f,
    0x60, 0x0, 0x0, 0x0, 0x0, 0x0, 0x2, 0xef,
    0xc6, 0x20, 0x6, 0xfb, 0x0, 0x0, 0x0, 0x0,
    0x0, 0x0, 0x4, 0x8c, 0xff, 0xfe, 0xaf, 0xd1,
    0x0, 0x0, 0x0, 0x0, 0x0, 0x0, 0x0, 0x0,
    0x3, 0x8f, 0xff, 0xfb, 0x62, 0x0, 0x0, 0x0,
    0x0, 0x0, 0x0, 0x0, 0x4a, 0xff, 0x95, 0xaf,
    0xff, 0xd8, 0x30, 0x0, 0x3, 0x88, 0x9b, 0xdf,
    0xff, 0x92, 0x0, 0x0, 0x4a, 0xff, 0xfd, 0x20,
    0x0, 0xcf, 0xff, 0xd9, 0x50, 0x0, 0x0, 0x0,
    0x0, 0x17, 0xd6, 0x0, 0x0, 0x24, 0x20, 0x0,
    0x0, 0x0, 0x0, 0x0, 0x0, 0x0, 0x0, 0x0,

    /* U+89C1 "见" */
    0x0, 0x0, 0x88, 0x88, 0x88, 0x88, 0x88, 0x88,
    0x88, 0x60, 0x0, 0x0, 0x0, 0xf, 0xff, 0xff,
    0xff, 0xff, 0xff, 0xff, 0xfb, 0x0, 0x0, 0x0,
    0x0, 0xfc, 0x0, 0x0, 0x0, 0x0, 0x0, 0x1f,
    0xb0, 0x0, 0x0, 0x0, 0xf, 0xc0, 0x0, 0x5,
    0x41, 0x0, 0x1, 0xfb, 0x0, 0x0, 0x0, 0x0,
    0xfc, 0x0, 0x0, 0xef, 0x60, 0x0, 0x1f, 0xb0,
    0x0, 0x0, 0x0, 0xf, 0xc0, 0x0, 0xf, 0xf3,
    0x0, 0x1, 0xfb, 0x0, 0x0, 0x0, 0x0, 0xfc,
    0x0, 0x0, 0xff, 0x10, 0x0, 0x1f, 0xb0, 0x0,
    0x0, 0x0, 0xf, 0xc0, 0x0, 0xf, 0xf0, 0x0,
    0x1, 0xfb, 0x0, 0x0, 0x0, 0x0, 0xfc, 0x0,
    0x1, 0xfe, 0x0, 0x0, 0x1f, 0xb0, 0x0, 0x0,
    0x0, 0xf, 0xc0, 0x0, 0x2f, 0xc0, 0x0, 0x1,
    0xfb, 0x0, 0x0, 0x0, 0x0, 0xfc, 0x0, 0x5,
    0xfa, 0xfd, 0x0, 0x1f, 0xb0, 0x0, 0x0, 0x0,
    0xf, 0xc0, 0x0, 0x9f, 0x7f, 0xd0, 0x1, 0xfb,
    0x0, 0x0, 0x0, 0x0, 0xfc, 0x0, 0xe, 0xf2,
    0xfc, 0x0, 0x1f, 0xc0, 0x0, 0x0, 0x0, 0xd,
    0xa0, 0x6, 0xfc, 0xf, 0xc0, 0x0, 0x64, 0x0,
    0x0, 0x0, 0x0, 0x0, 0x2, 0xef, 0x40, 0xfc,
    0x0, 0x0, 0x0, 0x0, 0x0, 0x0, 0x0, 0x2,
    0xef, 0x80, 0xf, 0xc0, 0x0, 0x0, 0x3, 0x0,
    0x0, 0x0, 0x7, 0xff, 0x90, 0x0, 0xfc, 0x0,
    0x0, 0x0, 0xdd, 0x20, 0x2, 0x7e, 0xff, 0x60,
    0x0, 0xf, 0xd0, 0x0, 0x0, 0x2f, 0xf1, 0x5d,
    0xff, 0xfa, 0x10, 0x0, 0x0, 0xdf, 0xa8, 0x88,
    0x9e, 0xfa, 0x0, 0xcf, 0x92, 0x0, 0x0, 0x0,
    0x4, 0xdf, 0xff, 0xff, 0xfa, 0x10, 0x2, 0x10,
    0x0, 0x0, 0x0, 0x0, 0x0, 0x0, 0x0, 0x0,
    0x0, 0x0,

    /* U+89C9 "觉" */
    0x0, 0x0, 0x0, 0x0, 0x0, 0x10, 0x0, 0x0,
    0x10, 0x0, 0x0, 0x0, 0x2, 0x40, 0x0, 0xd,
    0xb0, 0x0, 0x0, 0xbc, 0x30, 0x0, 0x0, 0x1e,
    0xf2, 0x0, 0xc, 0xf0, 0x0, 0x2, 0xff, 0x20,
    0x0, 0x0, 0x7, 0xfc, 0x0, 0x8, 0xf5, 0x0,
    0xa, 0xf6, 0x0, 0x0, 0x0, 0x0, 0xdf, 0x30,
    0x4, 0xc3, 0x0, 0x3f, 0xc0, 0x0, 0x0, 0x2,
    0x22, 0x54, 0x22, 0x22, 0x22, 0x22, 0xcf, 0x62,
    0x22, 0x20, 0x1f, 0xff, 0xff, 0xff, 0xff, 0xff,
    0xff, 0xff, 0xff, 0xff, 0xf1, 0xf, 0xb4, 0x44,
    0x44, 0x44, 0x44, 0x44, 0x44, 0x44, 0x4b, 0xf0,
    0xf, 0xa0, 0x0, 0x0, 0x0, 0x0, 0x0, 0x0,
    0x0, 0xa, 0xf0, 0x1f, 0xa0, 0x23, 0x33, 0x33,
    0x33, 0x33, 0x33, 0x32, 0x7, 0xb1, 0x1, 0x0,
    0xdf, 0xff, 0xff, 0xff, 0xff, 0xff, 0xfa, 0x0,
    0x0, 0x0, 0x0, 0xcf, 0x33, 0x33, 0x33, 0x33,
    0x34, 0xf9, 0x0, 0x0, 0x0, 0x0, 0xcf, 0x0,
    0x2, 0x30, 0x0, 0x1, 0xf9, 0x0, 0x0, 0x0,
    0x0, 0xcf, 0x0, 0x7, 0xf6, 0x0, 0x1, 0xf9,
    0x0, 0x0, 0x0, 0x0, 0xcf, 0x0, 0x9, 0xf1,
    0x0, 0x1, 0xf9, 0x0, 0x0, 0x0, 0x0, 0xcf,
    0x0, 0xd, 0xd0, 0x0, 0x1, 0xfa, 0x0, 0x0,
    0x0, 0x0, 0xdf, 0x0, 0x2f, 0x8a, 0xf2, 0x1,
    0xfa, 0x0, 0x0, 0x0, 0x0, 0x34, 0x0, 0xaf,
    0x2a, 0xf1, 0x0, 0x0, 0x2, 0x30, 0x0, 0x0,
    0x0, 0x9, 0xf8, 0x9, 0xf1, 0x0, 0x0, 0x6,
    0xf9, 0x0, 0x0, 0x4, 0xcf, 0xa0, 0x9, 0xf2,
    0x0, 0x0, 0xa, 0xf7, 0x4, 0x69, 0xdf, 0xf7,
    0x0, 0x8, 0xfc, 0x88, 0x88, 0xaf, 0xf1, 0xc,
    0xff, 0xd8, 0x10, 0x0, 0x2, 0xcf, 0xff, 0xff,
    0xfd, 0x40, 0x2, 0x51, 0x0, 0x0, 0x0, 0x0,
    0x0, 0x0, 0x0, 0x0, 0x0,

    /* U+8BA9 "让" */
    0x0, 0x2a, 0x10, 0x0, 0x0, 0x0, 0x9, 0xb1,
    0x0, 0x0, 0x0, 0x0, 0x7f, 0xc0, 0x0, 0x0,
    0x0, 0xd, 0xf1, 0x0, 0x0, 0x0, 0x0, 0xa,
    0xfa, 0x0, 0x0, 0x0, 0xd, 0xf1, 0x0, 0x0,
    0x0, 0x0, 0x0, 0xcf, 0x50, 0x0, 0x0, 0xc,
    0xf1, 0x0, 0x0, 0x0, 0x0, 0x0, 0x17, 0x0,
    0x0, 0x0, 0xc, 0xf1, 0x0, 0x0, 0x0, 0x0,
    0x0, 0x0, 0x0, 0x0, 0x0, 0xc, 0xf1, 0x0,
    0x0, 0x0, 0x3, 0x22, 0x21, 0x0, 0x0, 0x0,
    0xc, 0xf1, 0x0, 0x1, 0x10, 0x3f, 0xff, 0xfd,
    0x0, 0x0, 0x0, 0xc, 0xff, 0xff, 0xff, 0xf0,
    0x16, 0x66, 0xfd, 0x0, 0x0, 0x0, 0xc, 0xf7,
    0x77, 0x77, 0x80, 0x0, 0x1, 0xfc, 0x0, 0x0,
    0x0, 0xc, 0xf1, 0x0, 0x0, 0x0, 0x0, 0x1,
    0xfc, 0x0, 0x0, 0x0, 0xc, 0xf1, 0x0, 0x0,
    0x0, 0x0, 0x1, 0xfc, 0x0, 0x0, 0x0, 0xc,
    0xf1, 0x0, 0x0, 0x0, 0x0, 0x1, 0xfc, 0x0,
    0x0, 0x0, 0xc, 0xf1, 0x0, 0x0, 0x0, 0x0,
    0x1, 0xfc, 0x0, 0x0, 0x0, 0xc, 0xf1, 0x0,
    0x0, 0x0, 0x0, 0x1, 0xfc, 0x0, 0x30, 0x0,
    0xc, 0xf1, 0x0, 0x0, 0x0, 0x0, 0x1, 0xfc,
    0xa, 0xe0, 0x0, 0xc, 0xf1, 0x0, 0x0, 0x0,
    0x0, 0x1, 0xfc, 0x9f, 0xc0, 0x0, 0xc, 0xf1,
    0x0, 0x0, 0x0, 0x0, 0x1, 0xff, 0xfb, 0x0,
    0x0, 0xc, 0xf1, 0x0, 0x0, 0x0, 0x0, 0x5,
    0xff, 0xb1, 0x32, 0x10, 0xc, 0xf1, 0x0, 0x1,
    0x12, 0x0, 0x9, 0xfc, 0x3, 0xff, 0xff, 0xff,
    0xff, 0xff, 0xff, 0xfd, 0x0, 0x0, 0x91, 0x2,
    0x87, 0x77, 0x77, 0x77, 0x77, 0x77, 0x77,

    /* U+8BAE "议" */
    0x0, 0x0, 0x20, 0x0, 0x0, 0x0, 0x38, 0x40,
    0x0, 0x0, 0x0, 0x0, 0x0, 0x9f, 0x30, 0x0,
    0x0, 0x7, 0xf8, 0x0, 0x0, 0x0, 0x0, 0x0,
    0x5, 0xfc, 0x0, 0x0, 0x0, 0x3f, 0xc0, 0x0,
    0x75, 0x10, 0x0, 0x0, 0xd, 0xf5, 0x0, 0x1,
    0x0, 0xff, 0x0, 0xf, 0xf4, 0x0, 0x0, 0x0,
    0x5f, 0xb0, 0xf, 0xf0, 0xb, 0xf3, 0x1, 0xfe,
    0x0, 0x0, 0x0, 0x0, 0x50, 0x0, 0xdf, 0x10,
    0x8f, 0x60, 0x4f, 0xa0, 0x0, 0x0, 0x0, 0x0,
    0x0, 0xa, 0xf3, 0x5, 0xf9, 0x7, 0xf7, 0x0,
    0x0, 0x20, 0x0, 0x0, 0x0, 0x6f, 0x60, 0x2d,
    0x80, 0xaf, 0x40, 0x0, 0x1f, 0xff, 0xff, 0x10,
    0x2, 0xfb, 0x0, 0x0, 0xe, 0xf0, 0x0, 0x0,
    0xa9, 0x9e, 0xf0, 0x0, 0xd, 0xf0, 0x0, 0x2,
    0xfd, 0x0, 0x0, 0x0, 0x0, 0xcf, 0x0, 0x0,
    0x8f, 0x60, 0x0, 0x6f, 0x90, 0x0, 0x0, 0x0,
    0xc, 0xf0, 0x0, 0x2, 0xfd, 0x0, 0xb, 0xf4,
    0x0, 0x0, 0x0, 0x0, 0xcf, 0x0, 0x0, 0xb,
    0xf6, 0x1, 0xff, 0x0, 0x0, 0x0, 0x0, 0xc,
    0xf0, 0x0, 0x0, 0x3f, 0xf1, 0x8f, 0x90, 0x0,
    0x0, 0x0, 0x0, 0xcf, 0x0, 0x30, 0x0, 0x9f,
    0xbe, 0xf2, 0x0, 0x0, 0x0, 0x0, 0xc, 0xf0,
    0x3f, 0x80, 0x0, 0xdf, 0xfa, 0x0, 0x0, 0x0,
    0x0, 0x0, 0xcf, 0x2e, 0xf6, 0x0, 0xa, 0xff,
    0xa0, 0x0, 0x0, 0x0, 0x0, 0xc, 0xfd, 0xf6,
    0x0, 0x7, 0xff, 0xff, 0xb1, 0x0, 0x0, 0x0,
    0x0, 0xdf, 0xf7, 0x0, 0x9, 0xff, 0x33, 0xef,
    0xe6, 0x0, 0x0, 0x0, 0x5f, 0xf8, 0x0, 0x4d,
    0xfe, 0x30, 0x2, 0xdf, 0xfe, 0x83, 0x0, 0xc,
    0xfa, 0x4, 0xcf, 0xfd, 0x20, 0x0, 0x0, 0x8f,
    0xff, 0x60, 0x0, 0x1b, 0x0, 0x3e, 0xf9, 0x0,
    0x0, 0x0, 0x0, 0x2b, 0xa0, 0x0, 0x0, 0x0,
    0x0, 0x14, 0x0, 0x0, 0x0, 0x0, 0x0, 0x0,
    0x0,

    /* U+8BB0 "记" */
    0x0, 0xb, 0x20, 0x0, 0x0, 0x0, 0x0, 0x0,
    0x0, 0x0, 0x0, 0x0, 0x6, 0xff, 0x40, 0x0,
    0xbb, 0xaa, 0xaa, 0xaa, 0xaa, 0xa1, 0x0, 0x0,
    0x6, 0xff, 0x50, 0xf, 0xff, 0xff, 0xff, 0xff,
    0xff, 0x10, 0x0, 0x0, 0x5, 0xff, 0x30, 0x0,
    0x0, 0x0, 0x0, 0xb, 0xf0, 0x0, 0x0, 0x0,
    0x6, 0x90, 0x0, 0x0, 0x0, 0x0, 0x0, 0xbf,
    0x0, 0x0, 0x0, 0x0, 0x0, 0x0, 0x0, 0x0,
    0x0, 0x0, 0xb, 0xf0, 0x0, 0x11, 0x11, 0x10,
    0x0, 0x0, 0x0, 0x0, 0x0, 0x0, 0xbf, 0x0,
    0xa, 0xff, 0xff, 0xc0, 0x0, 0x0, 0x0, 0x0,
    0x0, 0xb, 0xf0, 0x0, 0x69, 0x99, 0xfb, 0x0,
    0x0, 0x0, 0x0, 0x0, 0x0, 0xbf, 0x0, 0x0,
    0x0, 0x1f, 0xb0, 0x0, 0x1f, 0xff, 0xff, 0xff,
    0xff, 0xf1, 0x0, 0x0, 0x1, 0xfb, 0x0, 0x0,
    0xfd, 0x88, 0x88, 0x88, 0xef, 0x10, 0x0, 0x0,
    0x1f, 0xb0, 0x0, 0xf, 0xb0, 0x0, 0x0, 0x8,
    0xc1, 0x0, 0x0, 0x1, 0xfb, 0x0, 0x0, 0xfb,
    0x0, 0x0, 0x0, 0x0, 0x0, 0x0, 0x0, 0x1f,
    0xb0, 0x0, 0xf, 0xb0, 0x0, 0x0, 0x0, 0x0,
    0x0, 0x0, 0x1, 0xfb, 0x0, 0x30, 0xfb, 0x0,
    0x0, 0x0, 0x0, 0x0, 0x0, 0x0, 0x1f, 0xb0,
    0xbd, 0xf, 0xb0, 0x0, 0x0, 0x0, 0x0, 0x0,
    0x0, 0x1, 0xfb, 0xaf, 0xc0, 0xfb, 0x0, 0x0,
    0x0, 0x0, 0x80, 0x0, 0x0, 0x3f, 0xff, 0xb0,
    0xf, 0xb0, 0x0, 0x0, 0x0, 0x3f, 0xf1, 0x0,
    0xa, 0xff, 0xa0, 0x0, 0xfe, 0x0, 0x0, 0x0,
    0x7, 0xfc, 0x0, 0x0, 0xcf, 0x90, 0x0, 0xc,
    0xfd, 0x99, 0x99, 0x9a, 0xff, 0x60, 0x0, 0x1,
    0x70, 0x0, 0x0, 0x3c, 0xff, 0xff, 0xff, 0xfe,
    0x90, 0x0,

    /* U+8BBE "设" */
    0x0, 0x20, 0x0, 0x0, 0x0, 0x0, 0x0, 0x0,
    0x0, 0x0, 0x0, 0x1, 0xec, 0x0, 0x0, 0x4,
    0x77, 0x77, 0x77, 0x71, 0x0, 0x0, 0x0, 0xbf,
    0xc0, 0x0, 0x8, 0xff, 0xff, 0xff, 0xf1, 0x0,
    0x0, 0x0, 0xb, 0xfa, 0x0, 0x9, 0xf3, 0x0,
    0xc, 0xf1, 0x0, 0x0, 0x0, 0x1, 0xdf, 0x30,
    0xa, 0xf2, 0x0, 0xc, 0xf1, 0x0, 0x0, 0x0,
    0x0, 0x23, 0x0, 0xd, 0xf0, 0x0, 0xc, 0xf1,
    0x0, 0x0, 0x0, 0x0, 0x0, 0x0, 0x2f, 0xd0,
    0x0, 0xc, 0xf1, 0x0, 0x0, 0x32, 0x22, 0x20,
    0x0, 0xbf, 0x60, 0x0, 0xc, 0xf7, 0x33, 0x40,
    0xff, 0xff, 0xf2, 0xa, 0xfb, 0x0, 0x0, 0xb,
    0xff, 0xff, 0xf2, 0x87, 0x7d, 0xf1, 0x1a, 0xc0,
    0x0, 0x0, 0x1, 0x78, 0x88, 0x81, 0x0, 0xb,
    0xf1, 0x4, 0x87, 0x77, 0x77, 0x77, 0x77, 0x70,
    0x0, 0x0, 0xb, 0xf1, 0x8, 0xff, 0xff, 0xff,
    0xff, 0xff, 0xc0, 0x0, 0x0, 0xb, 0xf1, 0x0,
    0xd, 0xf1, 0x0, 0x0, 0xaf, 0x60, 0x0, 0x0,
    0xb, 0xf1, 0x0, 0x7, 0xf5, 0x0, 0x1, 0xfe,
    0x0, 0x0, 0x0, 0xb, 0xf1, 0x0, 0x1, 0xfc,
    0x0, 0x9, 0xf7, 0x0, 0x0, 0x0, 0xb, 0xf1,
    0x44, 0x0, 0x8f, 0x60, 0x3f, 0xd0, 0x0, 0x0,
    0x0, 0xb, 0xf4, 0xec, 0x0, 0xe, 0xf6, 0xef,
    0x40, 0x0, 0x0, 0x0, 0xb, 0xff, 0xf8, 0x0,
    0x3, 0xff, 0xf7, 0x0, 0x0, 0x0, 0x0, 0xd,
    0xff, 0x80, 0x0, 0x4, 0xef, 0xf7, 0x0, 0x0,
    0x0, 0x0, 0x3f, 0xf8, 0x0, 0x2, 0xaf, 0xe8,
    0xdf, 0xe8, 0x30, 0x0, 0x0, 0xb, 0xb0, 0x26,
    0xcf, 0xf9, 0x10, 0x7, 0xef, 0xff, 0xd7, 0x0,
    0x1, 0x0, 0xaf, 0xf9, 0x10, 0x0, 0x0, 0x5,
    0xaf, 0xf1, 0x0, 0x0, 0x0, 0x4, 0x0, 0x0,
    0x0, 0x0, 0x0, 0x0, 0x20,

    /* U+8BDD "话" */
    0x0, 0x1, 0x0, 0x0, 0x0, 0x0, 0x0, 0x0,
    0x0, 0x0, 0x0, 0x0, 0x3e, 0x50, 0x0, 0x0,
    0x0, 0x0, 0x0, 0x26, 0xa6, 0x0, 0x0, 0x3f,
    0xf2, 0x0, 0x24, 0x57, 0x9b, 0xdf, 0xff, 0xfe,
    0x0, 0x0, 0x6, 0xfd, 0x0, 0xaf, 0xff, 0xff,
    0xfa, 0x75, 0x31, 0x0, 0x0, 0x0, 0xae, 0x10,
    0x37, 0x53, 0x1b, 0xf1, 0x0, 0x0, 0x0, 0x0,
    0x0, 0x11, 0x0, 0x0, 0x0, 0xb, 0xf1, 0x0,
    0x0, 0x0, 0x0, 0x0, 0x0, 0x0, 0x0, 0x0,
    0xb, 0xf1, 0x0, 0x0, 0x0, 0x0, 0x0, 0x0,
    0x17, 0x66, 0x66, 0x6d, 0xf6, 0x66, 0x66, 0x65,
    0xdf, 0xff, 0xf0, 0x4f, 0xff, 0xff, 0xff, 0xff,
    0xff, 0xff, 0xfb, 0xab, 0xbf, 0xf0, 0x3, 0x22,
    0x22, 0x2b, 0xf3, 0x22, 0x22, 0x22, 0x0, 0xd,
    0xe0, 0x0, 0x0, 0x0, 0xb, 0xf1, 0x0, 0x0,
    0x0, 0x0, 0xd, 0xe0, 0x0, 0x0, 0x0, 0xb,
    0xf1, 0x0, 0x0, 0x0, 0x0, 0xd, 0xe0, 0x0,
    0x0, 0x0, 0xb, 0xf1, 0x0, 0x0, 0x0, 0x0,
    0xd, 0xe0, 0x0, 0xf, 0xff, 0xff, 0xff, 0xff,
    0xfd, 0x0, 0x0, 0xd, 0xe0, 0x0, 0xf, 0xe7,
    0x77, 0x77, 0x77, 0xfd, 0x0, 0x0, 0xd, 0xe0,
    0x2a, 0xf, 0xc0, 0x0, 0x0, 0x0, 0xfd, 0x0,
    0x0, 0xd, 0xe0, 0xdf, 0x4f, 0xc0, 0x0, 0x0,
    0x0, 0xfd, 0x0, 0x0, 0xd, 0xea, 0xf8, 0xf,
    0xc0, 0x0, 0x0, 0x0, 0xfd, 0x0, 0x0, 0xf,
    0xff, 0xa0, 0xf, 0xc0, 0x0, 0x0, 0x0, 0xfd,
    0x0, 0x0, 0x4f, 0xfb, 0x0, 0xf, 0xff, 0xff,
    0xff, 0xff, 0xfd, 0x0, 0x0, 0xb, 0xd0, 0x0,
    0xf, 0xe7, 0x77, 0x77, 0x77, 0xfd, 0x0, 0x0,
    0x0, 0x10, 0x0, 0xf, 0xc0, 0x0, 0x0, 0x0,
    0xfe, 0x0,

    /* U+8BE2 "询" */
    0x0, 0x0, 0x0, 0x0, 0x0, 0x0, 0x95, 0x0,
    0x0, 0x0, 0x0, 0x0, 0x1, 0xad, 0x0, 0x0,
    0x0, 0x1f, 0xf7, 0x0, 0x0, 0x0, 0x0, 0x0,
    0xd, 0xf8, 0x0, 0x0, 0x8, 0xfb, 0x0, 0x0,
    0x0, 0x0, 0x0, 0x0, 0x3f, 0xf3, 0x0, 0x0,
    0xef, 0x20, 0x0, 0x0, 0x0, 0x0, 0x0, 0x0,
    0xaf, 0x90, 0x0, 0x7f, 0xff, 0xff, 0xff, 0xff,
    0xff, 0xa0, 0x0, 0x1, 0x40, 0x0, 0x1e, 0xf7,
    0x77, 0x77, 0x77, 0x77, 0xfa, 0x0, 0x0, 0x0,
    0x0, 0x9, 0xf8, 0x0, 0x0, 0x0, 0x0, 0x1f,
    0x90, 0x0, 0x0, 0x0, 0x3, 0xfe, 0x10, 0x0,
    0x0, 0x0, 0x1, 0xf9, 0x1f, 0xff, 0xfb, 0x1,
    0xef, 0xff, 0xff, 0xff, 0xff, 0x0, 0x1f, 0x90,
    0xba, 0xaf, 0xc0, 0x9f, 0xcb, 0xf7, 0x77, 0x7e,
    0xf0, 0x1, 0xf9, 0x0, 0x1, 0xfb, 0x0, 0x82,
    0xbf, 0x10, 0x0, 0xcf, 0x0, 0x1f, 0x90, 0x0,
    0x1f, 0xb0, 0x0, 0xb, 0xf1, 0x0, 0xc, 0xf0,
    0x1, 0xf9, 0x0, 0x1, 0xfb, 0x0, 0x0, 0xbf,
    0x32, 0x22, 0xdf, 0x0, 0x1f, 0x90, 0x0, 0x1f,
    0xb0, 0x0, 0xb, 0xff, 0xff, 0xff, 0xf0, 0x1,
    0xf9, 0x0, 0x1, 0xfb, 0x0, 0x0, 0xbf, 0x54,
    0x44, 0xdf, 0x0, 0x1f, 0x90, 0x0, 0x1f, 0xb0,
    0x0, 0xb, 0xf1, 0x0, 0xc, 0xf0, 0x1, 0xf9,
    0x0, 0x1, 0xfb, 0x8, 0x10, 0xbf, 0x10, 0x0,
    0xcf, 0x0, 0x1f, 0x90, 0x0, 0x1f, 0xb7, 0xfa,
    0xc, 0xf7, 0x77, 0x7e, 0xf0, 0x1, 0xf9, 0x0,
    0x1, 0xfe, 0xfd, 0x20, 0xcf, 0xff, 0xff, 0xff,
    0x0, 0x1f, 0x90, 0x0, 0x6f, 0xfd, 0x10, 0x0,
    0x0, 0x0, 0x0, 0x0, 0x3, 0xf9, 0x0, 0xc,
    0xfd, 0x10, 0x0, 0x0, 0x0, 0x0, 0x1, 0xac,
    0xff, 0x80, 0x0, 0xc, 0x20, 0x0, 0x0, 0x0,
    0x0, 0x0, 0xa, 0xff, 0xb1, 0x0, 0x0, 0x0,
    0x0, 0x0, 0x0, 0x0, 0x0, 0x0, 0x24, 0x0,
    0x0,

    /* U+8BF4 "说" */
    0x0, 0x0, 0x0, 0x0, 0x3, 0x0, 0x0, 0x0,
    0x25, 0x0, 0x0, 0x0, 0x1d, 0x80, 0x0, 0x4,
    0xf8, 0x0, 0x0, 0x7, 0xfd, 0x0, 0x0, 0x2,
    0xdf, 0xa0, 0x0, 0xc, 0xf3, 0x0, 0x0, 0xdf,
    0x60, 0x0, 0x0, 0x1, 0xdf, 0xa0, 0x0, 0x3f,
    0xc0, 0x0, 0x2f, 0xd0, 0x0, 0x0, 0x0, 0x1,
    0xde, 0x10, 0x0, 0xbf, 0x30, 0x8, 0xf5, 0x0,
    0x0, 0x0, 0x0, 0x1, 0x30, 0x2, 0x36, 0x53,
    0x33, 0xee, 0x33, 0x30, 0x0, 0x0, 0x0, 0x0,
    0x0, 0xbf, 0xff, 0xff, 0xff, 0xff, 0xfc, 0x0,
    0x6, 0x98, 0x88, 0x0, 0xb, 0xf5, 0x44, 0x44,
    0x44, 0x4f, 0xc0, 0x0, 0xaf, 0xff, 0xf0, 0x0,
    0xbf, 0x10, 0x0, 0x0, 0x0, 0xfb, 0x0, 0x1,
    0x10, 0xcf, 0x0, 0xb, 0xf1, 0x0, 0x0, 0x0,
    0xf, 0xb0, 0x0, 0x0, 0xc, 0xe0, 0x0, 0xbf,
    0x10, 0x0, 0x0, 0x0, 0xfb, 0x0, 0x0, 0x0,
    0xce, 0x0, 0xc, 0xf7, 0x77, 0x77, 0x77, 0x7f,
    0xc0, 0x0, 0x0, 0xc, 0xe0, 0x0, 0xcf, 0xff,
    0xff, 0xff, 0xff, 0xfc, 0x0, 0x0, 0x0, 0xce,
    0x0, 0x0, 0x1, 0xfd, 0x0, 0xfb, 0x0, 0x0,
    0x0, 0x0, 0xc, 0xe0, 0x0, 0x0, 0x2f, 0xa0,
    0xf, 0xb0, 0x0, 0x0, 0x0, 0x0, 0xce, 0x3,
    0xb0, 0x5, 0xf8, 0x0, 0xfb, 0x0, 0x0, 0x0,
    0x0, 0xc, 0xe2, 0xef, 0x40, 0x8f, 0x50, 0xf,
    0xb0, 0x0, 0x0, 0x0, 0x0, 0xcf, 0xdf, 0x60,
    0xe, 0xf1, 0x0, 0xfb, 0x0, 0x1, 0x0, 0x0,
    0xe, 0xff, 0x60, 0x7, 0xfa, 0x0, 0xf, 0xb0,
    0x0, 0xd9, 0x10, 0x3, 0xff, 0x60, 0x4, 0xff,
    0x20, 0x0, 0xfc, 0x0, 0x2f, 0xf0, 0x0, 0x7,
    0x80, 0x7, 0xff, 0x50, 0x0, 0xe, 0xfb, 0xbd,
    0xfa, 0x0, 0x0, 0x0, 0x1d, 0xfe, 0x40, 0x0,
    0x0, 0x7f, 0xff, 0xfc, 0x10, 0x0, 0x0, 0x0,
    0x4b, 0x20, 0x0, 0x0, 0x0, 0x0, 0x0, 0x0,
    0x0,

    /* U+8D77 "起" */
    0x0, 0x0, 0x0, 0x68, 0x0, 0x0, 0x0, 0x0,
    0x0, 0x0, 0x0, 0x0, 0x0, 0x0, 0x0, 0xcf,
    0x0, 0x0, 0x0, 0x0, 0x0, 0x0, 0x0, 0x0,
    0x0, 0x0, 0x0, 0xcf, 0x0, 0x0, 0x36, 0x65,
    0x55, 0x55, 0x50, 0x0, 0x0, 0x12, 0x22, 0xcf,
    0x22, 0x30, 0x8f, 0xff, 0xff, 0xff, 0xf2, 0x0,
    0x0, 0x7f, 0xff, 0xff, 0xff, 0xf2, 0x11, 0x11,
    0x0, 0xb, 0xf1, 0x0, 0x0, 0x36, 0x65, 0xdf,
    0x56, 0x61, 0x0, 0x0, 0x0, 0xb, 0xf1, 0x0,
    0x0, 0x0, 0x0, 0xbf, 0x0, 0x0, 0x0, 0x0,
    0x0, 0xb, 0xf1, 0x0, 0x0, 0x0, 0x0, 0xbf,
    0x0, 0x0, 0x0, 0x0, 0x0, 0xb, 0xf1, 0x0,
    0x0, 0x11, 0x0, 0xbf, 0x0, 0x11, 0x3, 0x33,
    0x33, 0x3c, 0xf1, 0x0, 0x3, 0xff, 0xff, 0xff,
    0xff, 0xff, 0x1f, 0xff, 0xff, 0xff, 0xf2, 0x0,
    0x1, 0x87, 0x77, 0xaf, 0xa7, 0x78, 0xe, 0xf5,
    0x55, 0x55, 0x50, 0x0, 0x0, 0x0, 0x0, 0x5f,
    0x50, 0x0, 0xe, 0xe0, 0x0, 0x0, 0x0, 0x0,
    0x0, 0x2, 0x0, 0x5f, 0x50, 0x0, 0xe, 0xe0,
    0x0, 0x0, 0x0, 0x0, 0x0, 0xd, 0xf3, 0x5f,
    0xb9, 0x98, 0xe, 0xe0, 0x0, 0x0, 0x20, 0x0,
    0x0, 0xf, 0xe0, 0x5f, 0xff, 0xfd, 0xe, 0xe0,
    0x0, 0x0, 0xcd, 0x40, 0x0, 0x2f, 0xd0, 0x5f,
    0x50, 0x0, 0xe, 0xe0, 0x0, 0x0, 0xef, 0x30,
    0x0, 0x5f, 0xf4, 0x5f, 0x50, 0x0, 0xd, 0xf4,
    0x11, 0x15, 0xfe, 0x0, 0x0, 0x9f, 0xfe, 0x7f,
    0x50, 0x0, 0x9, 0xff, 0xff, 0xff, 0xf8, 0x0,
    0x0, 0xee, 0x2e, 0xff, 0x50, 0x0, 0x0, 0x68,
    0x88, 0x88, 0x50, 0x0, 0x6, 0xf7, 0x2, 0xef,
    0xd7, 0x31, 0x0, 0x0, 0x0, 0x0, 0x0, 0x10,
    0xe, 0xf1, 0x0, 0x18, 0xff, 0xff, 0xfe, 0xed,
    0xdd, 0xde, 0xef, 0xe0, 0x3, 0x80, 0x0, 0x0,
    0x4, 0x8a, 0xcd, 0xef, 0xff, 0xff, 0xff, 0x80,
    0x0, 0x0, 0x0, 0x0, 0x0, 0x0, 0x0, 0x0,
    0x0, 0x0, 0x0, 0x0,

    /* U+8DF3 "跳" */
    0x0, 0x0, 0x0, 0x0, 0x0, 0x0, 0x0, 0x0,
    0x24, 0x0, 0x0, 0x0, 0x0, 0x0, 0x0, 0x0,
    0x0, 0x0, 0xed, 0x9, 0xf2, 0x0, 0x0, 0x0,
    0xdf, 0xff, 0xff, 0xf1, 0x0, 0xd, 0xf0, 0x8f,
    0x10, 0x0, 0x0, 0xc, 0xe7, 0x77, 0xcf, 0x0,
    0x0, 0xde, 0x8, 0xf1, 0x4, 0x0, 0x0, 0xcd,
    0x0, 0x9, 0xf2, 0xb5, 0xd, 0xd0, 0x8f, 0x11,
    0xfe, 0x20, 0xc, 0xd0, 0x0, 0x9f, 0x1f, 0xa0,
    0xdd, 0x8, 0xf1, 0x6f, 0x90, 0x0, 0xcd, 0x0,
    0x9, 0xf0, 0xbf, 0xd, 0xd0, 0x8f, 0x1d, 0xf1,
    0x0, 0xc, 0xe7, 0x77, 0xcf, 0x8, 0xf3, 0xdc,
    0x8, 0xf8, 0xf9, 0x0, 0x0, 0xdf, 0xff, 0xff,
    0xf1, 0x4d, 0x4d, 0xc0, 0x8f, 0xcf, 0x20, 0x0,
    0x0, 0x0, 0x9f, 0x0, 0x0, 0x0, 0xdc, 0x8,
    0xf1, 0x30, 0x0, 0x0, 0x0, 0x9, 0xf0, 0x0,
    0x0, 0xd, 0xc0, 0x8f, 0x20, 0x0, 0x0, 0xd,
    0xd0, 0x9f, 0x11, 0x0, 0x6, 0xfb, 0x8, 0xfd,
    0x20, 0x0, 0x0, 0xed, 0x9, 0xff, 0xf1, 0x9,
    0xff, 0xa0, 0x8f, 0xff, 0x40, 0x0, 0xd, 0xd0,
    0x9f, 0x77, 0x2c, 0xf9, 0xf9, 0x8, 0xf5, 0xff,
    0x60, 0x0, 0xdd, 0x9, 0xf0, 0xd, 0xf8, 0x3f,
    0x70, 0x8f, 0x14, 0xfa, 0x0, 0xd, 0xd0, 0x9f,
    0x0, 0x4a, 0x6, 0xf4, 0x8, 0xf1, 0x6, 0x0,
    0x0, 0xdd, 0x9, 0xf0, 0x0, 0x0, 0xcf, 0x0,
    0x8f, 0x10, 0x0, 0x0, 0xd, 0xd0, 0x9f, 0x4,
    0x20, 0x2f, 0xb0, 0x8, 0xf1, 0x1, 0x10, 0x0,
    0xdd, 0x2b, 0xff, 0xf5, 0xa, 0xf5, 0x0, 0x8f,
    0x10, 0x3f, 0x80, 0x5e, 0xff, 0xff, 0xb6, 0x16,
    0xfd, 0x0, 0x8, 0xf1, 0x6, 0xf9, 0xd, 0xff,
    0xc5, 0x0, 0x5, 0xff, 0x30, 0x0, 0x7f, 0xcb,
    0xef, 0x40, 0x69, 0x20, 0x0, 0x4, 0xff, 0x60,
    0x0, 0x2, 0xdf, 0xff, 0xa0, 0x0, 0x0, 0x0,
    0x0, 0x6, 0x60, 0x0, 0x0, 0x0, 0x0, 0x0,
    0x0,

    /* U+8F6C "转" */
    0x0, 0x0, 0x16, 0x10, 0x0, 0x0, 0x0, 0x8,
    0x50, 0x0, 0x0, 0x0, 0x0, 0x5, 0xfc, 0x0,
    0x0, 0x0, 0x2, 0xfd, 0x0, 0x0, 0x0, 0x0,
    0x0, 0x9f, 0x40, 0x0, 0x0, 0x0, 0x4f, 0x80,
    0x0, 0x0, 0x0, 0x33, 0x2d, 0xe2, 0x22, 0x10,
    0x10, 0x6, 0xf4, 0x0, 0x0, 0x0, 0xf, 0xff,
    0xff, 0xff, 0xfc, 0x1f, 0xff, 0xff, 0xff, 0xff,
    0xfe, 0x0, 0x66, 0xaf, 0x85, 0x56, 0x50, 0x87,
    0x7d, 0xf7, 0x77, 0x77, 0x70, 0x0, 0xc, 0xe0,
    0x0, 0x0, 0x0, 0x0, 0xec, 0x0, 0x0, 0x0,
    0x0, 0x2, 0xf8, 0x19, 0x50, 0x0, 0x0, 0x2f,
    0x80, 0x0, 0x0, 0x0, 0x0, 0x8f, 0x22, 0xfa,
    0x0, 0x79, 0x8b, 0xfb, 0x88, 0x88, 0x99, 0x60,
    0x1f, 0xb0, 0x1f, 0x90, 0xc, 0xff, 0xff, 0xff,
    0xff, 0xff, 0xfa, 0xc, 0xf8, 0x45, 0xfb, 0x45,
    0x0, 0xe, 0xd0, 0x0, 0x0, 0x0, 0x0, 0xdf,
    0xff, 0xff, 0xff, 0xf0, 0x2, 0xf9, 0x0, 0x0,
    0x0, 0x0, 0x5, 0x86, 0x55, 0xfb, 0x55, 0x0,
    0x7f, 0x95, 0x55, 0x55, 0x52, 0x0, 0x0, 0x0,
    0x1f, 0x90, 0x0, 0xb, 0xff, 0xff, 0xff, 0xff,
    0x60, 0x0, 0x0, 0x1, 0xf9, 0x2, 0x0, 0x0,
    0x0, 0x0, 0x9f, 0xd2, 0x0, 0x13, 0x46, 0x8f,
    0xff, 0xf3, 0x0, 0x0, 0x0, 0x7f, 0xc1, 0x0,
    0x2f, 0xff, 0xff, 0xfd, 0x86, 0x10, 0x61, 0x0,
    0x4f, 0xd1, 0x0, 0x0, 0xb9, 0x63, 0x3f, 0x90,
    0x0, 0x5f, 0xf7, 0x3f, 0xe2, 0x0, 0x0, 0x0,
    0x0, 0x1, 0xf9, 0x0, 0x0, 0x4c, 0xff, 0xf4,
    0x0, 0x0, 0x0, 0x0, 0x0, 0x1f, 0x90, 0x0,
    0x0, 0x6, 0xff, 0xa1, 0x0, 0x0, 0x0, 0x0,
    0x2, 0xfa, 0x0, 0x0, 0x0, 0x1, 0xbf, 0xe5,
    0x0, 0x0, 0x0, 0x0, 0x2f, 0xa0, 0x0, 0x0,
    0x0, 0x0, 0x7f, 0x50, 0x0, 0x0, 0x0, 0x0,
    0x0, 0x0, 0x0, 0x0, 0x0, 0x0, 0x20, 0x0,
    0x0,

    /* U+8F93 "输" */
    0x0, 0x0, 0x30, 0x0, 0x0, 0x0, 0x4, 0x93,
    0x0, 0x0, 0x0, 0x0, 0x0, 0x3, 0xfe, 0x0,
    0x0, 0x0, 0xc, 0xfd, 0x0, 0x0, 0x0, 0x0,
    0x0, 0x4, 0xf9, 0x0, 0x0, 0x0, 0x6f, 0xdf,
    0x80, 0x0, 0x0, 0x0, 0x0, 0x7, 0xf4, 0x0,
    0x0, 0x2, 0xfe, 0x18, 0xf8, 0x0, 0x0, 0x0,
    0xd, 0xde, 0xfd, 0xde, 0x50, 0xd, 0xf4, 0x0,
    0xbf, 0x90, 0x0, 0x0, 0xa, 0xbf, 0xfa, 0xbb,
    0x40, 0xcf, 0x80, 0x0, 0x1d, 0xfd, 0x40, 0x0,
    0x0, 0x1f, 0x90, 0x0, 0x1b, 0xfc, 0xff, 0xff,
    0xff, 0xaf, 0xfc, 0x50, 0x0, 0x5f, 0x52, 0x13,
    0xef, 0xa1, 0x77, 0x77, 0x77, 0x3, 0xbf, 0xa0,
    0x0, 0xaf, 0x5f, 0x72, 0xec, 0x44, 0x44, 0x40,
    0x0, 0x0, 0x34, 0x0, 0x0, 0xfa, 0x4f, 0x60,
    0x2b, 0xff, 0xff, 0xf1, 0x0, 0x1, 0xfa, 0x0,
    0x7, 0xf4, 0x3f, 0x72, 0xb, 0xf6, 0x6b, 0xf1,
    0x6f, 0x71, 0xf9, 0x0, 0x2f, 0xfb, 0xdf, 0xff,
    0x1a, 0xf0, 0x8, 0xf1, 0x6f, 0x60, 0xf9, 0x0,
    0x1f, 0xfd, 0xcf, 0xa5, 0xa, 0xf6, 0x6b, 0xf1,
    0x5f, 0x60, 0xf9, 0x0, 0x2, 0x0, 0x3f, 0x60,
    0xa, 0xff, 0xff, 0xf1, 0x5f, 0x60, 0xf9, 0x0,
    0x0, 0x0, 0x3f, 0x60, 0xa, 0xf0, 0x8, 0xf1,
    0x5f, 0x60, 0xf9, 0x0, 0x0, 0x0, 0x3f, 0x86,
    0x2a, 0xf0, 0x8, 0xf1, 0x5f, 0x60, 0xf9, 0x0,
    0x2, 0x48, 0xcf, 0xff, 0x3a, 0xff, 0xff, 0xf1,
    0x5f, 0x60, 0xf9, 0x0, 0x1e, 0xff, 0xff, 0xb3,
    0xa, 0xf8, 0x8c, 0xf1, 0x5f, 0x60, 0xf9, 0x0,
    0x7, 0x84, 0x4f, 0x60, 0xa, 0xf0, 0x8, 0xf1,
    0x6f, 0x60, 0xf9, 0x0, 0x0, 0x0, 0x4f, 0x70,
    0xa, 0xf0, 0x8, 0xf1, 0x49, 0x40, 0xf8, 0x0,
    0x0, 0x0, 0x4f, 0x70, 0xb, 0xf0, 0x9e, 0xf0,
    0x1, 0x69, 0xf7, 0x0, 0x0, 0x0, 0x4f, 0x70,
    0xb, 0xf0, 0x6d, 0x70, 0x0, 0xbe, 0x91, 0x0,
    0x0, 0x0, 0x0, 0x0, 0x0, 0x0, 0x0, 0x0,
    0x0, 0x0, 0x0, 0x0,

    /* U+8FC7 "过" */
    0x0, 0x0, 0x0, 0x0, 0x0, 0x0, 0x0, 0x0,
    0x33, 0x0, 0x0, 0x0, 0x0, 0x50, 0x0, 0x0,
    0x0, 0x0, 0x0, 0x1f, 0xf0, 0x0, 0x0, 0x0,
    0xcf, 0x50, 0x0, 0x0, 0x0, 0x0, 0x0, 0xfe,
    0x0, 0x0, 0x0, 0x8, 0xfe, 0x10, 0x0, 0x0,
    0x0, 0x0, 0xf, 0xe0, 0x0, 0x0, 0x0, 0xc,
    0xfb, 0x0, 0x0, 0x0, 0x0, 0x0, 0xfe, 0x0,
    0x0, 0x0, 0x0, 0x2f, 0xf2, 0x5f, 0xff, 0xff,
    0xff, 0xff, 0xff, 0xff, 0x70, 0x0, 0x0, 0x51,
    0x3, 0xa9, 0x99, 0x99, 0x99, 0xff, 0x99, 0xa4,
    0x0, 0x0, 0x0, 0x0, 0x0, 0x0, 0x0, 0x0,
    0xf, 0xe0, 0x0, 0x0, 0x0, 0x0, 0x0, 0x0,
    0x2, 0x70, 0x0, 0x0, 0xfe, 0x0, 0x0, 0x5,
    0xff, 0xff, 0xd0, 0x0, 0xff, 0x30, 0x0, 0xf,
    0xe0, 0x0, 0x0, 0x4a, 0xaa, 0xfd, 0x0, 0x9,
    0xfa, 0x0, 0x0, 0xfe, 0x0, 0x0, 0x0, 0x0,
    0x1f, 0xc0, 0x0, 0x1f, 0xf2, 0x0, 0xf, 0xe0,
    0x0, 0x0, 0x0, 0x1, 0xfc, 0x0, 0x0, 0xbf,
    0x80, 0x0, 0xfe, 0x0, 0x0, 0x0, 0x0, 0x1f,
    0xc0, 0x0, 0x4, 0x91, 0x0, 0xf, 0xe0, 0x0,
    0x0, 0x0, 0x1, 0xfc, 0x0, 0x0, 0x0, 0x0,
    0x0, 0xfe, 0x0, 0x0, 0x0, 0x0, 0x1f, 0xc0,
    0x0, 0x0, 0x0, 0x0, 0xf, 0xe0, 0x0, 0x0,
    0x0, 0x1, 0xfc, 0x0, 0x0, 0x0, 0x2, 0x26,
    0xfd, 0x0, 0x0, 0x0, 0x0, 0x3f, 0xd0, 0x0,
    0x0, 0x0, 0xef, 0xff, 0x90, 0x0, 0x0, 0x0,
    0x5f, 0xff, 0xc3, 0x0, 0x0, 0x9, 0xdb, 0x70,
    0x0, 0x0, 0x0, 0x8f, 0xe6, 0x8f, 0xfc, 0x74,
    0x10, 0x0, 0x0, 0x0, 0x2, 0x30, 0x9f, 0xf3,
    0x0, 0x3b, 0xff, 0xff, 0xff, 0xee, 0xef, 0xff,
    0xfd, 0x1, 0xd5, 0x0, 0x0, 0x3, 0x8b, 0xde,
    0xff, 0xff, 0xff, 0xff, 0x70, 0x0, 0x0, 0x0,
    0x0, 0x0, 0x0, 0x0, 0x0, 0x0, 0x0, 0x0,
    0x0,

    /* U+8FCE "迎" */
    0x0, 0x10, 0x0, 0x0, 0x0, 0x4, 0x0, 0x0,
    0x0, 0x0, 0x0, 0x0, 0x8f, 0x60, 0x0, 0x1,
    0x6c, 0xf7, 0x0, 0x0, 0x0, 0x0, 0x0, 0x5,
    0xfb, 0x0, 0xb, 0xff, 0xeb, 0x73, 0xff, 0xff,
    0xff, 0xc0, 0x0, 0xf, 0xf1, 0x0, 0xcf, 0x30,
    0x0, 0x2f, 0xd8, 0x89, 0xfc, 0x0, 0x0, 0xaf,
    0x60, 0xb, 0xf1, 0x0, 0x1, 0xfb, 0x0, 0x1f,
    0xb0, 0x0, 0x5, 0xa3, 0x0, 0xbf, 0x10, 0x0,
    0x1f, 0xb0, 0x1, 0xfb, 0x0, 0x0, 0x0, 0x0,
    0xb, 0xf1, 0x0, 0x1, 0xfb, 0x0, 0x1f, 0xb0,
    0x0, 0x0, 0x0, 0x0, 0xbf, 0x10, 0x0, 0x1f,
    0xb0, 0x1, 0xfb, 0x0, 0x8a, 0xaa, 0x90, 0xb,
    0xf1, 0x0, 0x1, 0xfb, 0x0, 0x1f, 0xb0, 0xb,
    0xff, 0xfd, 0x0, 0xbf, 0x10, 0x0, 0x1f, 0xb0,
    0x1, 0xfb, 0x0, 0x0, 0x1f, 0xd0, 0xb, 0xf1,
    0x0, 0x1, 0xfb, 0x0, 0x1f, 0xb0, 0x0, 0x1,
    0xfc, 0x0, 0xbf, 0x10, 0x0, 0x1f, 0xb0, 0x1,
    0xfb, 0x0, 0x0, 0x1f, 0xc0, 0xb, 0xf1, 0x1,
    0x11, 0xfb, 0x0, 0x1f, 0xb0, 0x0, 0x1, 0xfc,
    0x0, 0xbf, 0x28, 0xf3, 0x1f, 0xb0, 0x5, 0xfa,
    0x0, 0x0, 0x1f, 0xc0, 0xe, 0xff, 0xfd, 0x31,
    0xfb, 0xd, 0xff, 0x80, 0x0, 0x1, 0xfc, 0x2,
    0xff, 0xd5, 0x0, 0x1f, 0xb0, 0x8e, 0x90, 0x0,
    0x0, 0x1f, 0xc0, 0x9, 0x60, 0x0, 0x1, 0xfb,
    0x0, 0x0, 0x0, 0x0, 0x1, 0xfc, 0x0, 0x0,
    0x0, 0x0, 0x2f, 0xc0, 0x0, 0x0, 0x0, 0x0,
    0x4f, 0xf9, 0x10, 0x0, 0x0, 0x2, 0xdb, 0x0,
    0x0, 0x0, 0x0, 0x5f, 0xd9, 0xff, 0xc8, 0x52,
    0x10, 0x0, 0x0, 0x0, 0x0, 0x10, 0x7f, 0xd0,
    0x1, 0x8e, 0xff, 0xff, 0xff, 0xfe, 0xee, 0xef,
    0xff, 0x16, 0xf2, 0x0, 0x0, 0x2, 0x69, 0xac,
    0xde, 0xff, 0xff, 0xff, 0xa0, 0x1, 0x0, 0x0,
    0x0, 0x0, 0x0, 0x0, 0x0, 0x0, 0x11, 0x10,
    0x0,

    /* U+8FD0 "运" */
    0x0, 0x65, 0x0, 0x0, 0x0, 0x0, 0x0, 0x0,
    0x0, 0x0, 0x0, 0x1, 0xef, 0x40, 0x0, 0x8c,
    0xbb, 0xbb, 0xbb, 0xbc, 0xc1, 0x0, 0x0, 0x3f,
    0xf2, 0x0, 0xae, 0xee, 0xee, 0xee, 0xee, 0xf1,
    0x0, 0x0, 0x6, 0xfc, 0x0, 0x0, 0x0, 0x0,
    0x0, 0x0, 0x0, 0x0, 0x0, 0x0, 0x82, 0x0,
    0x0, 0x0, 0x0, 0x0, 0x0, 0x0, 0x0, 0x0,
    0x0, 0x0, 0x0, 0x0, 0x0, 0x0, 0x0, 0x0,
    0x0, 0x0, 0x0, 0x0, 0x0, 0x5c, 0xcb, 0xbb,
    0xbb, 0xbb, 0xbb, 0xbc, 0x80, 0x2a, 0x99, 0x97,
    0x6d, 0xdd, 0xdf, 0xfe, 0xdd, 0xdd, 0xdd, 0x90,
    0x3f, 0xff, 0xfc, 0x0, 0x0, 0xe, 0xf2, 0x0,
    0x0, 0x0, 0x0, 0x1, 0x10, 0xfc, 0x0, 0x0,
    0x2f, 0xc0, 0x0, 0x10, 0x0, 0x0, 0x0, 0x0,
    0xfc, 0x0, 0x0, 0x7f, 0x50, 0x6, 0xe2, 0x0,
    0x0, 0x0, 0x0, 0xfc, 0x0, 0x0, 0xed, 0x0,
    0x5, 0xfc, 0x0, 0x0, 0x0, 0x0, 0xfc, 0x0,
    0x6, 0xf5, 0x0, 0x0, 0xaf, 0x70, 0x0, 0x0,
    0x0, 0xfc, 0x0, 0x2f, 0xc0, 0x0, 0x13, 0x6f,
    0xf2, 0x0, 0x0, 0x0, 0xfc, 0x1, 0xef, 0xdd,
    0xef, 0xff, 0xff, 0xfb, 0x0, 0x0, 0x0, 0xfc,
    0x0, 0xcf, 0xfd, 0xb9, 0x75, 0x32, 0xef, 0x20,
    0x0, 0x0, 0xfd, 0x0, 0x33, 0x0, 0x0, 0x0,
    0x0, 0x53, 0x0, 0x0, 0x3c, 0xff, 0xb1, 0x0,
    0x0, 0x0, 0x0, 0x0, 0x0, 0x0, 0x8, 0xff,
    0xbb, 0xff, 0x94, 0x0, 0x0, 0x0, 0x0, 0x0,
    0x21, 0x8f, 0xf5, 0x0, 0x6e, 0xff, 0xff, 0xdd,
    0xdd, 0xde, 0xff, 0xf2, 0xb, 0x40, 0x0, 0x0,
    0x48, 0xbd, 0xff, 0xff, 0xff, 0xff, 0xc0, 0x0,
    0x0, 0x0, 0x0, 0x0, 0x0, 0x0, 0x0, 0x0,
    0x0, 0x0,

    /* U+8FDE "连" */
    0x0, 0x0, 0x0, 0x0, 0x0, 0x0, 0x50, 0x0,
    0x0, 0x0, 0x0, 0x0, 0x6, 0x0, 0x0, 0x0,
    0x0, 0x4f, 0xd0, 0x0, 0x0, 0x0, 0x0, 0xa,
    0xf6, 0x0, 0x0, 0x0, 0xa, 0xf5, 0x0, 0x0,
    0x0, 0x0, 0x0, 0x3f, 0xf2, 0x4, 0x66, 0x55,
    0xff, 0x55, 0x55, 0x55, 0x66, 0x0, 0x0, 0x7f,
    0xb0, 0x9f, 0xff, 0xff, 0xff, 0xff, 0xff, 0xff,
    0xf0, 0x0, 0x0, 0xcf, 0x62, 0x22, 0x3f, 0xd2,
    0x22, 0x22, 0x22, 0x23, 0x0, 0x0, 0x4, 0x70,
    0x0, 0x8, 0xf4, 0x8, 0xf4, 0x0, 0x0, 0x0,
    0x0, 0x0, 0x0, 0x0, 0x3, 0xfb, 0x0, 0x7f,
    0x30, 0x0, 0x0, 0x0, 0x0, 0x0, 0x0, 0x2,
    0xef, 0x20, 0x7, 0xf3, 0x0, 0x0, 0x0, 0x8,
    0xff, 0xff, 0x10, 0x9f, 0xff, 0xff, 0xff, 0xff,
    0xff, 0xf3, 0x0, 0x49, 0x8f, 0xf0, 0x3, 0xb9,
    0x88, 0x8c, 0xfa, 0x88, 0x9a, 0x20, 0x0, 0x0,
    0xef, 0x0, 0x0, 0x0, 0x0, 0x7f, 0x30, 0x0,
    0x0, 0x0, 0x0, 0xe, 0xf0, 0x0, 0x0, 0x0,
    0x7, 0xf3, 0x0, 0x0, 0x0, 0x0, 0x0, 0xef,
    0x5, 0x87, 0x77, 0x77, 0xbf, 0x97, 0x77, 0x77,
    0x20, 0x0, 0xe, 0xf0, 0x9f, 0xff, 0xff, 0xff,
    0xff, 0xff, 0xff, 0xf5, 0x0, 0x0, 0xef, 0x1,
    0x11, 0x10, 0x0, 0x8f, 0x40, 0x0, 0x11, 0x0,
    0x0, 0xe, 0xf0, 0x0, 0x0, 0x0, 0x7, 0xf3,
    0x0, 0x0, 0x0, 0x0, 0x0, 0xef, 0x0, 0x0,
    0x0, 0x0, 0x7f, 0x30, 0x0, 0x0, 0x0, 0x0,
    0x6f, 0xfc, 0x20, 0x0, 0x0, 0x8, 0xf4, 0x0,
    0x0, 0x0, 0x0, 0x9f, 0xea, 0xff, 0xb6, 0x20,
    0x0, 0x5a, 0x30, 0x0, 0x0, 0x0, 0xaf, 0xd1,
    0x1, 0x9f, 0xff, 0xfe, 0xdc, 0xcc, 0xcd, 0xde,
    0xfd, 0x1, 0xb1, 0x0, 0x0, 0x4, 0x8a, 0xcd,
    0xef, 0xff, 0xff, 0xff, 0x80,

    /* U+9001 "送" */
    0x0, 0x0, 0x0, 0x0, 0x0, 0x0, 0x0, 0x0,
    0x0, 0x0, 0x0, 0x0, 0x30, 0x0, 0x0, 0x5e,
    0x20, 0x0, 0x3, 0xfa, 0x0, 0x0, 0x4, 0xfb,
    0x0, 0x0, 0x4f, 0xd0, 0x0, 0x7, 0xf9, 0x0,
    0x0, 0x0, 0xcf, 0x70, 0x0, 0x7, 0xfa, 0x0,
    0xd, 0xf1, 0x0, 0x0, 0x0, 0x1e, 0xf3, 0x0,
    0x0, 0xc9, 0x0, 0x4f, 0x80, 0x0, 0x0, 0x0,
    0x5, 0xf7, 0x8, 0xcb, 0xcb, 0xbb, 0xef, 0xcb,
    0xbc, 0x0, 0x0, 0x0, 0x30, 0xa, 0xee, 0xee,
    0xff, 0xee, 0xee, 0xee, 0x0, 0x0, 0x0, 0x0,
    0x0, 0x0, 0x0, 0xaf, 0x20, 0x0, 0x0, 0x0,
    0x0, 0x0, 0x0, 0x0, 0x0, 0x0, 0xaf, 0x10,
    0x0, 0x0, 0x0, 0x6c, 0xbb, 0xb1, 0x0, 0x0,
    0x0, 0xbf, 0x0, 0x0, 0x0, 0x0, 0x8f, 0xff,
    0xf2, 0x4b, 0xaa, 0xaa, 0xef, 0xaa, 0xaa, 0xab,
    0x60, 0x1, 0xb, 0xf1, 0x6f, 0xff, 0xff, 0xff,
    0xff, 0xff, 0xff, 0x80, 0x0, 0xb, 0xf1, 0x0,
    0x0, 0x3, 0xfe, 0x10, 0x0, 0x0, 0x0, 0x0,
    0xb, 0xf1, 0x0, 0x0, 0xa, 0xff, 0xe5, 0x0,
    0x0, 0x0, 0x0, 0xb, 0xf1, 0x0, 0x0, 0x5f,
    0xc4, 0xef, 0x90, 0x0, 0x0, 0x0, 0xb, 0xf1,
    0x0, 0x4, 0xff, 0x30, 0x1c, 0xfd, 0x20, 0x0,
    0x0, 0xb, 0xf1, 0x0, 0x6f, 0xf5, 0x0, 0x0,
    0xbf, 0xf5, 0x0, 0x0, 0xb, 0xf1, 0xb, 0xff,
    0x60, 0x0, 0x0, 0x9, 0xf7, 0x0, 0x0, 0x2e,
    0xf8, 0x3, 0xd3, 0x0, 0x0, 0x0, 0x0, 0x50,
    0x0, 0x5, 0xff, 0xff, 0xd7, 0x20, 0x0, 0x0,
    0x0, 0x0, 0x0, 0x31, 0x6f, 0xf4, 0x6, 0xef,
    0xff, 0xcc, 0xbb, 0xbb, 0xcd, 0xef, 0xf1, 0x1c,
    0x40, 0x0, 0x5, 0xac, 0xef, 0xff, 0xff, 0xff,
    0xfe, 0xa0, 0x0, 0x0, 0x0, 0x0, 0x0, 0x0,
    0x0, 0x0, 0x0, 0x0, 0x0,

    /* U+9002 "适" */
    0x0, 0x0, 0x0, 0x0, 0x0, 0x0, 0x0, 0x0,
    0x0, 0x10, 0x0, 0x0, 0x0, 0x0, 0x0, 0x0,
    0x2, 0x35, 0x7a, 0xdf, 0xd0, 0x0, 0x2, 0xd7,
    0x0, 0x3, 0xff, 0xff, 0xff, 0xfe, 0xcb, 0xa3,
    0x0, 0x2, 0xef, 0x60, 0x0, 0x88, 0x64, 0x4f,
    0x90, 0x0, 0x0, 0x0, 0x0, 0x3f, 0xf3, 0x0,
    0x0, 0x0, 0x1f, 0x90, 0x0, 0x0, 0x0, 0x0,
    0x7, 0xe4, 0x0, 0x0, 0x0, 0x1f, 0x90, 0x0,
    0x0, 0x0, 0x0, 0x0, 0x10, 0x49, 0x98, 0x88,
    0x9f, 0xd8, 0x88, 0x99, 0x90, 0x0, 0x0, 0x0,
    0x7f, 0xff, 0xff, 0xff, 0xff, 0xff, 0xff, 0xf1,
    0x0, 0x0, 0x0, 0x0, 0x0, 0x0, 0x1f, 0x90,
    0x0, 0x0, 0x0, 0x7d, 0xdc, 0xc1, 0x0, 0x0,
    0x0, 0x1f, 0x90, 0x0, 0x0, 0x0, 0x5b, 0xae,
    0xf0, 0x0, 0x67, 0x77, 0x7f, 0xc7, 0x77, 0x71,
    0x0, 0x0, 0xb, 0xf0, 0x0, 0xef, 0xff, 0xff,
    0xff, 0xff, 0xf2, 0x0, 0x0, 0xb, 0xf0, 0x0,
    0xdd, 0x0, 0x0, 0x0, 0xa, 0xf1, 0x0, 0x0,
    0xb, 0xf0, 0x0, 0xdd, 0x0, 0x0, 0x0, 0x9,
    0xf1, 0x0, 0x0, 0xb, 0xf0, 0x0, 0xdd, 0x0,
    0x0, 0x0, 0x9, 0xf1, 0x0, 0x0, 0xb, 0xf0,
    0x0, 0xde, 0x77, 0x77, 0x77, 0x7c, 0xf1, 0x0,
    0x0, 0xb, 0xf0, 0x0, 0xdf, 0xff, 0xff, 0xff,
    0xff, 0xf1, 0x0, 0x0, 0xb, 0xf2, 0x0, 0xed,
    0x0, 0x0, 0x0, 0xa, 0xf2, 0x0, 0x0, 0x3f,
    0xff, 0x50, 0x33, 0x0, 0x0, 0x0, 0x1, 0x20,
    0x0, 0x3, 0xff, 0xff, 0xfd, 0x72, 0x0, 0x0,
    0x0, 0x0, 0x0, 0x23, 0x2e, 0xf7, 0x2, 0x9f,
    0xff, 0xfd, 0xcb, 0xbb, 0xbc, 0xef, 0xf5, 0x5f,
    0x90, 0x0, 0x0, 0x59, 0xcd, 0xff, 0xff, 0xff,
    0xff, 0xe0, 0x2, 0x0, 0x0, 0x0, 0x0, 0x0,
    0x0, 0x0, 0x0, 0x0, 0x0,

    /* U+90D1 "郑" */
    0x0, 0x0, 0x31, 0x0, 0x7, 0x71, 0x0, 0x0,
    0x0, 0x0, 0x0, 0x0, 0x0, 0x6, 0xf8, 0x0,
    0xe, 0xf5, 0x0, 0x88, 0x88, 0x88, 0x88, 0x20,
    0x0, 0x1, 0xff, 0x10, 0x3f, 0xd0, 0x0, 0xef,
    0xff, 0xff, 0xff, 0x0, 0x0, 0x0, 0x9f, 0x60,
    0x8f, 0x50, 0x0, 0xef, 0x20, 0x7, 0xfa, 0x0,
    0x0, 0x0, 0x24, 0x0, 0xde, 0x0, 0x0, 0xdf,
    0x20, 0xa, 0xf5, 0x0, 0x1, 0xba, 0xaa, 0xaa,
    0xfe, 0xab, 0x60, 0xdf, 0x20, 0xe, 0xf0, 0x0,
    0x2, 0xee, 0xdd, 0xff, 0xed, 0xee, 0x80, 0xdf,
    0x20, 0x3f, 0xb0, 0x0, 0x0, 0x0, 0x0, 0xcf,
    0x20, 0x0, 0x0, 0xdf, 0x20, 0x7f, 0x60, 0x0,
    0x0, 0x0, 0x0, 0xcf, 0x20, 0x0, 0x0, 0xdf,
    0x20, 0xcf, 0x10, 0x0, 0x0, 0x0, 0x0, 0xcf,
    0x20, 0x0, 0x0, 0xdf, 0x20, 0xfc, 0x0, 0x0,
    0x1, 0x11, 0x0, 0xcf, 0x20, 0x11, 0x10, 0xdf,
    0x21, 0xfd, 0x10, 0x0, 0xf, 0xff, 0xff, 0xff,
    0xff, 0xff, 0xf1, 0xdf, 0x20, 0x5f, 0xc0, 0x0,
    0x8, 0x77, 0x77, 0xff, 0x77, 0x77, 0x80, 0xdf,
    0x20, 0xa, 0xf7, 0x0, 0x0, 0x0, 0x1, 0xfd,
    0x0, 0x0, 0x0, 0xdf, 0x20, 0x1, 0xef, 0x20,
    0x0, 0x0, 0x5, 0xff, 0x70, 0x0, 0x0, 0xdf,
    0x20, 0x0, 0x8f, 0x90, 0x0, 0x0, 0xb, 0xfd,
    0xfb, 0x10, 0x0, 0xdf, 0x20, 0x0, 0x4f, 0xc0,
    0x0, 0x0, 0x4f, 0xc0, 0x8f, 0xe3, 0x0, 0xdf,
    0x20, 0x0, 0x9f, 0xb0, 0x0, 0x1, 0xef, 0x30,
    0x7, 0xff, 0x40, 0xdf, 0x23, 0xce, 0xff, 0x30,
    0x0, 0x1d, 0xf9, 0x0, 0x0, 0x7f, 0x90, 0xdf,
    0x20, 0xef, 0xc3, 0x0, 0x4, 0xef, 0xb0, 0x0,
    0x0, 0x5, 0x0, 0xdf, 0x20, 0x42, 0x0, 0x0,
    0xb, 0xfa, 0x0, 0x0, 0x0, 0x0, 0x0, 0xef,
    0x20, 0x0, 0x0, 0x0, 0x0, 0x50, 0x0, 0x0,
    0x0, 0x0, 0x0, 0xef, 0x20, 0x0, 0x0, 0x0,

    /* U+90FD "都" */
    0x0, 0x0, 0x0, 0x12, 0x0, 0x0, 0x0, 0x0,
    0x0, 0x0, 0x0, 0x0, 0x0, 0x0, 0x0, 0xdf,
    0x0, 0x0, 0x10, 0x0, 0x0, 0x0, 0x0, 0x0,
    0x0, 0x0, 0x0, 0xdf, 0x0, 0x4, 0xf6, 0xe,
    0xee, 0xee, 0xee, 0x40, 0x0, 0x12, 0x22, 0xdf,
    0x22, 0x1c, 0xf6, 0xf, 0xe9, 0x99, 0xff, 0x0,
    0x0, 0x7f, 0xff, 0xff, 0xff, 0x9f, 0xb0, 0xf,
    0xb0, 0x2, 0xfa, 0x0, 0x0, 0x23, 0x33, 0xdf,
    0x34, 0xef, 0x10, 0xf, 0xb0, 0x6, 0xf5, 0x0,
    0x0, 0x0, 0x0, 0xdf, 0x8, 0xf7, 0x0, 0xf,
    0xb0, 0xb, 0xf1, 0x0, 0x0, 0x0, 0x0, 0xdf,
    0x2f, 0xb0, 0x1, 0xf, 0xb0, 0xf, 0xb0, 0x0,
    0x9, 0xff, 0xff, 0xff, 0xff, 0xff, 0xff, 0x4f,
    0xb0, 0x4f, 0x70, 0x0, 0x4, 0x77, 0x66, 0x7f,
    0xf7, 0x66, 0x77, 0x1f, 0xb0, 0x9f, 0x20, 0x0,
    0x0, 0x0, 0x0, 0xcf, 0x40, 0x0, 0x0, 0xf,
    0xb0, 0xdf, 0x20, 0x0, 0x0, 0x0, 0x2d, 0xf7,
    0x22, 0x22, 0x10, 0xf, 0xb0, 0x3f, 0xd1, 0x0,
    0x0, 0x5, 0xff, 0xff, 0xff, 0xff, 0xc0, 0xf,
    0xb0, 0x5, 0xfb, 0x0, 0x2, 0xbf, 0xfc, 0x22,
    0x22, 0x2e, 0xb0, 0xf, 0xb0, 0x0, 0xbf, 0x40,
    0xa, 0xfd, 0xeb, 0x0, 0x0, 0xe, 0xb0, 0xf,
    0xb0, 0x0, 0x2f, 0xa0, 0x0, 0x60, 0xed, 0x77,
    0x77, 0x7f, 0xb0, 0xf, 0xb0, 0x0, 0xf, 0xd0,
    0x0, 0x0, 0xef, 0xff, 0xff, 0xff, 0xa0, 0xf,
    0xb0, 0x0, 0x2f, 0xd0, 0x0, 0x0, 0xeb, 0x0,
    0x0, 0xe, 0xa0, 0xf, 0xb0, 0x9b, 0xff, 0x80,
    0x0, 0x0, 0xeb, 0x0, 0x0, 0xe, 0xa0, 0xf,
    0xb0, 0x9f, 0xf8, 0x0, 0x0, 0x0, 0xef, 0xff,
    0xff, 0xff, 0xb0, 0xf, 0xb0, 0x24, 0x0, 0x0,
    0x0, 0x0, 0xed, 0x77, 0x77, 0x7f, 0xb0, 0xf,
    0xb0, 0x0, 0x0, 0x0, 0x0, 0x0, 0xfb, 0x0,
    0x0, 0xe, 0xc0, 0x1f, 0xb0, 0x0, 0x0, 0x0,
    0x0, 0x0, 0x11, 0x0, 0x0, 0x0, 0x0, 0x0,
    0x0, 0x0, 0x0, 0x0,

    /* U+9192 "醒" */
    0x0, 0x0, 0x0, 0x0, 0x0, 0x0, 0x33, 0x33,
    0x33, 0x33, 0x30, 0xb, 0xaa, 0xaa, 0xaa, 0xaa,
    0xb5, 0xf, 0xff, 0xff, 0xff, 0xff, 0x10, 0xee,
    0xdf, 0xfd, 0xfe, 0xee, 0x70, 0xfb, 0x33, 0x33,
    0x3a, 0xf0, 0x0, 0x0, 0xc9, 0xf, 0x80, 0x0,
    0xf, 0x90, 0x0, 0x0, 0x9f, 0x0, 0x0, 0xc,
    0x90, 0xf8, 0x0, 0x0, 0xfd, 0x88, 0x88, 0x8c,
    0xf0, 0x1, 0x22, 0xda, 0x2f, 0x92, 0x20, 0xf,
    0xff, 0xff, 0xff, 0xff, 0x0, 0x8f, 0xff, 0xff,
    0xff, 0xff, 0x30, 0xf9, 0x0, 0x0, 0x9, 0xf0,
    0x7, 0xf3, 0xda, 0x3f, 0x97, 0xf2, 0xf, 0x90,
    0x0, 0x0, 0x9f, 0x0, 0x7f, 0x1c, 0x91, 0xf8,
    0x6f, 0x20, 0xff, 0xff, 0xff, 0xff, 0xf1, 0x7,
    0xf1, 0xd8, 0x1f, 0x86, 0xf2, 0x5, 0x55, 0x5f,
    0xb5, 0x55, 0x0, 0x7f, 0x1e, 0x71, 0xf8, 0x6f,
    0x20, 0x98, 0x1, 0xf9, 0x0, 0x0, 0x6, 0xf3,
    0xf6, 0x1f, 0x86, 0xf2, 0xf, 0xc0, 0x1f, 0x90,
    0x0, 0x0, 0x6f, 0x7f, 0x30, 0xfc, 0x9f, 0x25,
    0xfc, 0x89, 0xfd, 0x88, 0x94, 0x6, 0xfe, 0xf0,
    0x9, 0xff, 0xf2, 0xbf, 0xdd, 0xdf, 0xfd, 0xde,
    0x60, 0x6f, 0x25, 0x0, 0x0, 0x6f, 0x4f, 0xb0,
    0x1, 0xf9, 0x0, 0x0, 0x6, 0xf4, 0x33, 0x33,
    0x38, 0xf8, 0xf3, 0x0, 0x1f, 0x90, 0x0, 0x0,
    0x6f, 0xff, 0xff, 0xff, 0xff, 0x23, 0x5f, 0xff,
    0xff, 0xff, 0xf0, 0x7, 0xf2, 0x11, 0x11, 0x17,
    0xf2, 0x3, 0x87, 0x8f, 0xc7, 0x78, 0x0, 0x7f,
    0x10, 0x0, 0x0, 0x6f, 0x20, 0x0, 0x1, 0xf9,
    0x0, 0x0, 0x7, 0xff, 0xff, 0xff, 0xff, 0xf2,
    0x0, 0x0, 0x1f, 0x90, 0x0, 0x0, 0x7f, 0x77,
    0x77, 0x77, 0xaf, 0x38, 0x88, 0x88, 0xfc, 0x88,
    0x88, 0x18, 0xf1, 0x0, 0x0, 0x6, 0xf3, 0xff,
    0xee, 0xee, 0xee, 0xef, 0xf3, 0x13, 0x0, 0x0,
    0x0, 0x0, 0x0, 0x0, 0x0, 0x0, 0x0, 0x0,
    0x0,

    /* U+91CD "重" */
    0x0, 0x0, 0x0, 0x0, 0x0, 0x0, 0x0, 0x0,
    0x0, 0x0, 0x0, 0x0, 0x0, 0x0, 0x0, 0x0,
    0x0, 0x13, 0x58, 0xbe, 0x30, 0x0, 0x0, 0x39,
    0x9a, 0xab, 0xcd, 0xef, 0xff, 0xff, 0xff, 0xb0,
    0x0, 0x0, 0x1f, 0xfe, 0xdb, 0xa9, 0xef, 0x75,
    0x42, 0x10, 0x0, 0x0, 0x0, 0x0, 0x0, 0x0,
    0x0, 0xdf, 0x10, 0x0, 0x0, 0x0, 0x0, 0x29,
    0x98, 0x88, 0x88, 0x88, 0xef, 0x98, 0x88, 0x88,
    0x88, 0x97, 0x4f, 0xff, 0xff, 0xff, 0xff, 0xff,
    0xff, 0xff, 0xff, 0xff, 0xfb, 0x0, 0x0, 0x0,
    0x0, 0x0, 0xdf, 0x10, 0x0, 0x0, 0x0, 0x0,
    0x0, 0x0, 0x77, 0x77, 0x77, 0xef, 0x77, 0x77,
    0x77, 0x50, 0x0, 0x0, 0x0, 0xff, 0xff, 0xff,
    0xff, 0xff, 0xff, 0xff, 0xb0, 0x0, 0x0, 0x0,
    0xfc, 0x0, 0x0, 0xdf, 0x10, 0x0, 0x2f, 0xa0,
    0x0, 0x0, 0x0, 0xfe, 0x88, 0x88, 0xef, 0x98,
    0x88, 0x9f, 0xa0, 0x0, 0x0, 0x0, 0xff, 0xff,
    0xff, 0xff, 0xff, 0xff, 0xff, 0xa0, 0x0, 0x0,
    0x0, 0xfc, 0x0, 0x0, 0xdf, 0x10, 0x0, 0x3f,
    0xa0, 0x0, 0x0, 0x0, 0xff, 0xff, 0xff, 0xff,
    0xff, 0xff, 0xff, 0xb0, 0x0, 0x0, 0x0, 0x88,
    0x88, 0x88, 0xef, 0x98, 0x88, 0x88, 0x60, 0x0,
    0x0, 0x0, 0x0, 0x0, 0x0, 0xdf, 0x10, 0x0,
    0x0, 0x0, 0x0, 0x0, 0x3f, 0xff, 0xff, 0xff,
    0xff, 0xff, 0xff, 0xff, 0xfd, 0x0, 0x0, 0x16,
    0x66, 0x55, 0x55, 0xef, 0x65, 0x55, 0x56, 0x65,
    0x0, 0x0, 0x0, 0x0, 0x0, 0x0, 0xdf, 0x10,
    0x0, 0x0, 0x0, 0x0, 0x9, 0x88, 0x88, 0x88,
    0x88, 0xef, 0x88, 0x88, 0x88, 0x88, 0x85, 0x1f,
    0xff, 0xee, 0xee, 0xee, 0xee, 0xee, 0xee, 0xee,
    0xee, 0xf9,

    /* U+949F "钟" */
    0x0, 0x0, 0x0, 0x0, 0x0, 0x0, 0x0, 0x1,
    0x20, 0x0, 0x0, 0x0, 0x0, 0x4, 0xea, 0x10,
    0x0, 0x0, 0x0, 0xdf, 0x20, 0x0, 0x0, 0x0,
    0x0, 0x9f, 0xb0, 0x0, 0x0, 0x0, 0xd, 0xf1,
    0x0, 0x0, 0x0, 0x0, 0xe, 0xf3, 0x0, 0x0,
    0x0, 0x0, 0xcf, 0x10, 0x0, 0x0, 0x0, 0x7,
    0xff, 0xaa, 0xb7, 0x0, 0x0, 0xc, 0xf1, 0x0,
    0x0, 0x0, 0x2, 0xff, 0xdd, 0xde, 0x91, 0x88,
    0x88, 0xef, 0x98, 0x88, 0x80, 0x0, 0xcf, 0x70,
    0x0, 0x0, 0x1f, 0xff, 0xff, 0xff, 0xff, 0xff,
    0x0, 0xaf, 0xb0, 0x0, 0x0, 0x1, 0xfb, 0x0,
    0xcf, 0x10, 0xc, 0xf0, 0xa, 0xd5, 0x99, 0x89,
    0x90, 0xf, 0xb0, 0xc, 0xf1, 0x0, 0xcf, 0x0,
    0x11, 0x7e, 0xff, 0xee, 0x0, 0xfb, 0x0, 0xcf,
    0x10, 0xc, 0xf0, 0x0, 0x0, 0x1f, 0xb0, 0x0,
    0xf, 0xb0, 0xc, 0xf1, 0x0, 0xcf, 0x0, 0x0,
    0x1, 0xfb, 0x0, 0x0, 0xfb, 0x0, 0xcf, 0x10,
    0xc, 0xf0, 0x0, 0x68, 0x8f, 0xd7, 0x86, 0xf,
    0xb0, 0xc, 0xf1, 0x0, 0xcf, 0x0, 0xc, 0xff,
    0xff, 0xff, 0xb0, 0xfe, 0x88, 0xef, 0x98, 0x8e,
    0xf0, 0x0, 0x10, 0x1f, 0xb0, 0x11, 0xf, 0xff,
    0xff, 0xff, 0xff, 0xff, 0x0, 0x0, 0x1, 0xfb,
    0x0, 0x1, 0xfb, 0x0, 0xcf, 0x10, 0xc, 0xf0,
    0x0, 0x0, 0x1f, 0xb0, 0x10, 0x18, 0x60, 0xc,
    0xf1, 0x0, 0x68, 0x0, 0x0, 0x1, 0xfb, 0x4e,
    0x60, 0x0, 0x0, 0xcf, 0x10, 0x0, 0x0, 0x0,
    0x0, 0x3f, 0xef, 0xe4, 0x0, 0x0, 0xc, 0xf1,
    0x0, 0x0, 0x0, 0x0, 0x8, 0xff, 0xc1, 0x0,
    0x0, 0x0, 0xdf, 0x10, 0x0, 0x0, 0x0, 0x0,
    0x9f, 0x90, 0x0, 0x0, 0x0, 0xd, 0xf1, 0x0,
    0x0, 0x0, 0x0, 0x0, 0x40, 0x0, 0x0, 0x0,
    0x0, 0xef, 0x20, 0x0, 0x0,

    /* U+957F "长" */
    0x0, 0x0, 0x4, 0x51, 0x0, 0x0, 0x0, 0x1,
    0x0, 0x0, 0x0, 0x0, 0x0, 0xb, 0xf4, 0x0,
    0x0, 0x0, 0x5f, 0x50, 0x0, 0x0, 0x0, 0x0,
    0xa, 0xf3, 0x0, 0x0, 0x3, 0xff, 0xb0, 0x0,
    0x0, 0x0, 0x0, 0xa, 0xf3, 0x0, 0x0, 0x2e,
    0xfa, 0x0, 0x0, 0x0, 0x0, 0x0, 0xa, 0xf3,
    0x0, 0x2, 0xef, 0x90, 0x0, 0x0, 0x0, 0x0,
    0x0, 0xa, 0xf3, 0x0, 0x2e, 0xf9, 0x0, 0x0,
    0x0, 0x0, 0x0, 0x0, 0xa, 0xf3, 0x3, 0xef,
    0x90, 0x0, 0x0, 0x0, 0x0, 0x0, 0x0, 0xa,
    0xf3, 0x1e, 0xf8, 0x0, 0x0, 0x0, 0x0, 0x0,
    0x0, 0x0, 0xa, 0xf3, 0x3, 0x80, 0x0, 0x0,
    0x0, 0x0, 0x0, 0xac, 0xbb, 0xbe, 0xfc, 0xbb,
    0xbb, 0xbb, 0xbb, 0xbb, 0xbc, 0xc2, 0xdf, 0xff,
    0xff, 0xff, 0xff, 0xff, 0xff, 0xff, 0xff, 0xff,
    0xf3, 0x0, 0x0, 0xa, 0xf3, 0x0, 0x3f, 0xb0,
    0x0, 0x0, 0x0, 0x0, 0x0, 0x0, 0xa, 0xf3,
    0x0, 0xd, 0xf2, 0x0, 0x0, 0x0, 0x0, 0x0,
    0x0, 0xa, 0xf3, 0x0, 0x6, 0xfb, 0x0, 0x0,
    0x0, 0x0, 0x0, 0x0, 0xa, 0xf3, 0x0, 0x0,
    0xdf, 0x60, 0x0, 0x0, 0x0, 0x0, 0x0, 0xa,
    0xf3, 0x0, 0x0, 0x3f, 0xf4, 0x0, 0x0, 0x0,
    0x0, 0x0, 0xa, 0xf3, 0x2, 0xc5, 0x7, 0xff,
    0x50, 0x0, 0x0, 0x0, 0x0, 0xa, 0xf3, 0x7f,
    0xfe, 0x0, 0x9f, 0xf9, 0x0, 0x0, 0x0, 0x0,
    0xb, 0xfe, 0xff, 0xa1, 0x0, 0x9, 0xff, 0xe7,
    0x0, 0x0, 0x0, 0x1e, 0xff, 0xd4, 0x0, 0x0,
    0x0, 0x5f, 0xff, 0xa0, 0x0, 0x0, 0x2f, 0xfa,
    0x0, 0x0, 0x0, 0x0, 0x1, 0xaa, 0x0, 0x0,
    0x0, 0x5, 0x70, 0x0, 0x0, 0x0, 0x0, 0x0,
    0x0, 0x0,

    /* U+95F4 "间" */
    0x0, 0x17, 0x0, 0x0, 0x0, 0x0, 0x0, 0x0,
    0x0, 0x0, 0x0, 0xcf, 0x80, 0x0, 0x21, 0x11,
    0x11, 0x11, 0x11, 0x10, 0x0, 0x2f, 0xf4, 0x0,
    0xef, 0xff, 0xff, 0xff, 0xff, 0xfd, 0x0, 0x7,
    0xfe, 0x10, 0x89, 0x88, 0x88, 0x88, 0x89, 0xfd,
    0x1, 0x0, 0x93, 0x0, 0x0, 0x0, 0x0, 0x0,
    0x1, 0xfd, 0xef, 0x20, 0x0, 0x0, 0x0, 0x0,
    0x0, 0x0, 0x1, 0xfc, 0xdf, 0x10, 0x5, 0x77,
    0x77, 0x77, 0x77, 0x50, 0x1, 0xfc, 0xdf, 0x10,
    0xc, 0xff, 0xff, 0xff, 0xff, 0xc0, 0x1, 0xfc,
    0xcf, 0x10, 0xc, 0xf1, 0x0, 0x0, 0x1f, 0xb0,
    0x1, 0xfc, 0xcf, 0x10, 0xb, 0xf0, 0x0, 0x0,
    0x1f, 0xb0, 0x1, 0xfc, 0xcf, 0x10, 0xb, 0xf0,
    0x0, 0x0, 0x1f, 0xb0, 0x1, 0xfc, 0xcf, 0x10,
    0xb, 0xff, 0xff, 0xff, 0xff, 0xb0, 0x1, 0xfc,
    0xcf, 0x10, 0xb, 0xf9, 0x88, 0x88, 0x9f, 0xb0,
    0x1, 0xfc, 0xcf, 0x10, 0xb, 0xf0, 0x0, 0x0,
    0x1f, 0xb0, 0x1, 0xfc, 0xcf, 0x10, 0xb, 0xf0,
    0x0, 0x0, 0x1f, 0xb0, 0x1, 0xfc, 0xcf, 0x10,
    0xc, 0xf0, 0x0, 0x0, 0x1f, 0xb0, 0x1, 0xfc,
    0xcf, 0x10, 0xc, 0xff, 0xff, 0xff, 0xff, 0xb0,
    0x1, 0xfc, 0xcf, 0x10, 0x7, 0x88, 0x88, 0x88,
    0x88, 0x60, 0x1, 0xfc, 0xdf, 0x10, 0x0, 0x0,
    0x0, 0x0, 0x0, 0x0, 0x1, 0xfc, 0xdf, 0x10,
    0x0, 0x0, 0x0, 0x0, 0x0, 0x0, 0x5, 0xfc,
    0xef, 0x20, 0x0, 0x0, 0x0, 0x0, 0x0, 0xa,
    0xff, 0xfa, 0xff, 0x20, 0x0, 0x0, 0x0, 0x0,
    0x0, 0x5, 0xff, 0xb2, 0x0, 0x0, 0x0, 0x0,
    0x0, 0x0, 0x0, 0x1, 0x41, 0x0,

    /* U+95F9 "闹" */
    0x0, 0x75, 0x0, 0x0, 0x0, 0x0, 0x0, 0x0,
    0x0, 0x0, 0x0, 0x1e, 0xf6, 0x0, 0x38, 0x77,
    0x77, 0x77, 0x77, 0x77, 0x70, 0x0, 0x2e, 0xf5,
    0x5, 0xff, 0xff, 0xff, 0xff, 0xff, 0xff, 0x0,
    0x0, 0x4c, 0x30, 0x0, 0x30, 0x0, 0x0, 0x0,
    0xc, 0xf0, 0x66, 0x0, 0x0, 0x0, 0x8f, 0x50,
    0x0, 0x0, 0x0, 0xcf, 0xe, 0xe0, 0x0, 0x0,
    0x0, 0xdd, 0x0, 0x0, 0x0, 0xc, 0xf0, 0xdd,
    0x0, 0x0, 0x0, 0x2, 0x0, 0x0, 0x0, 0x0,
    0xcf, 0xd, 0xd0, 0x2f, 0xff, 0xff, 0xff, 0xff,
    0xff, 0xf3, 0xc, 0xf0, 0xdd, 0x1, 0x87, 0x65,
    0x5f, 0xd5, 0x56, 0x67, 0x10, 0xcf, 0xd, 0xd0,
    0x0, 0x0, 0x0, 0xec, 0x0, 0x0, 0x0, 0xc,
    0xf0, 0xdd, 0x0, 0x23, 0x33, 0x3e, 0xc3, 0x33,
    0x32, 0x0, 0xcf, 0xd, 0xd0, 0xc, 0xff, 0xff,
    0xff, 0xff, 0xff, 0xd0, 0xc, 0xf0, 0xdd, 0x0,
    0xaf, 0x22, 0x2e, 0xc2, 0x22, 0xfc, 0x0, 0xcf,
    0xd, 0xd0, 0xa, 0xf1, 0x0, 0xec, 0x0, 0xf,
    0xb0, 0xc, 0xf0, 0xdd, 0x0, 0xaf, 0x10, 0xe,
    0xc0, 0x0, 0xfb, 0x0, 0xcf, 0xd, 0xd0, 0xa,
    0xf1, 0x0, 0xec, 0x0, 0xf, 0xb0, 0xc, 0xf0,
    0xdd, 0x0, 0xaf, 0x10, 0xe, 0xc0, 0x14, 0xfb,
    0x0, 0xcf, 0xd, 0xd0, 0xc, 0xf1, 0x0, 0xec,
    0x9, 0xff, 0x80, 0xc, 0xf0, 0xdd, 0x0, 0x45,
    0x0, 0xf, 0xc0, 0x28, 0x40, 0x0, 0xcf, 0xd,
    0xd0, 0x0, 0x0, 0x0, 0xfd, 0x0, 0x0, 0x0,
    0xe, 0xe0, 0xed, 0x0, 0x0, 0x0, 0xb, 0xa0,
    0x0, 0x6, 0xdf, 0xfc, 0xe, 0xd0, 0x0, 0x0,
    0x0, 0x0, 0x0, 0x0, 0x1d, 0xa7, 0x10,

    /* U+95FB "闻" */
    0x0, 0x2, 0x0, 0x0, 0x0, 0x0, 0x0, 0x0,
    0x0, 0x0, 0x0, 0xbf, 0x30, 0x1, 0x11, 0x0,
    0x0, 0x0, 0x0, 0x0, 0x0, 0x7f, 0xe0, 0xa,
    0xff, 0xff, 0xff, 0xff, 0xff, 0xfd, 0x0, 0x9,
    0xf8, 0x5, 0x77, 0x77, 0x77, 0x77, 0x77, 0xfc,
    0x1, 0x0, 0x60, 0x0, 0x0, 0x0, 0x0, 0x0,
    0x0, 0xfc, 0xdf, 0x0, 0x0, 0x0, 0x0, 0x0,
    0x0, 0x0, 0x0, 0xfc, 0xcf, 0x0, 0x76, 0x66,
    0x66, 0x66, 0x66, 0x67, 0x0, 0xfc, 0xcf, 0x1,
    0xff, 0xff, 0xff, 0xff, 0xff, 0xff, 0x0, 0xfc,
    0xcf, 0x0, 0x1, 0xf9, 0x0, 0x0, 0x9f, 0x10,
    0x0, 0xfc, 0xcf, 0x0, 0x1, 0xfb, 0x55, 0x55,
    0xbf, 0x10, 0x0, 0xfc, 0xcf, 0x0, 0x1, 0xff,
    0xff, 0xff, 0xff, 0x10, 0x0, 0xfc, 0xcf, 0x0,
    0x1, 0xfa, 0x11, 0x11, 0xaf, 0x10, 0x0, 0xfc,
    0xcf, 0x0, 0x1, 0xf9, 0x0, 0x0, 0x9f, 0x10,
    0x0, 0xfc, 0xcf, 0x0, 0x1, 0xff, 0xff, 0xff,
    0xff, 0x10, 0x0, 0xfc, 0xcf, 0x0, 0x1, 0xfc,
    0x77, 0x77, 0xcf, 0x10, 0x0, 0xfc, 0xcf, 0x0,
    0x1, 0xf9, 0x0, 0x0, 0x9f, 0x10, 0x0, 0xfc,
    0xcf, 0x0, 0x14, 0xfc, 0x89, 0x9a, 0xef, 0xff,
    0xa0, 0xfc, 0xcf, 0x8, 0xff, 0xff, 0xff, 0xed,
    0xef, 0x97, 0x40, 0xfc, 0xcf, 0x3, 0x96, 0x42,
    0x10, 0x0, 0xaf, 0x10, 0x0, 0xfc, 0xcf, 0x0,
    0x0, 0x0, 0x0, 0x0, 0xaf, 0x20, 0x1, 0xfb,
    0xdf, 0x0, 0x0, 0x0, 0x0, 0x0, 0x8c, 0x15,
    0xac, 0xf9, 0xef, 0x0, 0x0, 0x0, 0x0, 0x0,
    0x0, 0x2, 0xff, 0xb1, 0x0, 0x0, 0x0, 0x0,
    0x0, 0x0, 0x0, 0x0, 0x30, 0x0,

    /* U+9632 "防" */
    0x0, 0x0, 0x0, 0x0, 0x0, 0x0, 0x19, 0x40,
    0x0, 0x0, 0x0, 0x0, 0x0, 0x0, 0x0, 0x0,
    0x6, 0xfd, 0x0, 0x0, 0x0, 0xdf, 0xff, 0xff,
    0xfc, 0x0, 0x0, 0xd, 0xf5, 0x0, 0x0, 0xc,
    0xf8, 0x88, 0xcf, 0x70, 0x0, 0x0, 0x6a, 0x30,
    0x0, 0x0, 0xcf, 0x0, 0xb, 0xf6, 0x99, 0x88,
    0x88, 0x88, 0x88, 0x89, 0x8c, 0xf0, 0x1, 0xfb,
    0x7f, 0xff, 0xff, 0xff, 0xff, 0xff, 0xfd, 0xcf,
    0x0, 0x7f, 0x50, 0x0, 0xaf, 0x0, 0x0, 0x0,
    0x1, 0x1c, 0xf0, 0xd, 0xe0, 0x0, 0xa, 0xf0,
    0x0, 0x0, 0x0, 0x0, 0xcf, 0x3, 0xf8, 0x0,
    0x0, 0xaf, 0x0, 0x0, 0x0, 0x0, 0xc, 0xf0,
    0x8f, 0x60, 0x0, 0xa, 0xf8, 0x88, 0x88, 0x88,
    0x30, 0xcf, 0x1, 0xee, 0x10, 0x0, 0xbf, 0xff,
    0xff, 0xff, 0xf4, 0xc, 0xf0, 0x4, 0xf8, 0x0,
    0xc, 0xf1, 0x11, 0x11, 0xbf, 0x10, 0xcf, 0x0,
    0xb, 0xf0, 0x0, 0xed, 0x0, 0x0, 0xc, 0xf0,
    0xc, 0xf0, 0x0, 0x6f, 0x50, 0xf, 0xb0, 0x0,
    0x0, 0xee, 0x0, 0xcf, 0x0, 0x4, 0xf6, 0x5,
    0xf7, 0x0, 0x0, 0xf, 0xc0, 0xc, 0xf0, 0x46,
    0xdf, 0x40, 0xaf, 0x20, 0x0, 0x2, 0xfa, 0x0,
    0xcf, 0xd, 0xff, 0xa0, 0x2f, 0xc0, 0x0, 0x0,
    0x4f, 0x80, 0xc, 0xf0, 0x56, 0x20, 0xb, 0xf5,
    0x0, 0x0, 0x5, 0xf6, 0x0, 0xcf, 0x0, 0x0,
    0x7, 0xfc, 0x0, 0x0, 0x0, 0xaf, 0x40, 0xc,
    0xf0, 0x0, 0x5, 0xff, 0x20, 0x6, 0x88, 0xbf,
    0xf0, 0x0, 0xcf, 0x0, 0x5, 0xff, 0x60, 0x0,
    0x5f, 0xff, 0xe5, 0x0, 0xd, 0xf0, 0x0, 0x1c,
    0x80, 0x0, 0x1, 0x86, 0x30, 0x0, 0x0, 0x0,
    0x0, 0x0, 0x0, 0x0, 0x0, 0x0, 0x0, 0x0,
    0x0, 0x0,

    /* U+9634 "阴" */
    0x7, 0x77, 0x77, 0x77, 0x74, 0x6, 0x77, 0x77,
    0x77, 0x77, 0x60, 0xff, 0xff, 0xff, 0xff, 0x50,
    0xef, 0xff, 0xff, 0xff, 0xfd, 0xf, 0xc0, 0x0,
    0xd, 0xf0, 0xd, 0xf4, 0x33, 0x33, 0x4f, 0xd0,
    0xfc, 0x0, 0x2, 0xfa, 0x0, 0xdf, 0x10, 0x0,
    0x1, 0xfc, 0xf, 0xc0, 0x0, 0x8f, 0x40, 0xd,
    0xf1, 0x0, 0x0, 0x1f, 0xc0, 0xfc, 0x0, 0xd,
    0xf0, 0x0, 0xcf, 0x10, 0x0, 0x1, 0xfc, 0xf,
    0xc0, 0x3, 0xfa, 0x0, 0xc, 0xfc, 0xbb, 0xbb,
    0xcf, 0xc0, 0xfc, 0x0, 0x8f, 0x40, 0x0, 0xcf,
    0xff, 0xff, 0xff, 0xfc, 0xf, 0xc0, 0xd, 0xf2,
    0x0, 0xd, 0xf1, 0x0, 0x0, 0x1f, 0xc0, 0xfc,
    0x0, 0x4f, 0xb0, 0x0, 0xdf, 0x0, 0x0, 0x1,
    0xfc, 0xf, 0xc0, 0x0, 0xbf, 0x30, 0xd, 0xf0,
    0x0, 0x0, 0x1f, 0xc0, 0xfc, 0x0, 0x3, 0xfa,
    0x0, 0xef, 0xbb, 0xbb, 0xbb, 0xfc, 0xf, 0xc0,
    0x0, 0xe, 0xe0, 0xf, 0xff, 0xff, 0xff, 0xff,
    0xc0, 0xfc, 0x0, 0x0, 0xdf, 0x3, 0xfb, 0x11,
    0x11, 0x12, 0xfc, 0xf, 0xc0, 0x1, 0x6f, 0xe0,
    0x7f, 0x60, 0x0, 0x0, 0x1f, 0xc0, 0xfc, 0x9,
    0xff, 0xf7, 0xc, 0xf1, 0x0, 0x0, 0x1, 0xfc,
    0xf, 0xc0, 0x1e, 0xa4, 0x3, 0xfb, 0x0, 0x0,
    0x0, 0x1f, 0xc0, 0xfc, 0x0, 0x0, 0x0, 0xcf,
    0x40, 0x0, 0x0, 0x1, 0xfc, 0xf, 0xc0, 0x0,
    0x0, 0x8f, 0xb0, 0x0, 0x0, 0x11, 0x5f, 0xc0,
    0xfc, 0x0, 0x0, 0x6f, 0xf2, 0x0, 0x0, 0x1e,
    0xff, 0xfa, 0x1f, 0xc0, 0x0, 0x2, 0xb5, 0x0,
    0x0, 0x0, 0x7e, 0xc8, 0x10,

    /* U+964D "降" */
    0x0, 0x0, 0x0, 0x0, 0x0, 0x0, 0x94, 0x0,
    0x0, 0x0, 0x0, 0x0, 0xaa, 0xaa, 0xaa, 0x70,
    0x0, 0x3f, 0xd0, 0x0, 0x0, 0x0, 0x0, 0xf,
    0xff, 0xff, 0xf6, 0x0, 0xb, 0xf8, 0x55, 0x55,
    0x55, 0x0, 0x0, 0xfb, 0x0, 0xaf, 0x10, 0x4,
    0xff, 0xff, 0xff, 0xff, 0xa0, 0x0, 0xf, 0xb0,
    0xe, 0xb0, 0x1, 0xef, 0xb1, 0x11, 0x1e, 0xf1,
    0x0, 0x0, 0xfb, 0x3, 0xf6, 0x0, 0xbf, 0xcf,
    0x70, 0xa, 0xf6, 0x0, 0x0, 0xf, 0xb0, 0x8f,
    0x10, 0x7f, 0xa0, 0xcf, 0x79, 0xf9, 0x0, 0x0,
    0x0, 0xfb, 0xe, 0xb0, 0x0, 0x60, 0x1, 0xdf,
    0xfb, 0x0, 0x0, 0x0, 0xf, 0xb4, 0xf7, 0x0,
    0x0, 0x0, 0x6f, 0xff, 0xe7, 0x10, 0x0, 0x0,
    0xfb, 0x1e, 0xd0, 0x0, 0x38, 0xef, 0xd5, 0x5d,
    0xff, 0xeb, 0x90, 0xf, 0xb0, 0x5f, 0x83, 0xff,
    0xfd, 0x60, 0xaf, 0x4, 0x9d, 0xf9, 0x0, 0xfb,
    0x0, 0xbf, 0x28, 0x93, 0x0, 0xa, 0xf0, 0x0,
    0x1, 0x10, 0xf, 0xb0, 0x4, 0xf8, 0x8, 0xff,
    0xff, 0xff, 0xff, 0xff, 0x60, 0x0, 0xfb, 0x0,
    0x4f, 0x90, 0x59, 0x98, 0x8d, 0xf9, 0x88, 0x93,
    0x0, 0xf, 0xb0, 0x2b, 0xf8, 0x33, 0x0, 0x0,
    0x9f, 0x10, 0x0, 0x0, 0x0, 0xfb, 0x6f, 0xff,
    0x2a, 0xf3, 0x0, 0x9, 0xf1, 0x0, 0x0, 0x0,
    0xf, 0xb0, 0xea, 0x20, 0xcf, 0x77, 0x77, 0xcf,
    0x77, 0x77, 0x75, 0x0, 0xfb, 0x0, 0x0, 0xf,
    0xff, 0xff, 0xff, 0xff, 0xff, 0xff, 0x90, 0xf,
    0xb0, 0x0, 0x0, 0x0, 0x0, 0x0, 0xaf, 0x10,
    0x1, 0x11, 0x0, 0xfb, 0x0, 0x0, 0x0, 0x0,
    0x0, 0x9, 0xf1, 0x0, 0x0, 0x0, 0xf, 0xb0,
    0x0, 0x0, 0x0, 0x0, 0x0, 0xaf, 0x10, 0x0,
    0x0, 0x1, 0xfb, 0x0, 0x0, 0x0, 0x0, 0x0,
    0xa, 0xf2, 0x0, 0x0, 0x0,

    /* U+9664 "除" */
    0x0, 0x0, 0x0, 0x0, 0x0, 0x0, 0x73, 0x0,
    0x0, 0x0, 0x0, 0x0, 0x0, 0x0, 0x0, 0x0,
    0x2, 0xff, 0x20, 0x0, 0x0, 0x0, 0xef, 0xff,
    0xff, 0xf1, 0x0, 0x9, 0xff, 0x40, 0x0, 0x0,
    0x0, 0xee, 0x77, 0x7f, 0xb0, 0x0, 0x2f, 0xcd,
    0xe1, 0x0, 0x0, 0x0, 0xdd, 0x0, 0x4f, 0x50,
    0x0, 0xbf, 0x24, 0xfc, 0x0, 0x0, 0x0, 0xdd,
    0x0, 0xaf, 0x0, 0x7, 0xf8, 0x0, 0x8f, 0xb0,
    0x0, 0x0, 0xdd, 0x0, 0xea, 0x0, 0x3f, 0xc0,
    0x0, 0xa, 0xfd, 0x40, 0x0, 0xdd, 0x6, 0xf5,
    0x3, 0xee, 0x21, 0x11, 0x11, 0xbf, 0xfb, 0x30,
    0xdd, 0xd, 0xf0, 0x4f, 0xfc, 0xff, 0xff, 0xff,
    0xf8, 0xff, 0xa0, 0xdd, 0xd, 0xe1, 0x2d, 0x54,
    0x98, 0xcf, 0x98, 0x90, 0x2a, 0x0, 0xdd, 0x2,
    0xfb, 0x0, 0x0, 0x0, 0x8f, 0x10, 0x0, 0x0,
    0x0, 0xdd, 0x0, 0x8f, 0x40, 0x0, 0x0, 0x8f,
    0x10, 0x0, 0x0, 0x0, 0xdd, 0x0, 0x1f, 0xa9,
    0xff, 0xff, 0xff, 0xff, 0xff, 0xf5, 0x0, 0xdd,
    0x0, 0xe, 0xd5, 0x99, 0x88, 0xcf, 0x98, 0x89,
    0x93, 0x0, 0xdd, 0x0, 0x3f, 0xd0, 0x0, 0x0,
    0x8f, 0x10, 0x0, 0x0, 0x0, 0xdd, 0x2d, 0xff,
    0x70, 0xa, 0x30, 0x8f, 0x10, 0x82, 0x0, 0x0,
    0xdd, 0xd, 0xf7, 0x0, 0x7f, 0xb0, 0x8f, 0x16,
    0xfd, 0x10, 0x0, 0xdd, 0x2, 0x0, 0x3, 0xfd,
    0x10, 0x8f, 0x10, 0x8f, 0xb0, 0x0, 0xdd, 0x0,
    0x0, 0x2e, 0xf2, 0x0, 0x8f, 0x10, 0xa, 0xfb,
    0x0, 0xdd, 0x0, 0x0, 0xaf, 0x40, 0x0, 0xbf,
    0x10, 0x0, 0xde, 0x40, 0xed, 0x0, 0x0, 0x4,
    0x0, 0xbf, 0xfe, 0x0, 0x0, 0x21, 0x0, 0xed,
    0x0, 0x0, 0x0, 0x0, 0x5f, 0xc4, 0x0, 0x0,
    0x0, 0x0, 0x0, 0x0, 0x0, 0x0, 0x0, 0x0,
    0x0, 0x0, 0x0, 0x0, 0x0,

    /* U+96E8 "雨" */
    0x12, 0x11, 0x11, 0x11, 0x11, 0x11, 0x11, 0x11,
    0x11, 0x12, 0x31, 0x7f, 0xff, 0xff, 0xff, 0xff,
    0xff, 0xff, 0xff, 0xff, 0xff, 0xf7, 0x49, 0x98,
    0x88, 0x88, 0x88, 0xef, 0x98, 0x88, 0x88, 0x88,
    0x94, 0x0, 0x0, 0x0, 0x0, 0x0, 0xcf, 0x10,
    0x0, 0x0, 0x0, 0x0, 0x0, 0x0, 0x0, 0x0,
    0x0, 0xcf, 0x10, 0x0, 0x0, 0x0, 0x0, 0x1,
    0xaa, 0xaa, 0xaa, 0xaa, 0xef, 0xaa, 0xaa, 0xaa,
    0xaa, 0x90, 0x2, 0xff, 0xff, 0xff, 0xff, 0xff,
    0xff, 0xff, 0xff, 0xff, 0xd0, 0x1, 0xfe, 0x0,
    0x0, 0x0, 0xcf, 0x10, 0x0, 0x0, 0x1f, 0xd0,
    0x0, 0xfe, 0x0, 0x70, 0x0, 0xcf, 0x10, 0x71,
    0x0, 0x1f, 0xd0, 0x0, 0xfe, 0x5, 0xfd, 0x10,
    0xcf, 0x17, 0xfe, 0x30, 0x1f, 0xc0, 0x0, 0xfe,
    0x0, 0x8f, 0xd0, 0xcf, 0x10, 0x9f, 0xf3, 0x1f,
    0xc0, 0x0, 0xfe, 0x0, 0x7, 0x40, 0xcf, 0x10,
    0x5, 0xa0, 0x1f, 0xc0, 0x0, 0xfe, 0x0, 0x0,
    0x0, 0xcf, 0x10, 0x0, 0x0, 0x1f, 0xc0, 0x0,
    0xfe, 0x1, 0x60, 0x0, 0xcf, 0x10, 0x40, 0x0,
    0x1f, 0xc0, 0x0, 0xfe, 0xb, 0xf8, 0x0, 0xcf,
    0x15, 0xfc, 0x10, 0x1f, 0xc0, 0x0, 0xfe, 0x2,
    0xdf, 0x90, 0xcf, 0x11, 0xbf, 0xe1, 0x1f, 0xc0,
    0x0, 0xfe, 0x0, 0x1c, 0x30, 0xcf, 0x10, 0x8,
    0x80, 0x1f, 0xc0, 0x0, 0xfe, 0x0, 0x0, 0x0,
    0xcf, 0x10, 0x0, 0x0, 0x1f, 0xc0, 0x0, 0xfe,
    0x0, 0x0, 0x0, 0xcf, 0x10, 0x0, 0x0, 0x4f,
    0xc0, 0x1, 0xfe, 0x0, 0x0, 0x0, 0xcf, 0x10,
    0x0, 0x4f, 0xff, 0xa0, 0x2, 0xdb, 0x0, 0x0,
    0x0, 0x34, 0x0, 0x0, 0xf, 0xeb, 0x20,

    /* U+96EA "雪" */
    0x0, 0x38, 0x77, 0x77, 0x77, 0x77, 0x77, 0x77,
    0x77, 0x76, 0x0, 0x0, 0x6e, 0xed, 0xdd, 0xdd,
    0xff, 0xdd, 0xdd, 0xde, 0xeb, 0x0, 0x0, 0x0,
    0x0, 0x0, 0x0, 0xbf, 0x0, 0x0, 0x0, 0x0,
    0x0, 0x5, 0x55, 0x55, 0x55, 0x55, 0xdf, 0x65,
    0x55, 0x55, 0x55, 0x50, 0xf, 0xff, 0xff, 0xff,
    0xff, 0xff, 0xff, 0xff, 0xff, 0xff, 0xf2, 0xf,
    0xc0, 0x0, 0x0, 0x0, 0xbf, 0x0, 0x0, 0x0,
    0x8, 0xf1, 0xf, 0xc0, 0x45, 0x55, 0x40, 0xbf,
    0x4, 0x55, 0x55, 0x8, 0xf1, 0xf, 0xb0, 0xbf,
    0xff, 0xb0, 0xbf, 0xb, 0xff, 0xfe, 0x7, 0xf2,
    0x0, 0x0, 0x0, 0x0, 0x0, 0xbf, 0x0, 0x0,
    0x0, 0x0, 0x0, 0x0, 0x0, 0xff, 0xff, 0xf0,
    0xbf, 0x1a, 0xff, 0xff, 0x50, 0x0, 0x0, 0x0,
    0x55, 0x55, 0x50, 0x45, 0x3, 0x55, 0x55, 0x10,
    0x0, 0x0, 0x0, 0x0, 0x0, 0x0, 0x0, 0x0,
    0x0, 0x0, 0x0, 0x0, 0x0, 0x28, 0x77, 0x77,
    0x77, 0x77, 0x77, 0x77, 0x77, 0x72, 0x0, 0x0,
    0x4e, 0xed, 0xdd, 0xdd, 0xdd, 0xdd, 0xdd, 0xde,
    0xf4, 0x0, 0x0, 0x0, 0x0, 0x0, 0x0, 0x0,
    0x0, 0x0, 0x7, 0xf4, 0x0, 0x0, 0x5, 0x66,
    0x66, 0x66, 0x66, 0x66, 0x66, 0x6a, 0xf3, 0x0,
    0x0, 0xb, 0xff, 0xff, 0xff, 0xff, 0xff, 0xff,
    0xff, 0xf3, 0x0, 0x0, 0x0, 0x0, 0x0, 0x0,
    0x0, 0x0, 0x0, 0x7, 0xf3, 0x0, 0x0, 0x14,
    0x33, 0x33, 0x33, 0x33, 0x33, 0x33, 0x38, 0xf3,
    0x0, 0x0, 0x3f, 0xff, 0xff, 0xff, 0xff, 0xff,
    0xff, 0xff, 0xf4, 0x0, 0x0, 0x3, 0x22, 0x22,
    0x22, 0x22, 0x22, 0x22, 0x28, 0xf4, 0x0,

    /* U+96F7 "雷" */
    0x0, 0x0, 0x0, 0x0, 0x0, 0x0, 0x0, 0x0,
    0x0, 0x0, 0x0, 0x0, 0xcf, 0xff, 0xff, 0xff,
    0xff, 0xff, 0xff, 0xff, 0xf9, 0x0, 0x0, 0x56,
    0x65, 0x55, 0x56, 0xfd, 0x55, 0x55, 0x56, 0x64,
    0x0, 0x0, 0x0, 0x0, 0x0, 0x1, 0xfc, 0x0,
    0x0, 0x0, 0x0, 0x0, 0xcf, 0xff, 0xff, 0xff,
    0xff, 0xff, 0xff, 0xff, 0xff, 0xff, 0xf2, 0xcf,
    0x97, 0x77, 0x77, 0x77, 0xfe, 0x77, 0x77, 0x77,
    0x7e, 0xf1, 0xbf, 0x41, 0x33, 0x33, 0x1, 0xfc,
    0x2, 0x33, 0x32, 0xc, 0xf1, 0xcf, 0x48, 0xff,
    0xff, 0x11, 0xfc, 0xc, 0xff, 0xfd, 0xc, 0xf1,
    0x34, 0x10, 0x11, 0x11, 0x1, 0xfc, 0x1, 0x11,
    0x11, 0x3, 0x40, 0x0, 0x3, 0x55, 0x55, 0x1,
    0xfd, 0x3, 0x55, 0x55, 0x0, 0x0, 0x0, 0x9,
    0xff, 0xff, 0x11, 0xfd, 0xa, 0xff, 0xfe, 0x0,
    0x0, 0x0, 0x0, 0x0, 0x0, 0x0, 0x76, 0x0,
    0x0, 0x0, 0x0, 0x0, 0x0, 0x7f, 0xff, 0xff,
    0xff, 0xff, 0xff, 0xff, 0xff, 0xb0, 0x0, 0x0,
    0x7f, 0xa8, 0x88, 0x89, 0xfe, 0x88, 0x88, 0x8f,
    0xb0, 0x0, 0x0, 0x6f, 0x50, 0x0, 0x1, 0xfc,
    0x0, 0x0, 0xf, 0xa0, 0x0, 0x0, 0x6f, 0x73,
    0x33, 0x34, 0xfd, 0x33, 0x33, 0x3f, 0xa0, 0x0,
    0x0, 0x6f, 0xff, 0xff, 0xff, 0xff, 0xff, 0xff,
    0xff, 0xa0, 0x0, 0x0, 0x6f, 0x73, 0x33, 0x34,
    0xfd, 0x33, 0x33, 0x3f, 0xa0, 0x0, 0x0, 0x6f,
    0x50, 0x0, 0x1, 0xfc, 0x0, 0x0, 0xf, 0xa0,
    0x0, 0x0, 0x6f, 0xa7, 0x77, 0x77, 0xfe, 0x77,
    0x77, 0x7f, 0xa0, 0x0, 0x0, 0x6f, 0xff, 0xff,
    0xff, 0xff, 0xff, 0xff, 0xff, 0xb0, 0x0, 0x0,
    0x7f, 0x50, 0x0, 0x0, 0x0, 0x0, 0x0, 0xf,
    0xc0, 0x0, 0x0, 0x1, 0x0, 0x0, 0x0, 0x0,
    0x0, 0x0, 0x0, 0x0, 0x0,

    /* U+96F9 "雹" */
    0x0, 0x38, 0x77, 0x77, 0x77, 0x77, 0x77, 0x77,
    0x77, 0x78, 0x0, 0x0, 0x6e, 0xed, 0xdd, 0xdd,
    0xff, 0xdd, 0xdd, 0xde, 0xee, 0x0, 0x0, 0x0,
    0x0, 0x0, 0x0, 0xce, 0x0, 0x0, 0x0, 0x0,
    0x0, 0x2f, 0xff, 0xff, 0xff, 0xff, 0xff, 0xff,
    0xff, 0xff, 0xff, 0xf8, 0x1f, 0x92, 0x22, 0x22,
    0x22, 0xce, 0x22, 0x22, 0x22, 0x23, 0xf8, 0x1f,
    0x80, 0x9f, 0xff, 0xc0, 0xce, 0xc, 0xff, 0xfe,
    0x1, 0xf8, 0x2e, 0x70, 0x24, 0x44, 0x30, 0xce,
    0x3, 0x44, 0x44, 0x1, 0xf9, 0x0, 0x0, 0x44,
    0x44, 0x30, 0xce, 0x2, 0x44, 0x44, 0x0, 0x0,
    0x0, 0x1, 0xff, 0xff, 0xc0, 0xce, 0xb, 0xff,
    0xff, 0x20, 0x0, 0x0, 0x0, 0x5, 0xf4, 0x0,
    0x68, 0x0, 0x0, 0x0, 0x0, 0x0, 0x0, 0x0,
    0x2f, 0xf7, 0x44, 0x44, 0x44, 0x44, 0x44, 0x41,
    0x0, 0x0, 0x2, 0xef, 0xff, 0xff, 0xff, 0xff,
    0xff, 0xff, 0xf3, 0x0, 0x0, 0x5f, 0xf5, 0x0,
    0x0, 0x0, 0x0, 0x0, 0xd, 0xf2, 0x0, 0x2b,
    0xfe, 0xef, 0xff, 0xff, 0xff, 0xff, 0x10, 0xe,
    0xf0, 0x0, 0xb, 0xc1, 0xcf, 0x77, 0x77, 0x77,
    0xbf, 0x0, 0xf, 0xf0, 0x0, 0x0, 0x0, 0xce,
    0x0, 0x0, 0x0, 0x7f, 0x11, 0x5f, 0xd0, 0x0,
    0x0, 0x0, 0xcf, 0xdd, 0xdd, 0xdd, 0xef, 0x1e,
    0xff, 0x81, 0x0, 0x0, 0x0, 0xcf, 0x77, 0x77,
    0x77, 0x77, 0x7, 0x95, 0x9, 0xa2, 0x0, 0x0,
    0xce, 0x0, 0x0, 0x0, 0x0, 0x0, 0x0, 0xd,
    0xf4, 0x0, 0x0, 0x9f, 0x85, 0x55, 0x55, 0x55,
    0x55, 0x55, 0x9f, 0xd0, 0x0, 0x0, 0x1b, 0xff,
    0xff, 0xff, 0xff, 0xff, 0xff, 0xfd, 0x30,

    /* U+96FE "雾" */
    0x0, 0x1, 0x10, 0x0, 0x0, 0x0, 0x0, 0x0,
    0x0, 0x11, 0x0, 0x0, 0x4f, 0xff, 0xff, 0xff,
    0xff, 0xff, 0xff, 0xff, 0xfb, 0x0, 0x0, 0x17,
    0x66, 0x66, 0x66, 0xbf, 0x66, 0x66, 0x66, 0x65,
    0x0, 0x5, 0x55, 0x55, 0x55, 0x55, 0xbf, 0x55,
    0x55, 0x55, 0x55, 0x50, 0xf, 0xff, 0xff, 0xff,
    0xff, 0xff, 0xff, 0xff, 0xff, 0xff, 0xf0, 0xe,
    0xa0, 0x11, 0x11, 0x10, 0x9e, 0x1, 0x11, 0x11,
    0x8, 0xf0, 0xf, 0xa0, 0xdf, 0xff, 0x90, 0x9e,
    0xe, 0xff, 0xfa, 0x8, 0xf0, 0x6, 0x40, 0x11,
    0x11, 0x10, 0x9e, 0x1, 0x11, 0x11, 0x5, 0x90,
    0x0, 0x4, 0xff, 0xff, 0xf0, 0x9e, 0xe, 0xff,
    0xff, 0x80, 0x0, 0x0, 0x0, 0x22, 0x6e, 0x50,
    0x6a, 0x1, 0x22, 0x22, 0x10, 0x0, 0x0, 0x0,
    0x4, 0xff, 0x85, 0x55, 0x55, 0x55, 0x53, 0x0,
    0x0, 0x0, 0x1, 0x9f, 0xff, 0xff, 0xff, 0xff,
    0xff, 0xe2, 0x0, 0x0, 0x0, 0x8f, 0xf8, 0x4e,
    0xd4, 0x0, 0x9, 0xfc, 0x10, 0x0, 0x0, 0x0,
    0x5b, 0x20, 0x1, 0xaf, 0xb8, 0xef, 0x70, 0x0,
    0x0, 0x0, 0x0, 0x0, 0x1, 0x36, 0x9e, 0xff,
    0xfa, 0x63, 0x10, 0x0, 0x0, 0x3e, 0xee, 0xff,
    0xfd, 0xa7, 0x32, 0x7c, 0xff, 0xff, 0xff, 0xf1,
    0x7, 0x76, 0x41, 0x0, 0x9, 0xe3, 0x0, 0x2,
    0x46, 0x79, 0x60, 0x0, 0xa, 0xff, 0xff, 0xff,
    0xff, 0xff, 0xff, 0xff, 0x20, 0x0, 0x0, 0x3,
    0x44, 0x44, 0x9f, 0xa4, 0x44, 0x44, 0xdf, 0x0,
    0x0, 0x0, 0x0, 0x0, 0x29, 0xfc, 0x0, 0x0,
    0x0, 0xed, 0x0, 0x0, 0x2, 0x78, 0xad, 0xff,
    0x80, 0x0, 0xb, 0xdf, 0xf8, 0x0, 0x0, 0x0,
    0xdf, 0xea, 0x61, 0x0, 0x0, 0x9, 0xfd, 0x80,
    0x0, 0x0, 0x0, 0x10, 0x0, 0x0, 0x0, 0x0,
    0x1, 0x0, 0x0, 0x0, 0x0,

    /* U+9700 "需" */
    0x0, 0x1, 0x10, 0x0, 0x0, 0x0, 0x0, 0x0,
    0x0, 0x1, 0x0, 0x0, 0x1f, 0xff, 0xff, 0xff,
    0xff, 0xff, 0xff, 0xff, 0xff, 0x10, 0x0, 0x7,
    0x66, 0x66, 0x66, 0xdf, 0x66, 0x66, 0x66, 0x67,
    0x0, 0x0, 0x0, 0x0, 0x0, 0x0, 0xbf, 0x10,
    0x0, 0x0, 0x0, 0x0, 0x1f, 0xff, 0xff, 0xff,
    0xff, 0xff, 0xff, 0xff, 0xff, 0xff, 0xfb, 0xf,
    0xd6, 0x66, 0x66, 0x66, 0xdf, 0x66, 0x66, 0x66,
    0x66, 0xfb, 0xf, 0xc0, 0x0, 0x0, 0x0, 0xbf,
    0x10, 0x22, 0x22, 0x1, 0xfb, 0x1f, 0xc0, 0xef,
    0xff, 0x70, 0xbf, 0x17, 0xff, 0xff, 0x1, 0xfb,
    0x7, 0x50, 0x34, 0x44, 0x20, 0xbf, 0x11, 0x22,
    0x22, 0x0, 0x75, 0x0, 0x1, 0x77, 0x77, 0x20,
    0xbf, 0x13, 0xaa, 0xaa, 0x0, 0x0, 0x0, 0x3,
    0xdd, 0xdd, 0x50, 0xbf, 0x23, 0xaa, 0xaa, 0x0,
    0x0, 0x0, 0x0, 0x0, 0x0, 0x0, 0x0, 0x0,
    0x0, 0x0, 0x0, 0x0, 0xd, 0xff, 0xff, 0xff,
    0xff, 0xff, 0xff, 0xff, 0xff, 0xff, 0xfb, 0x6,
    0x87, 0x77, 0x77, 0x77, 0xfd, 0x77, 0x77, 0x77,
    0x77, 0x85, 0x0, 0x0, 0x0, 0x0, 0x4, 0xf6,
    0x0, 0x0, 0x0, 0x0, 0x0, 0x0, 0x7f, 0xff,
    0xff, 0xff, 0xff, 0xff, 0xff, 0xff, 0xff, 0x40,
    0x0, 0x7f, 0x87, 0x79, 0xfb, 0x77, 0x8f, 0xd7,
    0x77, 0xcf, 0x30, 0x0, 0x6f, 0x20, 0x4, 0xf7,
    0x0, 0x2f, 0xb0, 0x0, 0xaf, 0x30, 0x0, 0x6f,
    0x20, 0x4, 0xf7, 0x0, 0x2f, 0xb0, 0x0, 0xaf,
    0x30, 0x0, 0x6f, 0x20, 0x4, 0xf7, 0x0, 0x2f,
    0xb0, 0x0, 0xbf, 0x30, 0x0, 0x7f, 0x20, 0x4,
    0xf7, 0x0, 0x2f, 0xb0, 0x6d, 0xff, 0x20, 0x0,
    0x7f, 0x20, 0x0, 0x31, 0x0, 0x3, 0x20, 0x1f,
    0xd7, 0x0, 0x0, 0x0, 0x0, 0x0, 0x0, 0x0,
    0x0, 0x0, 0x1, 0x0, 0x0,

    /* U+971C "霜" */
    0x0, 0x1, 0x0, 0x0, 0x0, 0x0, 0x0, 0x0,
    0x1, 0x10, 0x0, 0x5, 0xff, 0xff, 0xff, 0xff,
    0xff, 0xff, 0xff, 0xff, 0x70, 0x0, 0x26, 0x66,
    0x66, 0x66, 0xfc, 0x66, 0x66, 0x66, 0x73, 0x0,
    0x66, 0x66, 0x66, 0x66, 0x6f, 0xc6, 0x66, 0x66,
    0x66, 0x66, 0xf, 0xff, 0xff, 0xff, 0xff, 0xff,
    0xff, 0xff, 0xff, 0xff, 0xe0, 0xec, 0x0, 0x0,
    0x0, 0xe, 0xa0, 0x0, 0x0, 0x0, 0xcd, 0xf,
    0xc0, 0xdf, 0xff, 0x90, 0xea, 0xe, 0xff, 0xff,
    0xc, 0xe0, 0x11, 0x2, 0x33, 0x31, 0xe, 0xa0,
    0x23, 0x33, 0x20, 0x11, 0x0, 0x7, 0xff, 0xff,
    0xe0, 0xea, 0xd, 0xff, 0xff, 0xa0, 0x0, 0x0,
    0x26, 0x66, 0x65, 0x3, 0x20, 0x56, 0x66, 0x64,
    0x0, 0x0, 0x0, 0x5a, 0x20, 0x0, 0x1, 0x11,
    0x11, 0x11, 0x11, 0x0, 0x0, 0x7, 0xf3, 0x0,
    0x9, 0xff, 0xff, 0xff, 0xff, 0xf1, 0x5, 0x55,
    0xaf, 0x65, 0x50, 0x9f, 0x55, 0x55, 0x55, 0xaf,
    0x10, 0xdf, 0xff, 0xff, 0xff, 0x28, 0xf5, 0x44,
    0x44, 0x4a, 0xf0, 0x3, 0x35, 0xff, 0x43, 0x40,
    0x8f, 0xff, 0xff, 0xff, 0xff, 0x0, 0x0, 0xaf,
    0xf3, 0x92, 0x8, 0xf3, 0x22, 0x22, 0x28, 0xf0,
    0x0, 0x4f, 0xff, 0x8f, 0xd0, 0x8f, 0x77, 0x77,
    0x77, 0xbf, 0x0, 0x1e, 0xf9, 0xf2, 0x8f, 0x48,
    0xff, 0xff, 0xff, 0xff, 0xf0, 0xc, 0xf7, 0x7f,
    0x20, 0x30, 0x8f, 0x10, 0x0, 0x0, 0x8f, 0xa,
    0xfb, 0x7, 0xf2, 0x0, 0x8, 0xf7, 0x77, 0x77,
    0x7b, 0xf0, 0x7, 0x0, 0x8f, 0x20, 0x0, 0x9f,
    0xff, 0xff, 0xff, 0xff, 0x0, 0x0, 0x8, 0xf3,
    0x0, 0x9, 0xf1, 0x0, 0x0, 0x7, 0xf1,

    /* U+973E "霾" */
    0x0, 0x11, 0x0, 0x0, 0x0, 0x0, 0x0, 0x0,
    0x0, 0x10, 0x0, 0x0, 0xbf, 0xff, 0xff, 0xff,
    0xff, 0xff, 0xff, 0xff, 0xf2, 0x0, 0x0, 0x11,
    0x11, 0x11, 0x11, 0xf9, 0x33, 0x33, 0x33, 0x40,
    0x0, 0xc, 0xdd, 0xdd, 0xdd, 0xdd, 0xfe, 0xdd,
    0xdd, 0xdd, 0xdd, 0xc0, 0xf, 0xc5, 0x55, 0x55,
    0x55, 0xfa, 0x55, 0x55, 0x55, 0x5c, 0xe0, 0xf,
    0xa0, 0x22, 0x22, 0x0, 0xf7, 0x0, 0x22, 0x21,
    0xa, 0xe0, 0xf, 0xa1, 0xee, 0xee, 0x60, 0xf7,
    0x6, 0xee, 0xea, 0xa, 0xf0, 0x8, 0x51, 0x44,
    0x44, 0x10, 0xf7, 0x1, 0x44, 0x43, 0x5, 0x70,
    0x0, 0x4, 0xcc, 0xcc, 0x50, 0xf7, 0x5, 0xcc,
    0xcb, 0x0, 0x0, 0x0, 0x0, 0x5, 0xd5, 0x0,
    0x23, 0x33, 0x33, 0x33, 0x32, 0x0, 0x0, 0x27,
    0xee, 0x94, 0x0, 0xcf, 0xff, 0xff, 0xff, 0xff,
    0x0, 0xa, 0xe9, 0x31, 0xc2, 0x40, 0xca, 0x0,
    0x8f, 0x0, 0x7f, 0x0, 0x0, 0xa, 0x80, 0xaf,
    0xf3, 0xbf, 0xff, 0xff, 0xff, 0xff, 0x0, 0x0,
    0x6, 0xfc, 0xfc, 0x20, 0xcb, 0x11, 0x9f, 0x11,
    0x8f, 0x0, 0x26, 0xaf, 0xfc, 0xdd, 0x0, 0xcb,
    0x22, 0x9f, 0x22, 0x8f, 0x0, 0x2e, 0xb6, 0x27,
    0xff, 0x70, 0xcf, 0xff, 0xff, 0xff, 0xfe, 0x0,
    0x0, 0x49, 0xee, 0x6d, 0xd0, 0x0, 0x0, 0x8f,
    0x0, 0x0, 0x0, 0xa, 0xfd, 0x61, 0xbf, 0xf1,
    0xee, 0xdd, 0xef, 0xdd, 0xef, 0x40, 0x2, 0x30,
    0x5e, 0xa4, 0xf2, 0x55, 0x44, 0xaf, 0x44, 0x55,
    0x10, 0x0, 0x5c, 0xe5, 0x6, 0xf2, 0x0, 0x0,
    0x8f, 0x0, 0x0, 0x0, 0x7, 0xf8, 0x16, 0xaf,
    0xca, 0xff, 0xff, 0xff, 0xff, 0xff, 0xf3, 0x0,
    0x10, 0x9, 0xe9, 0x12, 0x32, 0x22, 0x22, 0x22,
    0x23, 0x30, 0x0, 0x0, 0x0, 0x0, 0x0, 0x0,
    0x0, 0x0, 0x0, 0x0, 0x0,

    /* U+9752 "青" */
    0x0, 0x0, 0x0, 0x0, 0x0, 0x78, 0x10, 0x0,
    0x0, 0x0, 0x0, 0x0, 0x0, 0x0, 0x0, 0x0,
    0xdf, 0x10, 0x0, 0x0, 0x0, 0x0, 0x0, 0x99,
    0x88, 0x88, 0x88, 0xef, 0x98, 0x88, 0x88, 0x99,
    0x30, 0x0, 0xff, 0xff, 0xff, 0xff, 0xff, 0xff,
    0xff, 0xff, 0xff, 0x50, 0x0, 0x0, 0x0, 0x0,
    0x0, 0xcf, 0x10, 0x0, 0x0, 0x0, 0x0, 0x0,
    0xa, 0xaa, 0xaa, 0xaa, 0xef, 0xaa, 0xaa, 0xaa,
    0xb2, 0x0, 0x0, 0xe, 0xee, 0xee, 0xee, 0xff,
    0xee, 0xee, 0xee, 0xf3, 0x0, 0x0, 0x0, 0x0,
    0x0, 0x0, 0xcf, 0x10, 0x0, 0x0, 0x0, 0x0,
    0x4f, 0xff, 0xff, 0xff, 0xff, 0xff, 0xff, 0xff,
    0xff, 0xff, 0xfa, 0x29, 0x98, 0x88, 0x88, 0x88,
    0x88, 0x88, 0x88, 0x88, 0x89, 0x96, 0x0, 0x0,
    0x0, 0x0, 0x0, 0x0, 0x0, 0x0, 0x0, 0x0,
    0x0, 0x0, 0x1, 0xff, 0xff, 0xff, 0xff, 0xff,
    0xff, 0xff, 0xe0, 0x0, 0x0, 0x0, 0xfd, 0x88,
    0x88, 0x88, 0x88, 0x88, 0x8f, 0xd0, 0x0, 0x0,
    0x0, 0xfb, 0x0, 0x0, 0x0, 0x0, 0x0, 0xe,
    0xc0, 0x0, 0x0, 0x0, 0xff, 0xff, 0xff, 0xff,
    0xff, 0xff, 0xff, 0xc0, 0x0, 0x0, 0x0, 0xfd,
    0x88, 0x88, 0x88, 0x88, 0x88, 0x8f, 0xc0, 0x0,
    0x0, 0x0, 0xfb, 0x0, 0x0, 0x0, 0x0, 0x0,
    0xe, 0xc0, 0x0, 0x0, 0x0, 0xfd, 0x88, 0x88,
    0x88, 0x88, 0x88, 0x8f, 0xc0, 0x0, 0x0, 0x0,
    0xff, 0xff, 0xff, 0xff, 0xff, 0xff, 0xff, 0xc0,
    0x0, 0x0, 0x0, 0xfb, 0x0, 0x0, 0x0, 0x0,
    0x0, 0xf, 0xc0, 0x0, 0x0, 0x0, 0xfb, 0x0,
    0x0, 0x0, 0x0, 0x3a, 0xcf, 0xa0, 0x0, 0x0,
    0x1, 0xfb, 0x0, 0x0, 0x0, 0x0, 0xc, 0xea,
    0x10, 0x0, 0x0, 0x0, 0x0, 0x0, 0x0, 0x0,
    0x0, 0x0, 0x0, 0x0, 0x0,

    /* U+9875 "页" */
    0x1, 0x10, 0x0, 0x0, 0x0, 0x0, 0x0, 0x0,
    0x0, 0x1, 0x10, 0xf, 0xff, 0xff, 0xff, 0xff,
    0xff, 0xff, 0xff, 0xff, 0xff, 0xf2, 0xb, 0xba,
    0xaa, 0xaa, 0xaa, 0xff, 0xaa, 0xaa, 0xaa, 0xaa,
    0xb1, 0x0, 0x0, 0x0, 0x0, 0x0, 0xfd, 0x0,
    0x0, 0x0, 0x0, 0x0, 0x0, 0x0, 0x0, 0x0,
    0x0, 0xfb, 0x0, 0x0, 0x0, 0x0, 0x0, 0x0,
    0x0, 0x0, 0x0, 0x3, 0xfa, 0x0, 0x0, 0x0,
    0x0, 0x0, 0x0, 0x4, 0xff, 0xff, 0xff, 0xff,
    0xff, 0xff, 0xff, 0x90, 0x0, 0x0, 0x4, 0xfd,
    0x77, 0x77, 0x77, 0x77, 0x77, 0xbf, 0x80, 0x0,
    0x0, 0x3, 0xfc, 0x0, 0x0, 0x0, 0x0, 0x0,
    0x7f, 0x80, 0x0, 0x0, 0x3, 0xfc, 0x0, 0x2,
    0xa8, 0x0, 0x0, 0x7f, 0x80, 0x0, 0x0, 0x3,
    0xfc, 0x0, 0x4, 0xfd, 0x0, 0x0, 0x7f, 0x80,
    0x0, 0x0, 0x3, 0xfc, 0x0, 0x5, 0xf9, 0x0,
    0x0, 0x7f, 0x80, 0x0, 0x0, 0x3, 0xfc, 0x0,
    0x7, 0xf7, 0x0, 0x0, 0x7f, 0x80, 0x0, 0x0,
    0x3, 0xfc, 0x0, 0x9, 0xf3, 0x0, 0x0, 0x7f,
    0x80, 0x0, 0x0, 0x4, 0xfc, 0x0, 0xe, 0xf0,
    0x0, 0x0, 0x7f, 0x80, 0x0, 0x0, 0x4, 0xfc,
    0x0, 0x5f, 0xa0, 0x3, 0x0, 0x5b, 0x60, 0x0,
    0x0, 0x0, 0x10, 0x2, 0xef, 0x30, 0x7f, 0xb2,
    0x0, 0x0, 0x0, 0x0, 0x0, 0x0, 0x4e, 0xf8,
    0x0, 0x4c, 0xff, 0x91, 0x0, 0x0, 0x0, 0x0,
    0x4b, 0xff, 0x80, 0x0, 0x0, 0x5d, 0xfe, 0x60,
    0x0, 0x16, 0xae, 0xff, 0xd4, 0x0, 0x0, 0x0,
    0x0, 0x8f, 0xfb, 0x10, 0xc, 0xff, 0xb5, 0x0,
    0x0, 0x0, 0x0, 0x0, 0x3, 0xee, 0x10, 0x2,
    0x61, 0x0, 0x0, 0x0, 0x0, 0x0, 0x0, 0x0,
    0x12, 0x0,

    /* U+987A "顺" */
    0x0, 0x10, 0x0, 0x0, 0x0, 0x3, 0x65, 0x55,
    0x55, 0x55, 0x56, 0x30, 0x0, 0x7f, 0x50, 0x0,
    0x1d, 0x97, 0xff, 0xff, 0xff, 0xff, 0xff, 0x80,
    0x0, 0x6f, 0x41, 0x20, 0x1f, 0xa1, 0x33, 0x24,
    0xfb, 0x22, 0x23, 0x20, 0x0, 0x6f, 0x3a, 0xf2,
    0x1f, 0xa0, 0x0, 0x5, 0xf6, 0x0, 0x0, 0x0,
    0x0, 0x6f, 0x39, 0xf1, 0x1f, 0xa0, 0x0, 0x8,
    0xf3, 0x0, 0x0, 0x0, 0x0, 0x6f, 0x39, 0xf1,
    0x1f, 0xa0, 0xee, 0xef, 0xfe, 0xee, 0xe9, 0x0,
    0x0, 0x5f, 0x39, 0xf1, 0x1f, 0xa0, 0xfd, 0x88,
    0x88, 0x88, 0xfa, 0x0, 0x0, 0x5f, 0x39, 0xf1,
    0x1f, 0xa0, 0xfb, 0x0, 0x0, 0x1, 0xf9, 0x0,
    0x0, 0x5f, 0x39, 0xf1, 0x1f, 0xa0, 0xfb, 0x1,
    0xea, 0x1, 0xf9, 0x0, 0x0, 0x6f, 0x49, 0xf1,
    0x1f, 0xa0, 0xfb, 0x1, 0xfd, 0x1, 0xf9, 0x0,
    0x0, 0x6f, 0x49, 0xf1, 0x1f, 0xa0, 0xfb, 0x1,
    0xfb, 0x1, 0xf9, 0x0, 0x0, 0x6f, 0x39, 0xf1,
    0x1f, 0xa0, 0xfb, 0x2, 0xfa, 0x1, 0xf9, 0x0,
    0x0, 0x8f, 0x39, 0xf1, 0x1f, 0xa0, 0xfb, 0x4,
    0xf9, 0x1, 0xf9, 0x0, 0x0, 0x9f, 0x29, 0xf1,
    0x1f, 0xa0, 0xfb, 0x5, 0xf6, 0x1, 0xf9, 0x0,
    0x0, 0xbf, 0x9, 0xf1, 0x1f, 0xa0, 0xfb, 0x8,
    0xf3, 0x1, 0xfa, 0x0, 0x0, 0xdf, 0x9, 0xf1,
    0x1f, 0xa0, 0xb8, 0xd, 0xf1, 0x1, 0xe9, 0x0,
    0x1, 0xfc, 0xa, 0xf2, 0x1f, 0xa0, 0x0, 0x3f,
    0xb0, 0x8b, 0x0, 0x0, 0x4, 0xf9, 0x9, 0xd2,
    0x1f, 0xa0, 0x0, 0xcf, 0x40, 0xcf, 0xb0, 0x0,
    0x9, 0xf5, 0x0, 0x0, 0x1f, 0xa0, 0xb, 0xfb,
    0x0, 0xc, 0xfb, 0x0, 0xe, 0xf0, 0x0, 0x0,
    0x19, 0x61, 0xbf, 0xe1, 0x0, 0x1, 0xdf, 0xa0,
    0x8, 0x90, 0x0, 0x0, 0x0, 0x8, 0xfe, 0x20,
    0x0, 0x0, 0x2e, 0x50, 0x0, 0x0, 0x0, 0x0,
    0x0, 0x0, 0x41, 0x0, 0x0, 0x0, 0x1, 0x0,

    /* U+98CE "风" */
    0x0, 0x9, 0xaa, 0xaa, 0xaa, 0xaa, 0xaa, 0xaa,
    0xaa, 0x20, 0x0, 0x0, 0x0, 0xff, 0xff, 0xff,
    0xff, 0xff, 0xff, 0xff, 0xf4, 0x0, 0x0, 0x0,
    0xe, 0xc0, 0x0, 0x0, 0x0, 0x0, 0x0, 0x9f,
    0x30, 0x0, 0x0, 0x0, 0xec, 0x0, 0x0, 0x0,
    0x0, 0x0, 0x9, 0xf2, 0x0, 0x0, 0x0, 0xe,
    0xc0, 0x0, 0x0, 0x0, 0x8, 0x10, 0x9f, 0x20,
    0x0, 0x0, 0x0, 0xec, 0x5, 0xd1, 0x0, 0x3,
    0xfc, 0x9, 0xf2, 0x0, 0x0, 0x0, 0xe, 0xc0,
    0x7f, 0xc0, 0x0, 0x8f, 0x50, 0x9f, 0x20, 0x0,
    0x0, 0x0, 0xec, 0x0, 0x9f, 0x90, 0xe, 0xd0,
    0x9, 0xf2, 0x0, 0x0, 0x0, 0xf, 0xb0, 0x0,
    0xbf, 0x54, 0xf6, 0x0, 0x8f, 0x20, 0x0, 0x0,
    0x0, 0xfb, 0x0, 0x1, 0xee, 0xde, 0x0, 0x8,
    0xf3, 0x0, 0x0, 0x0, 0xf, 0xa0, 0x0, 0x5,
    0xff, 0x70, 0x0, 0x8f, 0x30, 0x0, 0x0, 0x1,
    0xf9, 0x0, 0x0, 0xe, 0xf7, 0x0, 0x7, 0xf3,
    0x0, 0x0, 0x0, 0x3f, 0x70, 0x0, 0x9, 0xff,
    0xf1, 0x0, 0x7f, 0x40, 0x0, 0x0, 0x5, 0xf5,
    0x0, 0x6, 0xfb, 0x5f, 0xa0, 0x5, 0xf6, 0x0,
    0x0, 0x0, 0x8f, 0x30, 0x5, 0xfd, 0x0, 0xcf,
    0x30, 0x4f, 0x80, 0x0, 0x0, 0xc, 0xf0, 0x6,
    0xfe, 0x20, 0x4, 0xfb, 0x1, 0xfb, 0x0, 0x0,
    0x1, 0xfb, 0x8, 0xfe, 0x20, 0x0, 0xc, 0xf3,
    0xe, 0xf0, 0x64, 0x0, 0x7f, 0x60, 0x1b, 0x20,
    0x0, 0x0, 0x48, 0x0, 0xaf, 0x4b, 0xf4, 0xd,
    0xf1, 0x0, 0x0, 0x0, 0x0, 0x0, 0x0, 0x5,
    0xfd, 0xff, 0x8, 0xf9, 0x0, 0x0, 0x0, 0x0,
    0x0, 0x0, 0x0, 0xd, 0xff, 0xa0, 0x5f, 0x10,
    0x0, 0x0, 0x0, 0x0, 0x0, 0x0, 0x0, 0x2e,
    0xe2, 0x0, 0x20, 0x0, 0x0, 0x0, 0x0, 0x0,
    0x0, 0x0, 0x0, 0x0, 0x0,

    /* U+9910 "餐" */
    0x0, 0x0, 0x6, 0x60, 0x0, 0x0, 0x0, 0x0,
    0x0, 0x0, 0x0, 0x0, 0x0, 0xd, 0xd0, 0x0,
    0x0, 0x67, 0x66, 0x66, 0x65, 0x0, 0x0, 0x0,
    0xc, 0xff, 0xff, 0xf0, 0xcd, 0xcc, 0xce, 0xf6,
    0x0, 0x0, 0x11, 0xc, 0xd2, 0x23, 0x30, 0x1,
    0x0, 0xd, 0xe0, 0x0, 0x0, 0xab, 0x4d, 0xd4,
    0x44, 0x30, 0x9f, 0x60, 0x5f, 0x50, 0x0, 0x6,
    0xff, 0xff, 0xff, 0xff, 0x30, 0x2b, 0xfb, 0xeb,
    0x0, 0x0, 0x5f, 0xd3, 0x50, 0x8, 0xf6, 0x0,
    0x0, 0x9f, 0xf8, 0x0, 0x0, 0x8d, 0x17, 0xfc,
    0xdf, 0x56, 0xe7, 0x18, 0xfd, 0xaf, 0xd4, 0x0,
    0x0, 0x4, 0xdf, 0xc2, 0x5f, 0xfe, 0x8e, 0x90,
    0x5, 0xfd, 0x0, 0x8, 0xef, 0xd5, 0x8, 0xfb,
    0x19, 0xfa, 0x10, 0x0, 0x21, 0x0, 0x1, 0x94,
    0x3, 0xdf, 0x71, 0x72, 0x5e, 0xfa, 0x40, 0x0,
    0x0, 0x0, 0x2, 0xbf, 0xd3, 0x12, 0xf9, 0x12,
    0x8e, 0xfe, 0xa7, 0x53, 0x16, 0xbf, 0xff, 0xff,
    0xff, 0xff, 0xff, 0xff, 0xec, 0xff, 0xf7, 0x7f,
    0xfa, 0x2f, 0xb1, 0x11, 0x11, 0x11, 0x1e, 0xc0,
    0x15, 0x90, 0x8, 0x20, 0xf, 0xfd, 0xdd, 0xdd,
    0xdd, 0xdf, 0xc0, 0x0, 0x0, 0x0, 0x0, 0xf,
    0xc4, 0x44, 0x44, 0x44, 0x4f, 0xc0, 0x0, 0x0,
    0x0, 0x0, 0xf, 0xc2, 0x22, 0x22, 0x22, 0x2e,
    0xd0, 0x0, 0x0, 0x0, 0x0, 0xf, 0xff, 0xff,
    0xff, 0xff, 0xff, 0xe1, 0x0, 0x0, 0x0, 0x0,
    0xf, 0xb0, 0x0, 0x4f, 0xb5, 0x19, 0xfb, 0x0,
    0x0, 0x0, 0x0, 0x1f, 0xc7, 0xda, 0x6, 0xcf,
    0xff, 0xb0, 0x0, 0x0, 0x0, 0x0, 0x6f, 0xff,
    0xf7, 0x0, 0x3, 0x9f, 0xfe, 0x81, 0x0, 0x0,
    0x0, 0x1f, 0xc5, 0x0, 0x0, 0x0, 0x1, 0x8f,
    0xf4, 0x0, 0x0, 0x0, 0x2, 0x0, 0x0, 0x0,
    0x0, 0x0, 0x0, 0x50, 0x0,

    /* U+996E "饮" */
    0x0, 0x0, 0x61, 0x0, 0x0, 0x0, 0x1, 0x0,
    0x0, 0x0, 0x0, 0x0, 0x0, 0x3, 0xfe, 0x10,
    0x0, 0x0, 0xa, 0xf9, 0x0, 0x0, 0x0, 0x0,
    0x0, 0x7, 0xf7, 0x0, 0x0, 0x0, 0xd, 0xf4,
    0x0, 0x0, 0x0, 0x0, 0x0, 0xc, 0xf1, 0x0,
    0x0, 0x0, 0x1f, 0xf0, 0x0, 0x0, 0x0, 0x0,
    0x0, 0x2f, 0xb0, 0x0, 0x0, 0x0, 0x5f, 0xa0,
    0x0, 0x0, 0x0, 0x0, 0x0, 0x8f, 0xff, 0xff,
    0xff, 0x90, 0x9f, 0xff, 0xff, 0xff, 0xff, 0x70,
    0x0, 0xef, 0xaa, 0xaa, 0xef, 0x40, 0xdf, 0xaa,
    0xaa, 0xaa, 0xff, 0x20, 0x7, 0xf8, 0x0, 0x1,
    0xfe, 0x3, 0xfc, 0x0, 0x0, 0x3, 0xfd, 0x0,
    0x1f, 0xf1, 0x0, 0x7, 0xf8, 0x9, 0xf6, 0x0,
    0x0, 0x7, 0xf8, 0x0, 0x9, 0x71, 0x88, 0x4,
    0xa3, 0x2f, 0xf1, 0x4d, 0xb0, 0x7, 0xd5, 0x0,
    0x0, 0x1, 0xfe, 0x0, 0x0, 0x9f, 0xa0, 0x4f,
    0xe0, 0x0, 0x0, 0x0, 0x0, 0x1, 0xfd, 0x0,
    0x0, 0x5, 0x20, 0x5f, 0xd0, 0x0, 0x0, 0x0,
    0x0, 0x1, 0xfd, 0x0, 0x0, 0x0, 0x0, 0x7f,
    0xe0, 0x0, 0x0, 0x0, 0x0, 0x1, 0xfd, 0x0,
    0x0, 0x0, 0x0, 0xaf, 0xf1, 0x0, 0x0, 0x0,
    0x0, 0x1, 0xfd, 0x0, 0x0, 0x0, 0x0, 0xdf,
    0xf6, 0x0, 0x0, 0x0, 0x0, 0x1, 0xfd, 0x0,
    0x11, 0x0, 0x3, 0xfe, 0xfd, 0x0, 0x0, 0x0,
    0x0, 0x1, 0xfd, 0x1, 0xd7, 0x0, 0xb, 0xf5,
    0x9f, 0x80, 0x0, 0x0, 0x0, 0x1, 0xfd, 0x3e,
    0xf7, 0x0, 0x5f, 0xc0, 0x1e, 0xf5, 0x0, 0x0,
    0x0, 0x2, 0xff, 0xff, 0x50, 0x3, 0xff, 0x20,
    0x4, 0xff, 0x50, 0x0, 0x0, 0x5, 0xff, 0xe3,
    0x0, 0x5f, 0xf5, 0x0, 0x0, 0x7f, 0xf8, 0x0,
    0x0, 0x5, 0xfd, 0x10, 0x1a, 0xff, 0x60, 0x0,
    0x0, 0x6, 0xff, 0xd1, 0x0, 0x0, 0x71, 0x0,
    0x2d, 0xf5, 0x0, 0x0, 0x0, 0x0, 0x4e, 0x30,
    0x0, 0x0, 0x0, 0x0, 0x1, 0x20, 0x0, 0x0,
    0x0, 0x0, 0x0, 0x0,

    /* U+9996 "首" */
    0x0, 0x0, 0x2, 0x20, 0x0, 0x0, 0x0, 0x40,
    0x0, 0x0, 0x0, 0x0, 0x0, 0x2f, 0xd0, 0x0,
    0x0, 0x0, 0xed, 0x20, 0x0, 0x0, 0x0, 0x0,
    0x9, 0xfa, 0x0, 0x0, 0x5, 0xfc, 0x0, 0x0,
    0x0, 0x0, 0x0, 0x0, 0xdf, 0x40, 0x0, 0xc,
    0xf2, 0x0, 0x0, 0x0, 0x11, 0x11, 0x11, 0x57,
    0x11, 0x11, 0x4f, 0xa1, 0x11, 0x11, 0x20, 0xbf,
    0xff, 0xff, 0xff, 0xff, 0xff, 0xff, 0xff, 0xff,
    0xff, 0xf4, 0x57, 0x77, 0x77, 0x77, 0x7c, 0xf9,
    0x77, 0x77, 0x77, 0x77, 0x82, 0x0, 0x0, 0x0,
    0x0, 0xe, 0xe0, 0x0, 0x0, 0x0, 0x0, 0x0,
    0x0, 0x1, 0x88, 0x88, 0xaf, 0xd8, 0x88, 0x88,
    0x85, 0x0, 0x0, 0x0, 0x1, 0xff, 0xff, 0xff,
    0xff, 0xff, 0xff, 0xf9, 0x0, 0x0, 0x0, 0x1,
    0xfb, 0x0, 0x0, 0x0, 0x0, 0x4, 0xf8, 0x0,
    0x0, 0x0, 0x1, 0xfb, 0x0, 0x0, 0x0, 0x0,
    0x4, 0xf8, 0x0, 0x0, 0x0, 0x1, 0xfe, 0xaa,
    0xaa, 0xaa, 0xaa, 0xab, 0xf8, 0x0, 0x0, 0x0,
    0x1, 0xff, 0xff, 0xff, 0xff, 0xff, 0xff, 0xf8,
    0x0, 0x0, 0x0, 0x1, 0xfb, 0x0, 0x0, 0x0,
    0x0, 0x4, 0xf8, 0x0, 0x0, 0x0, 0x1, 0xfc,
    0x33, 0x33, 0x33, 0x33, 0x36, 0xf8, 0x0, 0x0,
    0x0, 0x1, 0xff, 0xff, 0xff, 0xff, 0xff, 0xff,
    0xf8, 0x0, 0x0, 0x0, 0x1, 0xfc, 0x33, 0x33,
    0x33, 0x33, 0x36, 0xf8, 0x0, 0x0, 0x0, 0x1,
    0xfb, 0x0, 0x0, 0x0, 0x0, 0x4, 0xf8, 0x0,
    0x0, 0x0, 0x1, 0xfd, 0x88, 0x88, 0x88, 0x88,
    0x8a, 0xf8, 0x0, 0x0, 0x0, 0x1, 0xff, 0xff,
    0xff, 0xff, 0xff, 0xff, 0xf9, 0x0, 0x0, 0x0,
    0x2, 0xfb, 0x0, 0x0, 0x0, 0x0, 0x4, 0xf9,
    0x0, 0x0,

    /* U+9AD8 "高" */
    0x0, 0x0, 0x0, 0x0, 0x0, 0x24, 0x0, 0x0,
    0x0, 0x0, 0x0, 0x0, 0x0, 0x0, 0x0, 0x4,
    0xff, 0x0, 0x0, 0x0, 0x0, 0x0, 0x1, 0x10,
    0x0, 0x0, 0x0, 0xff, 0x50, 0x0, 0x0, 0x1,
    0x11, 0x3f, 0xff, 0xff, 0xff, 0xff, 0xff, 0xff,
    0xff, 0xff, 0xff, 0xfa, 0x18, 0x77, 0x77, 0x77,
    0x77, 0x77, 0x77, 0x77, 0x77, 0x77, 0x75, 0x0,
    0x0, 0x24, 0x44, 0x44, 0x44, 0x44, 0x44, 0x42,
    0x0, 0x0, 0x0, 0x0, 0x7f, 0xff, 0xff, 0xff,
    0xff, 0xff, 0xfa, 0x0, 0x0, 0x0, 0x0, 0x7f,
    0x72, 0x22, 0x22, 0x22, 0x23, 0xf9, 0x0, 0x0,
    0x0, 0x0, 0x7f, 0x72, 0x22, 0x22, 0x22, 0x23,
    0xf9, 0x0, 0x0, 0x0, 0x0, 0x7f, 0xff, 0xff,
    0xff, 0xff, 0xff, 0xfa, 0x0, 0x0, 0x0, 0x0,
    0x24, 0x44, 0x44, 0x44, 0x44, 0x44, 0x42, 0x0,
    0x0, 0x2, 0x44, 0x44, 0x44, 0x44, 0x44, 0x44,
    0x44, 0x44, 0x44, 0x40, 0x7, 0xff, 0xff, 0xff,
    0xff, 0xff, 0xff, 0xff, 0xff, 0xff, 0xf1, 0x7,
    0xf7, 0x22, 0x22, 0x22, 0x22, 0x22, 0x22, 0x22,
    0x2c, 0xf1, 0x7, 0xf5, 0x0, 0x14, 0x44, 0x44,
    0x44, 0x44, 0x0, 0xb, 0xf1, 0x7, 0xf5, 0x0,
    0x6f, 0xff, 0xff, 0xff, 0xff, 0x0, 0xb, 0xf1,
    0x7, 0xf5, 0x0, 0x5f, 0x41, 0x11, 0x11, 0xbf,
    0x0, 0xb, 0xf1, 0x7, 0xf5, 0x0, 0x5f, 0x41,
    0x11, 0x11, 0xbf, 0x0, 0xb, 0xf1, 0x7, 0xf5,
    0x0, 0x6f, 0xff, 0xff, 0xff, 0xff, 0x0, 0xb,
    0xf1, 0x7, 0xf5, 0x0, 0x14, 0x44, 0x44, 0x44,
    0x44, 0x0, 0xc, 0xf0, 0x7, 0xf5, 0x0, 0x0,
    0x0, 0x0, 0x0, 0x0, 0x9, 0xbf, 0xf0, 0x8,
    0xf5, 0x0, 0x0, 0x0, 0x0, 0x0, 0x0, 0x6,
    0xfe, 0x60, 0x0, 0x0, 0x0, 0x0, 0x0, 0x0,
    0x0, 0x0, 0x0, 0x10, 0x0,

    /* U+F00B "" */
    0x14, 0x44, 0x44, 0x10, 0x3, 0x44, 0x44, 0x44,
    0x44, 0x44, 0x44, 0x41, 0xef, 0xff, 0xff, 0xe0,
    0x6f, 0xff, 0xff, 0xff, 0xff, 0xff, 0xff, 0xfe,
    0xff, 0xff, 0xff, 0xf0, 0x8f, 0xff, 0xff, 0xff,
    0xff, 0xff, 0xff, 0xff, 0xff, 0xff, 0xff, 0xf0,
    0x8f, 0xff, 0xff, 0xff, 0xff, 0xff, 0xff, 0xff,
    0xff, 0xff, 0xff, 0xf0, 0x8f, 0xff, 0xff, 0xff,
    0xff, 0xff, 0xff, 0xff, 0xff, 0xff, 0xff, 0xf0,
    0x8f, 0xff, 0xff, 0xff, 0xff, 0xff, 0xff, 0xff,
    0x7b, 0xbb, 0xbb, 0x60, 0x2a, 0xbb, 0xbb, 0xbb,
    0xbb, 0xbb, 0xbb, 0xb7, 0x0, 0x0, 0x0, 0x0,
    0x0, 0x0, 0x0, 0x0, 0x0, 0x0, 0x0, 0x0,
    0xbf, 0xff, 0xff, 0xb0, 0x4f, 0xff, 0xff, 0xff,
    0xff, 0xff, 0xff, 0xfb, 0xff, 0xff, 0xff, 0xf0,
    0x8f, 0xff, 0xff, 0xff, 0xff, 0xff, 0xff, 0xff,
    0xff, 0xff, 0xff, 0xf0, 0x8f, 0xff, 0xff, 0xff,
    0xff, 0xff, 0xff, 0xff, 0xff, 0xff, 0xff, 0xf0,
    0x8f, 0xff, 0xff, 0xff, 0xff, 0xff, 0xff, 0xff,
    0xff, 0xff, 0xff, 0xf0, 0x8f, 0xff, 0xff, 0xff,
    0xff, 0xff, 0xff, 0xff, 0xbf, 0xff, 0xff, 0xb0,
    0x4f, 0xff, 0xff, 0xff, 0xff, 0xff, 0xff, 0xfb,
    0x0, 0x0, 0x0, 0x0, 0x0, 0x0, 0x0, 0x0,
    0x0, 0x0, 0x0, 0x0, 0x14, 0x44, 0x44, 0x10,
    0x3, 0x44, 0x44, 0x44, 0x44, 0x44, 0x44, 0x41,
    0xef, 0xff, 0xff, 0xe0, 0x6f, 0xff, 0xff, 0xff,
    0xff, 0xff, 0xff, 0xfe, 0xff, 0xff, 0xff, 0xf0,
    0x8f, 0xff, 0xff, 0xff, 0xff, 0xff, 0xff, 0xff,
    0xff, 0xff, 0xff, 0xf0, 0x8f, 0xff, 0xff, 0xff,
    0xff, 0xff, 0xff, 0xff, 0xff, 0xff, 0xff, 0xf0,
    0x8f, 0xff, 0xff, 0xff, 0xff, 0xff, 0xff, 0xff,
    0xff, 0xff, 0xff, 0xf0, 0x8f, 0xff, 0xff, 0xff,
    0xff, 0xff, 0xff, 0xff, 0x7b, 0xbb, 0xbb, 0x60,
    0x2a, 0xbb, 0xbb, 0xbb, 0xbb, 0xbb, 0xbb, 0xb7,

    /* U+F00C "" */
    0x0, 0x0, 0x0, 0x0, 0x0, 0x0, 0x0, 0x0,
    0x0, 0x0, 0xbd, 0x20, 0x0, 0x0, 0x0, 0x0,
    0x0, 0x0, 0x0, 0x0, 0x0, 0xc, 0xff, 0xe2,
    0x0, 0x0, 0x0, 0x0, 0x0, 0x0, 0x0, 0x0,
    0x0, 0xcf, 0xff, 0xfd, 0x0, 0x0, 0x0, 0x0,
    0x0, 0x0, 0x0, 0x0, 0xc, 0xff, 0xff, 0xfd,
    0x0, 0x0, 0x0, 0x0, 0x0, 0x0, 0x0, 0x0,
    0xcf, 0xff, 0xff, 0xd1, 0x0, 0x0, 0x0, 0x0,
    0x0, 0x0, 0x0, 0xc, 0xff, 0xff, 0xfd, 0x10,
    0x2, 0xdb, 0x0, 0x0, 0x0, 0x0, 0x0, 0xcf,
    0xff, 0xff, 0xd1, 0x0, 0x2e, 0xff, 0xc0, 0x0,
    0x0, 0x0, 0xc, 0xff, 0xff, 0xfd, 0x10, 0x0,
    0xdf, 0xff, 0xfc, 0x0, 0x0, 0x0, 0xcf, 0xff,
    0xff, 0xd1, 0x0, 0x0, 0xdf, 0xff, 0xff, 0xc0,
    0x0, 0xc, 0xff, 0xff, 0xfd, 0x10, 0x0, 0x0,
    0x1d, 0xff, 0xff, 0xfc, 0x0, 0xcf, 0xff, 0xff,
    0xd1, 0x0, 0x0, 0x0, 0x1, 0xdf, 0xff, 0xff,
    0xcc, 0xff, 0xff, 0xfd, 0x10, 0x0, 0x0, 0x0,
    0x0, 0x1d, 0xff, 0xff, 0xff, 0xff, 0xff, 0xd1,
    0x0, 0x0, 0x0, 0x0, 0x0, 0x1, 0xdf, 0xff,
    0xff, 0xff, 0xfd, 0x10, 0x0, 0x0, 0x0, 0x0,
    0x0, 0x0, 0x1d, 0xff, 0xff, 0xff, 0xd1, 0x0,
    0x0, 0x0, 0x0, 0x0, 0x0, 0x0, 0x1, 0xdf,
    0xff, 0xfd, 0x10, 0x0, 0x0, 0x0, 0x0, 0x0,
    0x0, 0x0, 0x0, 0x1d, 0xff, 0xd1, 0x0, 0x0,
    0x0, 0x0, 0x0, 0x0, 0x0, 0x0, 0x0, 0x1,
    0xcc, 0x10, 0x0, 0x0, 0x0, 0x0, 0x0, 0x0,

    /* U+F013 "" */
    0x0, 0x0, 0x0, 0x0, 0x4, 0x89, 0x98, 0x40,
    0x0, 0x0, 0x0, 0x0, 0x0, 0x0, 0x0, 0x0,
    0xf, 0xff, 0xff, 0xf0, 0x0, 0x0, 0x0, 0x0,
    0x0, 0x0, 0x0, 0x0, 0xf, 0xff, 0xff, 0xf0,
    0x0, 0x0, 0x0, 0x0, 0x0, 0x0, 0x0, 0x0,
    0x4f, 0xff, 0xff, 0xf4, 0x0, 0x0, 0x0, 0x0,
    0x0, 0xc, 0xc3, 0x2c, 0xff, 0xff, 0xff, 0xff,
    0xc2, 0x3c, 0xc0, 0x0, 0x0, 0x8f, 0xff, 0xff,
    0xff, 0xff, 0xff, 0xff, 0xff, 0xff, 0xf8, 0x0,
    0x3, 0xff, 0xff, 0xff, 0xff, 0xff, 0xff, 0xff,
    0xff, 0xff, 0xff, 0x30, 0xa, 0xff, 0xff, 0xff,
    0xff, 0xff, 0xff, 0xff, 0xff, 0xff, 0xff, 0xa0,
    0xf, 0xff, 0xff, 0xff, 0xff, 0x94, 0x49, 0xff,
    0xff, 0xff, 0xff, 0xf0, 0x6, 0xef, 0xff, 0xff,
    0xf4, 0x0, 0x0, 0x4f, 0xff, 0xff, 0xfe, 0x60,
    0x0, 0x1e, 0xff, 0xff, 0x90, 0x0, 0x0, 0x9,
    0xff, 0xff, 0xe1, 0x0, 0x0, 0xf, 0xff, 0xff,
    0x40, 0x0, 0x0, 0x4, 0xff, 0xff, 0xf0, 0x0,
    0x0, 0xf, 0xff, 0xff, 0x40, 0x0, 0x0, 0x4,
    0xff, 0xff, 0xf0, 0x0, 0x0, 0x1e, 0xff, 0xff,
    0x90, 0x0, 0x0, 0x9, 0xff, 0xff, 0xe1, 0x0,
    0x6, 0xef, 0xff, 0xff, 0xf4, 0x0, 0x0, 0x4f,
    0xff, 0xff, 0xfe, 0x60, 0xf, 0xff, 0xff, 0xff,
    0xff, 0x94, 0x49, 0xff, 0xff, 0xff, 0xff, 0xf0,
    0xa, 0xff, 0xff, 0xff, 0xff, 0xff, 0xff, 0xff,
    0xff, 0xff, 0xff, 0xa0, 0x3, 0xff, 0xff, 0xff,
    0xff, 0xff, 0xff, 0xff, 0xff, 0xff, 0xff, 0x30,
    0x0, 0x8f, 0xff, 0xff, 0xff, 0xff, 0xff, 0xff,
    0xff, 0xff, 0xf8, 0x0, 0x0, 0xc, 0xc3, 0x2c,
    0xff, 0xff, 0xff, 0xff, 0xc2, 0x3c, 0xc0, 0x0,
    0x0, 0x0, 0x0, 0x0, 0x4f, 0xff, 0xff, 0xf4,
    0x0, 0x0, 0x0, 0x0, 0x0, 0x0, 0x0, 0x0,
    0xf, 0xff, 0xff, 0xf0, 0x0, 0x0, 0x0, 0x0,
    0x0, 0x0, 0x0, 0x0, 0xf, 0xff, 0xff, 0xf0,
    0x0, 0x0, 0x0, 0x0, 0x0, 0x0, 0x0, 0x0,
    0x4, 0x89, 0x98, 0x40, 0x0, 0x0, 0x0, 0x0,

    /* U+F015 "" */
    0x0, 0x0, 0x0, 0x0, 0x0, 0x0, 0x13, 0x10,
    0x0, 0x2, 0x44, 0x20, 0x0, 0x0, 0x0, 0x0,
    0x0, 0x0, 0x0, 0x5f, 0xfe, 0x40, 0x0, 0xdf,
    0xfd, 0x0, 0x0, 0x0, 0x0, 0x0, 0x0, 0x0,
    0x7f, 0xff, 0xff, 0x70, 0xe, 0xff, 0xe0, 0x0,
    0x0, 0x0, 0x0, 0x0, 0x0, 0xaf, 0xff, 0xff,
    0xff, 0xa0, 0xef, 0xfe, 0x0, 0x0, 0x0, 0x0,
    0x0, 0x1, 0xcf, 0xff, 0xb3, 0xbf, 0xff, 0xce,
    0xff, 0xe0, 0x0, 0x0, 0x0, 0x0, 0x3, 0xef,
    0xff, 0x90, 0x0, 0x9f, 0xff, 0xff, 0xfe, 0x0,
    0x0, 0x0, 0x0, 0x6, 0xff, 0xff, 0x60, 0x5d,
    0x50, 0x6f, 0xff, 0xff, 0xe0, 0x0, 0x0, 0x0,
    0x8, 0xff, 0xfe, 0x30, 0x8f, 0xff, 0x80, 0x3e,
    0xff, 0xfe, 0x0, 0x0, 0x0, 0x1b, 0xff, 0xfd,
    0x20, 0xaf, 0xff, 0xff, 0xa0, 0x2d, 0xff, 0xfb,
    0x0, 0x0, 0x2d, 0xff, 0xfb, 0x1, 0xcf, 0xff,
    0xff, 0xff, 0xc1, 0xb, 0xff, 0xfd, 0x20, 0x4f,
    0xff, 0xf8, 0x3, 0xef, 0xff, 0xff, 0xff, 0xff,
    0xe3, 0x8, 0xff, 0xfe, 0x4e, 0xff, 0xf5, 0x5,
    0xff, 0xff, 0xff, 0xff, 0xff, 0xff, 0xf5, 0x5,
    0xff, 0xfe, 0x4f, 0xe3, 0x8, 0xff, 0xff, 0xff,
    0xff, 0xff, 0xff, 0xff, 0xf8, 0x3, 0xef, 0x40,
    0x41, 0x7, 0xff, 0xff, 0xff, 0xff, 0xff, 0xff,
    0xff, 0xff, 0xf7, 0x1, 0x40, 0x0, 0x0, 0x8f,
    0xff, 0xff, 0xff, 0xff, 0xff, 0xff, 0xff, 0xff,
    0x80, 0x0, 0x0, 0x0, 0x8, 0xff, 0xff, 0xff,
    0xeb, 0xbb, 0xef, 0xff, 0xff, 0xf8, 0x0, 0x0,
    0x0, 0x0, 0x8f, 0xff, 0xff, 0xf4, 0x0, 0x4,
    0xff, 0xff, 0xff, 0x80, 0x0, 0x0, 0x0, 0x8,
    0xff, 0xff, 0xff, 0x40, 0x0, 0x4f, 0xff, 0xff,
    0xf8, 0x0, 0x0, 0x0, 0x0, 0x8f, 0xff, 0xff,
    0xf4, 0x0, 0x4, 0xff, 0xff, 0xff, 0x80, 0x0,
    0x0, 0x0, 0x8, 0xff, 0xff, 0xff, 0x40, 0x0,
    0x4f, 0xff, 0xff, 0xf8, 0x0, 0x0, 0x0, 0x0,
    0x7f, 0xff, 0xff, 0xf3, 0x0, 0x3, 0xff, 0xff,
    0xff, 0x70, 0x0, 0x0, 0x0, 0x3, 0xbb, 0xbb,
    0xba, 0x10, 0x0, 0x1a, 0xbb, 0xbb, 0xb3, 0x0,
    0x0,

    /* U+F079 "" */
    0x0, 0x0, 0x3, 0xd9, 0x0, 0x0, 0x0, 0x0,
    0x0, 0x0, 0x0, 0x0, 0x0, 0x0, 0x0, 0x0,
    0x0, 0x3, 0xef, 0xfa, 0x0, 0x0, 0x34, 0x44,
    0x44, 0x44, 0x44, 0x44, 0x10, 0x0, 0x0, 0x0,
    0x3, 0xef, 0xff, 0xfa, 0x0, 0x7f, 0xff, 0xff,
    0xff, 0xff, 0xff, 0xff, 0x0, 0x0, 0x0, 0x3,
    0xef, 0xff, 0xff, 0xfa, 0x5, 0xff, 0xff, 0xff,
    0xff, 0xff, 0xff, 0xf1, 0x0, 0x0, 0x3, 0xff,
    0xff, 0xff, 0xff, 0xfb, 0x5, 0xbb, 0xbb, 0xbb,
    0xbb, 0xbf, 0xff, 0x10, 0x0, 0x0, 0xef, 0xfe,
    0xdf, 0xfb, 0xff, 0xf8, 0x0, 0x0, 0x0, 0x0,
    0x0, 0xef, 0xf1, 0x0, 0x0, 0xd, 0xfe, 0x2b,
    0xff, 0x48, 0xff, 0x60, 0x0, 0x0, 0x0, 0x0,
    0xe, 0xff, 0x10, 0x0, 0x0, 0x17, 0x20, 0xbf,
    0xf4, 0x5, 0x50, 0x0, 0x0, 0x0, 0x0, 0x0,
    0xef, 0xf1, 0x0, 0x0, 0x0, 0x0, 0xb, 0xff,
    0x40, 0x0, 0x0, 0x0, 0x0, 0x0, 0x0, 0xe,
    0xff, 0x10, 0x0, 0x0, 0x0, 0x0, 0xbf, 0xf4,
    0x0, 0x0, 0x0, 0x0, 0x0, 0x0, 0x0, 0xef,
    0xf1, 0x0, 0x0, 0x0, 0x0, 0xb, 0xff, 0x40,
    0x0, 0x0, 0x0, 0x0, 0x0, 0x0, 0xe, 0xff,
    0x10, 0x0, 0x0, 0x0, 0x0, 0xbf, 0xf4, 0x0,
    0x0, 0x0, 0x0, 0x0, 0xaf, 0x70, 0xef, 0xf1,
    0x4f, 0xc0, 0x0, 0x0, 0xb, 0xff, 0x40, 0x0,
    0x0, 0x0, 0x0, 0x3f, 0xff, 0x6e, 0xff, 0x5f,
    0xff, 0x60, 0x0, 0x0, 0xbf, 0xf7, 0x44, 0x44,
    0x44, 0x44, 0x20, 0xcf, 0xff, 0xff, 0xff, 0xff,
    0xd1, 0x0, 0x0, 0xb, 0xff, 0xff, 0xff, 0xff,
    0xff, 0xff, 0x50, 0xbf, 0xff, 0xff, 0xff, 0xd1,
    0x0, 0x0, 0x0, 0xbf, 0xff, 0xff, 0xff, 0xff,
    0xff, 0xfe, 0x0, 0xbf, 0xff, 0xff, 0xd1, 0x0,
    0x0, 0x0, 0x4, 0xbb, 0xbb, 0xbb, 0xbb, 0xbb,
    0xbb, 0x60, 0x0, 0xbf, 0xff, 0xd1, 0x0, 0x0,
    0x0, 0x0, 0x0, 0x0, 0x0, 0x0, 0x0, 0x0,
    0x0, 0x0, 0x0, 0xbf, 0xd1, 0x0, 0x0, 0x0,
    0x0, 0x0, 0x0, 0x0, 0x0, 0x0, 0x0, 0x0,
    0x0, 0x0, 0x0, 0x40, 0x0, 0x0, 0x0,

    /* U+F0F3 "" */
    0x0, 0x0, 0x0, 0x0, 0x8, 0xf8, 0x0, 0x0,
    0x0, 0x0, 0x0, 0x0, 0x0, 0x0, 0x0, 0xff,
    0xf0, 0x0, 0x0, 0x0, 0x0, 0x0, 0x0, 0x0,
    0x1, 0x5f, 0xff, 0x51, 0x0, 0x0, 0x0, 0x0,
    0x0, 0x0, 0x8, 0xff, 0xff, 0xff, 0xf8, 0x0,
    0x0, 0x0, 0x0, 0x0, 0xc, 0xff, 0xff, 0xff,
    0xff, 0xfb, 0x0, 0x0, 0x0, 0x0, 0xa, 0xff,
    0xff, 0xff, 0xff, 0xff, 0xf9, 0x0, 0x0, 0x0,
    0x4, 0xff, 0xff, 0xff, 0xff, 0xff, 0xff, 0xf3,
    0x0, 0x0, 0x0, 0xaf, 0xff, 0xff, 0xff, 0xff,
    0xff, 0xff, 0x90, 0x0, 0x0, 0xe, 0xff, 0xff,
    0xff, 0xff, 0xff, 0xff, 0xfd, 0x0, 0x0, 0x0,
    0xff, 0xff, 0xff, 0xff, 0xff, 0xff, 0xff, 0xf0,
    0x0, 0x0, 0xf, 0xff, 0xff, 0xff, 0xff, 0xff,
    0xff, 0xff, 0x0, 0x0, 0x1, 0xff, 0xff, 0xff,
    0xff, 0xff, 0xff, 0xff, 0xf1, 0x0, 0x0, 0x4f,
    0xff, 0xff, 0xff, 0xff, 0xff, 0xff, 0xff, 0x40,
    0x0, 0x8, 0xff, 0xff, 0xff, 0xff, 0xff, 0xff,
    0xff, 0xf8, 0x0, 0x0, 0xdf, 0xff, 0xff, 0xff,
    0xff, 0xff, 0xff, 0xff, 0xd0, 0x0, 0x5f, 0xff,
    0xff, 0xff, 0xff, 0xff, 0xff, 0xff, 0xff, 0x50,
    0x3f, 0xff, 0xff, 0xff, 0xff, 0xff, 0xff, 0xff,
    0xff, 0xff, 0x3d, 0xff, 0xff, 0xff, 0xff, 0xff,
    0xff, 0xff, 0xff, 0xff, 0xfd, 0xdf, 0xff, 0xff,
    0xff, 0xff, 0xff, 0xff, 0xff, 0xff, 0xff, 0xd2,
    0x78, 0x88, 0x88, 0x88, 0x88, 0x88, 0x88, 0x88,
    0x88, 0x72, 0x0, 0x0, 0x0, 0x0, 0x0, 0x0,
    0x0, 0x0, 0x0, 0x0, 0x0, 0x0, 0x0, 0x0,
    0x6f, 0xff, 0xff, 0x60, 0x0, 0x0, 0x0, 0x0,
    0x0, 0x0, 0x1, 0xff, 0xff, 0xe1, 0x0, 0x0,
    0x0, 0x0, 0x0, 0x0, 0x0, 0x3, 0xcf, 0xc3,
    0x0, 0x0, 0x0, 0x0,

    /* U+F1EB "" */
    0x0, 0x0, 0x0, 0x0, 0x0, 0x0, 0x0, 0x0,
    0x0, 0x0, 0x0, 0x0, 0x0, 0x0, 0x0, 0x0,
    0x0, 0x0, 0x0, 0x0, 0x3, 0x56, 0x77, 0x65,
    0x30, 0x0, 0x0, 0x0, 0x0, 0x0, 0x0, 0x0,
    0x0, 0x2, 0x7c, 0xff, 0xff, 0xff, 0xff, 0xff,
    0xc7, 0x20, 0x0, 0x0, 0x0, 0x0, 0x0, 0x5,
    0xcf, 0xff, 0xff, 0xff, 0xff, 0xff, 0xff, 0xff,
    0xfc, 0x50, 0x0, 0x0, 0x0, 0x3, 0xdf, 0xff,
    0xff, 0xff, 0xff, 0xff, 0xff, 0xff, 0xff, 0xff,
    0xfd, 0x30, 0x0, 0x0, 0x8f, 0xff, 0xff, 0xff,
    0xc9, 0x65, 0x44, 0x56, 0x9c, 0xff, 0xff, 0xff,
    0xf8, 0x0, 0x1c, 0xff, 0xff, 0xfd, 0x61, 0x0,
    0x0, 0x0, 0x0, 0x0, 0x16, 0xdf, 0xff, 0xff,
    0xc1, 0xdf, 0xff, 0xfe, 0x50, 0x0, 0x0, 0x0,
    0x0, 0x0, 0x0, 0x0, 0x5, 0xef, 0xff, 0xfd,
    0x9f, 0xff, 0x90, 0x0, 0x0, 0x0, 0x0, 0x0,
    0x0, 0x0, 0x0, 0x0, 0x9, 0xff, 0xf9, 0x9,
    0xf6, 0x0, 0x0, 0x0, 0x48, 0xcd, 0xff, 0xdc,
    0x84, 0x0, 0x0, 0x0, 0x6f, 0x90, 0x0, 0x10,
    0x0, 0x0, 0x6e, 0xff, 0xff, 0xff, 0xff, 0xff,
    0xe6, 0x0, 0x0, 0x1, 0x0, 0x0, 0x0, 0x0,
    0x3d, 0xff, 0xff, 0xff, 0xff, 0xff, 0xff, 0xff,
    0xd3, 0x0, 0x0, 0x0, 0x0, 0x0, 0x5, 0xff,
    0xff, 0xff, 0xfe, 0xcc, 0xef, 0xff, 0xff, 0xff,
    0x50, 0x0, 0x0, 0x0, 0x0, 0x8, 0xff, 0xff,
    0xc5, 0x10, 0x0, 0x1, 0x5c, 0xff, 0xff, 0x80,
    0x0, 0x0, 0x0, 0x0, 0x0, 0xaf, 0xe4, 0x0,
    0x0, 0x0, 0x0, 0x0, 0x4e, 0xfa, 0x0, 0x0,
    0x0, 0x0, 0x0, 0x0, 0x6, 0x10, 0x0, 0x0,
    0x0, 0x0, 0x0, 0x1, 0x60, 0x0, 0x0, 0x0,
    0x0, 0x0, 0x0, 0x0, 0x0, 0x0, 0x0, 0x22,
    0x0, 0x0, 0x0, 0x0, 0x0, 0x0, 0x0, 0x0,
    0x0, 0x0, 0x0, 0x0, 0x0, 0x1d, 0xff, 0xc1,
    0x0, 0x0, 0x0, 0x0, 0x0, 0x0, 0x0, 0x0,
    0x0, 0x0, 0x0, 0x0, 0xbf, 0xff, 0xfb, 0x0,
    0x0, 0x0, 0x0, 0x0, 0x0, 0x0, 0x0, 0x0,
    0x0, 0x0, 0x0, 0xff, 0xff, 0xff, 0x0, 0x0,
    0x0, 0x0, 0x0, 0x0, 0x0, 0x0, 0x0, 0x0,
    0x0, 0x0, 0xdf, 0xff, 0xfd, 0x0, 0x0, 0x0,
    0x0, 0x0, 0x0, 0x0, 0x0, 0x0, 0x0, 0x0,
    0x0, 0x5f, 0xff, 0xf5, 0x0, 0x0, 0x0, 0x0,
    0x0, 0x0, 0x0, 0x0, 0x0, 0x0, 0x0, 0x0,
    0x4, 0xaa, 0x40, 0x0, 0x0, 0x0, 0x0, 0x0,
    0x0,

    /* U+FF01 "！" */
    0x1, 0x10, 0x2f, 0xf9, 0x1f, 0xf8, 0xf, 0xf7,
    0xf, 0xf6, 0xf, 0xf5, 0xe, 0xf4, 0xd, 0xf3,
    0xc, 0xf2, 0xb, 0xf1, 0xa, 0xf0, 0x9, 0xf0,
    0x1, 0x20, 0x0, 0x0, 0x0, 0x0, 0x2d, 0xd6,
    0x3f, 0xf8, 0x3f, 0xf8,

    /* U+FF0C "，" */
    0x69, 0x95, 0xbf, 0xfa, 0xbf, 0xfa, 0xbf, 0xfa,
    0x0, 0xf9, 0x5, 0xf4, 0x3e, 0xa0, 0x17, 0x0,

    /* U+FF1A "：" */
    0x1, 0x11, 0x4f, 0xfd, 0x4f, 0xfd, 0x4f, 0xfd,
    0x0, 0x0, 0x0, 0x0, 0x1, 0x11, 0x4f, 0xfd,
    0x4f, 0xfd, 0x4f, 0xfd,

    /* U+FF1B "；" */
    0x11, 0x10, 0xbf, 0xf6, 0xbf, 0xf6, 0xbf, 0xf6,
    0x0, 0x0, 0x0, 0x0, 0x23, 0x31, 0xbf, 0xf6,
    0xbf, 0xf6, 0xbf, 0xf6, 0x3, 0xf5, 0xa, 0xf1,
    0x8f, 0x60, 0x34, 0x0,

    /* U+FF1F "？" */
    0x0, 0x1, 0x32, 0x0, 0x0, 0x1, 0xaf, 0xff,
    0xc1, 0x0, 0xc, 0xfb, 0x8b, 0xfc, 0x0, 0x3f,
    0xb0, 0x0, 0xaf, 0x50, 0x6f, 0x60, 0x0, 0x4f,
    0x80, 0x37, 0x20, 0x0, 0x6f, 0x60, 0x0, 0x0,
    0x0, 0xcf, 0x20, 0x0, 0x0, 0x9, 0xf9, 0x0,
    0x0, 0x0, 0x6f, 0xd0, 0x0, 0x0, 0x1, 0xee,
    0x10, 0x0, 0x0, 0x7, 0xf5, 0x0, 0x0, 0x0,
    0xc, 0xe0, 0x0, 0x0, 0x0, 0xf, 0xb0, 0x0,
    0x0, 0x0, 0x4, 0x30, 0x0, 0x0, 0x0, 0x0,
    0x0, 0x0, 0x0, 0x0, 0x4b, 0xb2, 0x0, 0x0,
    0x0, 0x6f, 0xf3, 0x0, 0x0, 0x0, 0x6f, 0xf3,
    0x0, 0x0
};


/*---------------------
 *  GLYPH DESCRIPTION
 *--------------------*/

static const lv_font_fmt_txt_glyph_dsc_t glyph_dsc[] = {
    {.bitmap_index = 0, .adv_w = 0, .box_w = 0, .box_h = 0, .ofs_x = 0, .ofs_y = 0} /* id = 0 reserved */,
    {.bitmap_index = 0, .adv_w = 192, .box_w = 0, .box_h = 0, .ofs_x = 0, .ofs_y = 0},
    {.bitmap_index = 0, .adv_w = 192, .box_w = 4, .box_h = 17, .ofs_x = 4, .ofs_y = 0},
    {.bitmap_index = 34, .adv_w = 192, .box_w = 6, .box_h = 5, .ofs_x = 3, .ofs_y = 11},
    {.bitmap_index = 49, .adv_w = 192, .box_w = 12, .box_h = 16, .ofs_x = 0, .ofs_y = 0},
    {.bitmap_index = 145, .adv_w = 192, .box_w = 10, .box_h = 21, .ofs_x = 1, .ofs_y = -3},
    {.bitmap_index = 250, .adv_w = 192, .box_w = 12, .box_h = 17, .ofs_x = 0, .ofs_y = 0},
    {.bitmap_index = 352, .adv_w = 192, .box_w = 12, .box_h = 16, .ofs_x = 0, .ofs_y = 0},
    {.bitmap_index = 448, .adv_w = 192, .box_w = 3, .box_h = 5, .ofs_x = 4, .ofs_y = 11},
    {.bitmap_index = 456, .adv_w = 192, .box_w = 7, .box_h = 21, .ofs_x = 5, .ofs_y = -2},
    {.bitmap_index = 530, .adv_w = 192, .box_w = 7, .box_h = 21, .ofs_x = 0, .ofs_y = -2},
    {.bitmap_index = 604, .adv_w = 192, .box_w = 12, .box_h = 12, .ofs_x = 0, .ofs_y = 4},
    {.bitmap_index = 676, .adv_w = 192, .box_w = 12, .box_h = 11, .ofs_x = 0, .ofs_y = 3},
    {.bitmap_index = 742, .adv_w = 192, .box_w = 4, .box_h = 6, .ofs_x = 1, .ofs_y = -3},
    {.bitmap_index = 754, .adv_w = 192, .box_w = 12, .box_h = 3, .ofs_x = 0, .ofs_y = 7},
    {.bitmap_index = 772, .adv_w = 192, .box_w = 4, .box_h = 3, .ofs_x = 1, .ofs_y = 0},
    {.bitmap_index = 778, .adv_w = 192, .box_w = 12, .box_h = 19, .ofs_x = 0, .ofs_y = -1},
    {.bitmap_index = 892, .adv_w = 192, .box_w = 11, .box_h = 17, .ofs_x = 0, .ofs_y = -1},
    {.bitmap_index = 986, .adv_w = 192, .box_w = 6, .box_h = 16, .ofs_x = 2, .ofs_y = 0},
    {.bitmap_index = 1034, .adv_w = 192, .box_w = 11, .box_h = 17, .ofs_x = 0, .ofs_y = 0},
    {.bitmap_index = 1128, .adv_w = 192, .box_w = 11, .box_h = 17, .ofs_x = 0, .ofs_y = 0},
    {.bitmap_index = 1222, .adv_w = 192, .box_w = 12, .box_h = 16, .ofs_x = 0, .ofs_y = 0},
    {.bitmap_index = 1318, .adv_w = 192, .box_w = 11, .box_h = 16, .ofs_x = 0, .ofs_y = 0},
    {.bitmap_index = 1406, .adv_w = 192, .box_w = 12, .box_h = 16, .ofs_x = 0, .ofs_y = 0},
    {.bitmap_index = 1502, .adv_w = 192, .box_w = 11, .box_h = 16, .ofs_x = 1, .ofs_y = 0},
    {.bitmap_index = 1590, .adv_w = 192, .box_w = 11, .box_h = 16, .ofs_x = 0, .ofs_y = 0},
    {.bitmap_index = 1678, .adv_w = 192, .box_w = 11, .box_h = 16, .ofs_x = 0, .ofs_y = 0},
    {.bitmap_index = 1766, .adv_w = 192, .box_w = 3, .box_h = 11, .ofs_x = 4, .ofs_y = 0},
    {.bitmap_index = 1783, .adv_w = 192, .box_w = 3, .box_h = 14, .ofs_x = 4, .ofs_y = -3},
    {.bitmap_index = 1804, .adv_w = 192, .box_w = 12, .box_h = 18, .ofs_x = 0, .ofs_y = -1},
    {.bitmap_index = 1912, .adv_w = 192, .box_w = 12, .box_h = 9, .ofs_x = 0, .ofs_y = 4},
    {.bitmap_index = 1966, .adv_w = 192, .box_w = 12, .box_h = 18, .ofs_x = 0, .ofs_y = -1},
    {.bitmap_index = 2074, .adv_w = 192, .box_w = 10, .box_h = 16, .ofs_x = 1, .ofs_y = 0},
    {.bitmap_index = 2154, .adv_w = 192, .box_w = 12, .box_h = 16, .ofs_x = 0, .ofs_y = 0},
    {.bitmap_index = 2250, .adv_w = 192, .box_w = 12, .box_h = 16, .ofs_x = 0, .ofs_y = 0},
    {.bitmap_index = 2346, .adv_w = 192, .box_w = 11, .box_h = 16, .ofs_x = 1, .ofs_y = 0},
    {.bitmap_index = 2434, .adv_w = 192, .box_w = 12, .box_h = 16, .ofs_x = 0, .ofs_y = 0},
    {.bitmap_index = 2530, .adv_w = 192, .box_w = 10, .box_h = 16, .ofs_x = 1, .ofs_y = 0},
    {.bitmap_index = 2610, .adv_w = 192, .box_w = 10, .box_h = 16, .ofs_x = 1, .ofs_y = 0},
    {.bitmap_index = 2690, .adv_w = 192, .box_w = 10, .box_h = 16, .ofs_x = 1, .ofs_y = 0},
    {.bitmap_index = 2770, .adv_w = 192, .box_w = 11, .box_h = 16, .ofs_x = 0, .ofs_y = 0},
    {.bitmap_index = 2858, .adv_w = 192, .box_w = 10, .box_h = 16, .ofs_x = 1, .ofs_y = 0},
    {.bitmap_index = 2938, .adv_w = 192, .box_w = 3, .box_h = 16, .ofs_x = 4, .ofs_y = 0},
    {.bitmap_index = 2962, .adv_w = 192, .box_w = 10, .box_h = 16, .ofs_x = 1, .ofs_y = 0},
    {.bitmap_index = 3042, .adv_w = 192, .box_w = 11, .box_h = 16, .ofs_x = 1, .ofs_y = 0},
    {.bitmap_index = 3130, .adv_w = 192, .box_w = 10, .box_h = 16, .ofs_x = 1, .ofs_y = 0},
    {.bitmap_index = 3210, .adv_w = 192, .box_w = 11, .box_h = 16, .ofs_x = 0, .ofs_y = 0},
    {.bitmap_index = 3298, .adv_w = 192, .box_w = 11, .box_h = 16, .ofs_x = 0, .ofs_y = 0},
    {.bitmap_index = 3386, .adv_w = 192, .box_w = 12, .box_h = 16, .ofs_x = 0, .ofs_y = 0},
    {.bitmap_index = 3482, .adv_w = 192, .box_w = 11, .box_h = 16, .ofs_x = 1, .ofs_y = 0},
    {.bitmap_index = 3570, .adv_w = 192, .box_w = 12, .box_h = 18, .ofs_x = 0, .ofs_y = -2},
    {.bitmap_index = 3678, .adv_w = 192, .box_w = 11, .box_h = 16, .ofs_x = 1, .ofs_y = 0},
    {.bitmap_index = 3766, .adv_w = 192, .box_w = 11, .box_h = 16, .ofs_x = 0, .ofs_y = 0},
    {.bitmap_index = 3854, .adv_w = 192, .box_w = 10, .box_h = 16, .ofs_x = 1, .ofs_y = 0},
    {.bitmap_index = 3934, .adv_w = 192, .box_w = 10, .box_h = 16, .ofs_x = 1, .ofs_y = 0},
    {.bitmap_index = 4014, .adv_w = 192, .box_w = 12, .box_h = 16, .ofs_x = 0, .ofs_y = 0},
    {.bitmap_index = 4110, .adv_w = 192, .box_w = 12, .box_h = 16, .ofs_x = 0, .ofs_y = 0},
    {.bitmap_index = 4206, .adv_w = 192, .box_w = 12, .box_h = 16, .ofs_x = 0, .ofs_y = 0},
    {.bitmap_index = 4302, .adv_w = 192, .box_w = 12, .box_h = 16, .ofs_x = 0, .ofs_y = 0},
    {.bitmap_index = 4398, .adv_w = 192, .box_w = 11, .box_h = 16, .ofs_x = 0, .ofs_y = 0},
    {.bitmap_index = 4486, .adv_w = 192, .box_w = 7, .box_h = 22, .ofs_x = 4, .ofs_y = -3},
    {.bitmap_index = 4563, .adv_w = 192, .box_w = 10, .box_h = 19, .ofs_x = 1, .ofs_y = -2},
    {.bitmap_index = 4658, .adv_w = 192, .box_w = 7, .box_h = 22, .ofs_x = 1, .ofs_y = -3},
    {.bitmap_index = 4735, .adv_w = 192, .box_w = 10, .box_h = 4, .ofs_x = 1, .ofs_y = 15},
    {.bitmap_index = 4755, .adv_w = 192, .box_w = 12, .box_h = 2, .ofs_x = 0, .ofs_y = -4},
    {.bitmap_index = 4767, .adv_w = 192, .box_w = 6, .box_h = 5, .ofs_x = 3, .ofs_y = 15},
    {.bitmap_index = 4782, .adv_w = 192, .box_w = 10, .box_h = 11, .ofs_x = 1, .ofs_y = 0},
    {.bitmap_index = 4837, .adv_w = 192, .box_w = 10, .box_h = 16, .ofs_x = 1, .ofs_y = 0},
    {.bitmap_index = 4917, .adv_w = 192, .box_w = 11, .box_h = 11, .ofs_x = 0, .ofs_y = 0},
    {.bitmap_index = 4978, .adv_w = 192, .box_w = 11, .box_h = 16, .ofs_x = 0, .ofs_y = 0},
    {.bitmap_index = 5066, .adv_w = 192, .box_w = 11, .box_h = 11, .ofs_x = 0, .ofs_y = 0},
    {.bitmap_index = 5127, .adv_w = 192, .box_w = 10, .box_h = 16, .ofs_x = 1, .ofs_y = 0},
    {.bitmap_index = 5207, .adv_w = 192, .box_w = 12, .box_h = 15, .ofs_x = 0, .ofs_y = -3},
    {.bitmap_index = 5297, .adv_w = 192, .box_w = 10, .box_h = 16, .ofs_x = 1, .ofs_y = 0},
    {.bitmap_index = 5377, .adv_w = 192, .box_w = 3, .box_h = 16, .ofs_x = 4, .ofs_y = 0},
    {.bitmap_index = 5401, .adv_w = 192, .box_w = 7, .box_h = 19, .ofs_x = 2, .ofs_y = -3},
    {.bitmap_index = 5468, .adv_w = 192, .box_w = 10, .box_h = 16, .ofs_x = 1, .ofs_y = 0},
    {.bitmap_index = 5548, .adv_w = 192, .box_w = 3, .box_h = 16, .ofs_x = 4, .ofs_y = 0},
    {.bitmap_index = 5572, .adv_w = 192, .box_w = 12, .box_h = 11, .ofs_x = 0, .ofs_y = 0},
    {.bitmap_index = 5638, .adv_w = 192, .box_w = 10, .box_h = 11, .ofs_x = 1, .ofs_y = 0},
    {.bitmap_index = 5693, .adv_w = 192, .box_w = 11, .box_h = 11, .ofs_x = 0, .ofs_y = 0},
    {.bitmap_index = 5754, .adv_w = 192, .box_w = 10, .box_h = 14, .ofs_x = 1, .ofs_y = -3},
    {.bitmap_index = 5824, .adv_w = 192, .box_w = 11, .box_h = 14, .ofs_x = 0, .ofs_y = -3},
    {.bitmap_index = 5901, .adv_w = 192, .box_w = 8, .box_h = 11, .ofs_x = 2, .ofs_y = 0},
    {.bitmap_index = 5945, .adv_w = 192, .box_w = 10, .box_h = 11, .ofs_x = 1, .ofs_y = 0},
    {.bitmap_index = 6000, .adv_w = 192, .box_w = 11, .box_h = 14, .ofs_x = 0, .ofs_y = 0},
    {.bitmap_index = 6077, .adv_w = 192, .box_w = 10, .box_h = 11, .ofs_x = 1, .ofs_y = 0},
    {.bitmap_index = 6132, .adv_w = 192, .box_w = 11, .box_h = 11, .ofs_x = 0, .ofs_y = 0},
    {.bitmap_index = 6193, .adv_w = 192, .box_w = 12, .box_h = 11, .ofs_x = 0, .ofs_y = 0},
    {.bitmap_index = 6259, .adv_w = 192, .box_w = 11, .box_h = 11, .ofs_x = 0, .ofs_y = 0},
    {.bitmap_index = 6320, .adv_w = 192, .box_w = 11, .box_h = 14, .ofs_x = 0, .ofs_y = -3},
    {.bitmap_index = 6397, .adv_w = 192, .box_w = 10, .box_h = 11, .ofs_x = 1, .ofs_y = 0},
    {.bitmap_index = 6452, .adv_w = 192, .box_w = 6, .box_h = 22, .ofs_x = 5, .ofs_y = -3},
    {.bitmap_index = 6518, .adv_w = 192, .box_w = 3, .box_h = 24, .ofs_x = 4, .ofs_y = -3},
    {.bitmap_index = 6554, .adv_w = 192, .box_w = 6, .box_h = 22, .ofs_x = 1, .ofs_y = -3},
    {.bitmap_index = 6620, .adv_w = 192, .box_w = 10, .box_h = 4, .ofs_x = 1, .ofs_y = 16},
    {.bitmap_index = 6640, .adv_w = 384, .box_w = 9, .box_h = 22, .ofs_x = 11, .ofs_y = -1},
    {.bitmap_index = 6739, .adv_w = 384, .box_w = 8, .box_h = 21, .ofs_x = 4, .ofs_y = -2},
    {.bitmap_index = 6823, .adv_w = 384, .box_w = 22, .box_h = 4, .ofs_x = 1, .ofs_y = 7},
    {.bitmap_index = 6867, .adv_w = 384, .box_w = 22, .box_h = 22, .ofs_x = 1, .ofs_y = -3},
    {.bitmap_index = 7109, .adv_w = 384, .box_w = 22, .box_h = 19, .ofs_x = 1, .ofs_y = -1},
    {.bitmap_index = 7318, .adv_w = 384, .box_w = 22, .box_h = 21, .ofs_x = 1, .ofs_y = -2},
    {.bitmap_index = 7549, .adv_w = 384, .box_w = 22, .box_h = 20, .ofs_x = 1, .ofs_y = -2},
    {.bitmap_index = 7769, .adv_w = 384, .box_w = 22, .box_h = 21, .ofs_x = 1, .ofs_y = -2},
    {.bitmap_index = 8000, .adv_w = 384, .box_w = 22, .box_h = 23, .ofs_x = 1, .ofs_y = -3},
    {.bitmap_index = 8253, .adv_w = 384, .box_w = 20, .box_h = 22, .ofs_x = 2, .ofs_y = -2},
    {.bitmap_index = 8473, .adv_w = 384, .box_w = 21, .box_h = 22, .ofs_x = 1, .ofs_y = -2},
    {.bitmap_index = 8704, .adv_w = 384, .box_w = 23, .box_h = 23, .ofs_x = 1, .ofs_y = -3},
    {.bitmap_index = 8969, .adv_w = 384, .box_w = 18, .box_h = 22, .ofs_x = 3, .ofs_y = -3},
    {.bitmap_index = 9167, .adv_w = 384, .box_w = 22, .box_h = 16, .ofs_x = 1, .ofs_y = 0},
    {.bitmap_index = 9343, .adv_w = 384, .box_w = 22, .box_h = 20, .ofs_x = 1, .ofs_y = -2},
    {.bitmap_index = 9563, .adv_w = 384, .box_w = 22, .box_h = 19, .ofs_x = 1, .ofs_y = -1},
    {.bitmap_index = 9772, .adv_w = 384, .box_w = 22, .box_h = 23, .ofs_x = 1, .ofs_y = -3},
    {.bitmap_index = 10025, .adv_w = 384, .box_w = 22, .box_h = 23, .ofs_x = 1, .ofs_y = -3},
    {.bitmap_index = 10278, .adv_w = 384, .box_w = 22, .box_h = 22, .ofs_x = 1, .ofs_y = -2},
    {.bitmap_index = 10520, .adv_w = 384, .box_w = 23, .box_h = 22, .ofs_x = 0, .ofs_y = -2},
    {.bitmap_index = 10773, .adv_w = 384, .box_w = 24, .box_h = 22, .ofs_x = 0, .ofs_y = -2},
    {.bitmap_index = 11037, .adv_w = 384, .box_w = 22, .box_h = 22, .ofs_x = 1, .ofs_y = -2},
    {.bitmap_index = 11279, .adv_w = 384, .box_w = 24, .box_h = 22, .ofs_x = 0, .ofs_y = -2},
    {.bitmap_index = 11543, .adv_w = 384, .box_w = 24, .box_h = 22, .ofs_x = 0, .ofs_y = -2},
    {.bitmap_index = 11807, .adv_w = 384, .box_w = 23, .box_h = 22, .ofs_x = 0, .ofs_y = -2},
    {.bitmap_index = 12060, .adv_w = 384, .box_w = 23, .box_h = 23, .ofs_x = 0, .ofs_y = -3},
    {.bitmap_index = 12325, .adv_w = 384, .box_w = 23, .box_h = 23, .ofs_x = 0, .ofs_y = -3},
    {.bitmap_index = 12590, .adv_w = 384, .box_w = 23, .box_h = 23, .ofs_x = 0, .ofs_y = -3},
    {.bitmap_index = 12855, .adv_w = 384, .box_w = 24, .box_h = 22, .ofs_x = 0, .ofs_y = -2},
    {.bitmap_index = 13119, .adv_w = 384, .box_w = 23, .box_h = 22, .ofs_x = 0, .ofs_y = -2},
    {.bitmap_index = 13372, .adv_w = 384, .box_w = 23, .box_h = 22, .ofs_x = 0, .ofs_y = -2},
    {.bitmap_index = 13625, .adv_w = 384, .box_w = 22, .box_h = 22, .ofs_x = 1, .ofs_y = -2},
    {.bitmap_index = 13867, .adv_w = 384, .box_w = 22, .box_h = 23, .ofs_x = 1, .ofs_y = -3},
    {.bitmap_index = 14120, .adv_w = 384, .box_w = 21, .box_h = 23, .ofs_x = 2, .ofs_y = -3},
    {.bitmap_index = 14362, .adv_w = 384, .box_w = 21, .box_h = 21, .ofs_x = 2, .ofs_y = -3},
    {.bitmap_index = 14583, .adv_w = 384, .box_w = 23, .box_h = 23, .ofs_x = 0, .ofs_y = -3},
    {.bitmap_index = 14848, .adv_w = 384, .box_w = 24, .box_h = 23, .ofs_x = 0, .ofs_y = -3},
    {.bitmap_index = 15124, .adv_w = 384, .box_w = 23, .box_h = 23, .ofs_x = 0, .ofs_y = -3},
    {.bitmap_index = 15389, .adv_w = 384, .box_w = 23, .box_h = 23, .ofs_x = 0, .ofs_y = -3},
    {.bitmap_index = 15654, .adv_w = 384, .box_w = 23, .box_h = 23, .ofs_x = 1, .ofs_y = -3},
    {.bitmap_index = 15919, .adv_w = 384, .box_w = 23, .box_h = 23, .ofs_x = 0, .ofs_y = -3},
    {.bitmap_index = 16184, .adv_w = 384, .box_w = 21, .box_h = 22, .ofs_x = 1, .ofs_y = -2},
    {.bitmap_index = 16415, .adv_w = 384, .box_w = 23, .box_h = 23, .ofs_x = 1, .ofs_y = -3},
    {.bitmap_index = 16680, .adv_w = 384, .box_w = 22, .box_h = 23, .ofs_x = 0, .ofs_y = -3},
    {.bitmap_index = 16933, .adv_w = 384, .box_w = 23, .box_h = 23, .ofs_x = 1, .ofs_y = -3},
    {.bitmap_index = 17198, .adv_w = 384, .box_w = 22, .box_h = 23, .ofs_x = 1, .ofs_y = -3},
    {.bitmap_index = 17451, .adv_w = 384, .box_w = 22, .box_h = 22, .ofs_x = 1, .ofs_y = -2},
    {.bitmap_index = 17693, .adv_w = 384, .box_w = 23, .box_h = 21, .ofs_x = 1, .ofs_y = -2},
    {.bitmap_index = 17935, .adv_w = 384, .box_w = 24, .box_h = 22, .ofs_x = 0, .ofs_y = -2},
    {.bitmap_index = 18199, .adv_w = 384, .box_w = 22, .box_h = 22, .ofs_x = 1, .ofs_y = -2},
    {.bitmap_index = 18441, .adv_w = 384, .box_w = 22, .box_h = 23, .ofs_x = 1, .ofs_y = -3},
    {.bitmap_index = 18694, .adv_w = 384, .box_w = 22, .box_h = 23, .ofs_x = 1, .ofs_y = -3},
    {.bitmap_index = 18947, .adv_w = 384, .box_w = 18, .box_h = 19, .ofs_x = 3, .ofs_y = -2},
    {.bitmap_index = 19118, .adv_w = 384, .box_w = 22, .box_h = 21, .ofs_x = 1, .ofs_y = -3},
    {.bitmap_index = 19349, .adv_w = 384, .box_w = 22, .box_h = 22, .ofs_x = 1, .ofs_y = -3},
    {.bitmap_index = 19591, .adv_w = 384, .box_w = 23, .box_h = 22, .ofs_x = 1, .ofs_y = -2},
    {.bitmap_index = 19844, .adv_w = 384, .box_w = 23, .box_h = 23, .ofs_x = 0, .ofs_y = -3},
    {.bitmap_index = 20109, .adv_w = 384, .box_w = 22, .box_h = 21, .ofs_x = 1, .ofs_y = -3},
    {.bitmap_index = 20340, .adv_w = 384, .box_w = 23, .box_h = 20, .ofs_x = 1, .ofs_y = -2},
    {.bitmap_index = 20570, .adv_w = 384, .box_w = 21, .box_h = 22, .ofs_x = 1, .ofs_y = -3},
    {.bitmap_index = 20801, .adv_w = 384, .box_w = 22, .box_h = 22, .ofs_x = 1, .ofs_y = -2},
    {.bitmap_index = 21043, .adv_w = 384, .box_w = 23, .box_h = 22, .ofs_x = 1, .ofs_y = -3},
    {.bitmap_index = 21296, .adv_w = 384, .box_w = 20, .box_h = 21, .ofs_x = 2, .ofs_y = -3},
    {.bitmap_index = 21506, .adv_w = 384, .box_w = 20, .box_h = 21, .ofs_x = 2, .ofs_y = -2},
    {.bitmap_index = 21716, .adv_w = 384, .box_w = 22, .box_h = 22, .ofs_x = 0, .ofs_y = -2},
    {.bitmap_index = 21958, .adv_w = 384, .box_w = 22, .box_h = 22, .ofs_x = 1, .ofs_y = -2},
    {.bitmap_index = 22200, .adv_w = 384, .box_w = 22, .box_h = 22, .ofs_x = 1, .ofs_y = -2},
    {.bitmap_index = 22442, .adv_w = 384, .box_w = 23, .box_h = 22, .ofs_x = 0, .ofs_y = -2},
    {.bitmap_index = 22695, .adv_w = 384, .box_w = 23, .box_h = 23, .ofs_x = 1, .ofs_y = -3},
    {.bitmap_index = 22960, .adv_w = 384, .box_w = 21, .box_h = 23, .ofs_x = 1, .ofs_y = -3},
    {.bitmap_index = 23202, .adv_w = 384, .box_w = 23, .box_h = 22, .ofs_x = 0, .ofs_y = -2},
    {.bitmap_index = 23455, .adv_w = 384, .box_w = 21, .box_h = 23, .ofs_x = 2, .ofs_y = -3},
    {.bitmap_index = 23697, .adv_w = 384, .box_w = 24, .box_h = 23, .ofs_x = 0, .ofs_y = -3},
    {.bitmap_index = 23973, .adv_w = 384, .box_w = 23, .box_h = 23, .ofs_x = 0, .ofs_y = -3},
    {.bitmap_index = 24238, .adv_w = 384, .box_w = 24, .box_h = 21, .ofs_x = 0, .ofs_y = -2},
    {.bitmap_index = 24490, .adv_w = 384, .box_w = 23, .box_h = 23, .ofs_x = 1, .ofs_y = -3},
    {.bitmap_index = 24755, .adv_w = 384, .box_w = 23, .box_h = 23, .ofs_x = 0, .ofs_y = -3},
    {.bitmap_index = 25020, .adv_w = 384, .box_w = 23, .box_h = 23, .ofs_x = 0, .ofs_y = -3},
    {.bitmap_index = 25285, .adv_w = 384, .box_w = 22, .box_h = 23, .ofs_x = 1, .ofs_y = -3},
    {.bitmap_index = 25538, .adv_w = 384, .box_w = 22, .box_h = 23, .ofs_x = 1, .ofs_y = -3},
    {.bitmap_index = 25791, .adv_w = 384, .box_w = 22, .box_h = 23, .ofs_x = 1, .ofs_y = -3},
    {.bitmap_index = 26044, .adv_w = 384, .box_w = 23, .box_h = 22, .ofs_x = 1, .ofs_y = -2},
    {.bitmap_index = 26297, .adv_w = 384, .box_w = 22, .box_h = 23, .ofs_x = 1, .ofs_y = -3},
    {.bitmap_index = 26550, .adv_w = 384, .box_w = 24, .box_h = 23, .ofs_x = 0, .ofs_y = -3},
    {.bitmap_index = 26826, .adv_w = 384, .box_w = 22, .box_h = 23, .ofs_x = 1, .ofs_y = -3},
    {.bitmap_index = 27079, .adv_w = 384, .box_w = 22, .box_h = 22, .ofs_x = 1, .ofs_y = -3},
    {.bitmap_index = 27321, .adv_w = 384, .box_w = 20, .box_h = 23, .ofs_x = 2, .ofs_y = -3},
    {.bitmap_index = 27551, .adv_w = 384, .box_w = 20, .box_h = 22, .ofs_x = 1, .ofs_y = -3},
    {.bitmap_index = 27771, .adv_w = 384, .box_w = 22, .box_h = 19, .ofs_x = 1, .ofs_y = -1},
    {.bitmap_index = 27980, .adv_w = 384, .box_w = 21, .box_h = 20, .ofs_x = 2, .ofs_y = -2},
    {.bitmap_index = 28190, .adv_w = 384, .box_w = 22, .box_h = 22, .ofs_x = 1, .ofs_y = -2},
    {.bitmap_index = 28432, .adv_w = 384, .box_w = 22, .box_h = 22, .ofs_x = 1, .ofs_y = -2},
    {.bitmap_index = 28674, .adv_w = 384, .box_w = 22, .box_h = 22, .ofs_x = 1, .ofs_y = -2},
    {.bitmap_index = 28916, .adv_w = 384, .box_w = 22, .box_h = 21, .ofs_x = 1, .ofs_y = -2},
    {.bitmap_index = 29147, .adv_w = 384, .box_w = 23, .box_h = 22, .ofs_x = 0, .ofs_y = -2},
    {.bitmap_index = 29400, .adv_w = 384, .box_w = 23, .box_h = 24, .ofs_x = 0, .ofs_y = -3},
    {.bitmap_index = 29676, .adv_w = 384, .box_w = 24, .box_h = 23, .ofs_x = 0, .ofs_y = -3},
    {.bitmap_index = 29952, .adv_w = 384, .box_w = 23, .box_h = 22, .ofs_x = 0, .ofs_y = -2},
    {.bitmap_index = 30205, .adv_w = 384, .box_w = 23, .box_h = 23, .ofs_x = 0, .ofs_y = -3},
    {.bitmap_index = 30470, .adv_w = 384, .box_w = 23, .box_h = 23, .ofs_x = 1, .ofs_y = -3},
    {.bitmap_index = 30735, .adv_w = 384, .box_w = 22, .box_h = 21, .ofs_x = 1, .ofs_y = -2},
    {.bitmap_index = 30966, .adv_w = 384, .box_w = 22, .box_h = 22, .ofs_x = 1, .ofs_y = -3},
    {.bitmap_index = 31208, .adv_w = 384, .box_w = 23, .box_h = 23, .ofs_x = 1, .ofs_y = -3},
    {.bitmap_index = 31473, .adv_w = 384, .box_w = 22, .box_h = 22, .ofs_x = 1, .ofs_y = -2},
    {.bitmap_index = 31715, .adv_w = 384, .box_w = 22, .box_h = 23, .ofs_x = 1, .ofs_y = -3},
    {.bitmap_index = 31968, .adv_w = 384, .box_w = 23, .box_h = 22, .ofs_x = 0, .ofs_y = -2},
    {.bitmap_index = 32221, .adv_w = 384, .box_w = 22, .box_h = 22, .ofs_x = 1, .ofs_y = -2},
    {.bitmap_index = 32463, .adv_w = 384, .box_w = 23, .box_h = 23, .ofs_x = 0, .ofs_y = -3},
    {.bitmap_index = 32728, .adv_w = 384, .box_w = 22, .box_h = 22, .ofs_x = 1, .ofs_y = -2},
    {.bitmap_index = 32970, .adv_w = 384, .box_w = 24, .box_h = 23, .ofs_x = 0, .ofs_y = -3},
    {.bitmap_index = 33246, .adv_w = 384, .box_w = 22, .box_h = 23, .ofs_x = 1, .ofs_y = -3},
    {.bitmap_index = 33499, .adv_w = 384, .box_w = 21, .box_h = 23, .ofs_x = 1, .ofs_y = -3},
    {.bitmap_index = 33741, .adv_w = 384, .box_w = 22, .box_h = 22, .ofs_x = 1, .ofs_y = -3},
    {.bitmap_index = 33983, .adv_w = 384, .box_w = 23, .box_h = 23, .ofs_x = 0, .ofs_y = -3},
    {.bitmap_index = 34248, .adv_w = 384, .box_w = 24, .box_h = 23, .ofs_x = 0, .ofs_y = -3},
    {.bitmap_index = 34524, .adv_w = 384, .box_w = 24, .box_h = 23, .ofs_x = 0, .ofs_y = -3},
    {.bitmap_index = 34800, .adv_w = 384, .box_w = 23, .box_h = 23, .ofs_x = 1, .ofs_y = -3},
    {.bitmap_index = 35065, .adv_w = 384, .box_w = 24, .box_h = 23, .ofs_x = 0, .ofs_y = -3},
    {.bitmap_index = 35341, .adv_w = 384, .box_w = 24, .box_h = 23, .ofs_x = 0, .ofs_y = -3},
    {.bitmap_index = 35617, .adv_w = 384, .box_w = 24, .box_h = 23, .ofs_x = 0, .ofs_y = -3},
    {.bitmap_index = 35893, .adv_w = 384, .box_w = 24, .box_h = 23, .ofs_x = 0, .ofs_y = -3},
    {.bitmap_index = 36169, .adv_w = 384, .box_w = 23, .box_h = 23, .ofs_x = 0, .ofs_y = -3},
    {.bitmap_index = 36434, .adv_w = 384, .box_w = 24, .box_h = 23, .ofs_x = 0, .ofs_y = -3},
    {.bitmap_index = 36710, .adv_w = 384, .box_w = 22, .box_h = 21, .ofs_x = 1, .ofs_y = -3},
    {.bitmap_index = 36941, .adv_w = 384, .box_w = 17, .box_h = 21, .ofs_x = 4, .ofs_y = -2},
    {.bitmap_index = 37120, .adv_w = 384, .box_w = 22, .box_h = 21, .ofs_x = 1, .ofs_y = -2},
    {.bitmap_index = 37351, .adv_w = 384, .box_w = 23, .box_h = 23, .ofs_x = 1, .ofs_y = -3},
    {.bitmap_index = 37616, .adv_w = 384, .box_w = 20, .box_h = 22, .ofs_x = 2, .ofs_y = -3},
    {.bitmap_index = 37836, .adv_w = 384, .box_w = 23, .box_h = 22, .ofs_x = 0, .ofs_y = -3},
    {.bitmap_index = 38089, .adv_w = 384, .box_w = 22, .box_h = 22, .ofs_x = 1, .ofs_y = -2},
    {.bitmap_index = 38331, .adv_w = 384, .box_w = 23, .box_h = 22, .ofs_x = 1, .ofs_y = -3},
    {.bitmap_index = 38584, .adv_w = 384, .box_w = 23, .box_h = 23, .ofs_x = 1, .ofs_y = -3},
    {.bitmap_index = 38849, .adv_w = 384, .box_w = 22, .box_h = 23, .ofs_x = 1, .ofs_y = -3},
    {.bitmap_index = 39102, .adv_w = 384, .box_w = 22, .box_h = 22, .ofs_x = 1, .ofs_y = -2},
    {.bitmap_index = 39344, .adv_w = 384, .box_w = 21, .box_h = 22, .ofs_x = 1, .ofs_y = -2},
    {.bitmap_index = 39575, .adv_w = 384, .box_w = 23, .box_h = 23, .ofs_x = 1, .ofs_y = -3},
    {.bitmap_index = 39840, .adv_w = 384, .box_w = 23, .box_h = 22, .ofs_x = 0, .ofs_y = -3},
    {.bitmap_index = 40093, .adv_w = 384, .box_w = 22, .box_h = 22, .ofs_x = 1, .ofs_y = -3},
    {.bitmap_index = 40335, .adv_w = 384, .box_w = 19, .box_h = 22, .ofs_x = 1, .ofs_y = -3},
    {.bitmap_index = 40544, .adv_w = 384, .box_w = 23, .box_h = 22, .ofs_x = 0, .ofs_y = -3},
    {.bitmap_index = 40797, .adv_w = 384, .box_w = 22, .box_h = 23, .ofs_x = 1, .ofs_y = -3},
    {.bitmap_index = 41050, .adv_w = 384, .box_w = 23, .box_h = 23, .ofs_x = 0, .ofs_y = -3},
    {.bitmap_index = 41315, .adv_w = 384, .box_w = 24, .box_h = 22, .ofs_x = 0, .ofs_y = -2},
    {.bitmap_index = 41579, .adv_w = 384, .box_w = 22, .box_h = 22, .ofs_x = 1, .ofs_y = -2},
    {.bitmap_index = 41821, .adv_w = 384, .box_w = 23, .box_h = 23, .ofs_x = 1, .ofs_y = -3},
    {.bitmap_index = 42086, .adv_w = 384, .box_w = 22, .box_h = 22, .ofs_x = 1, .ofs_y = -2},
    {.bitmap_index = 42328, .adv_w = 384, .box_w = 24, .box_h = 23, .ofs_x = 0, .ofs_y = -3},
    {.bitmap_index = 42604, .adv_w = 384, .box_w = 24, .box_h = 22, .ofs_x = 0, .ofs_y = -2},
    {.bitmap_index = 42868, .adv_w = 384, .box_w = 22, .box_h = 22, .ofs_x = 1, .ofs_y = -2},
    {.bitmap_index = 43110, .adv_w = 384, .box_w = 22, .box_h = 22, .ofs_x = 1, .ofs_y = -2},
    {.bitmap_index = 43352, .adv_w = 384, .box_w = 23, .box_h = 22, .ofs_x = 0, .ofs_y = -2},
    {.bitmap_index = 43605, .adv_w = 384, .box_w = 24, .box_h = 23, .ofs_x = 0, .ofs_y = -3},
    {.bitmap_index = 43881, .adv_w = 384, .box_w = 23, .box_h = 23, .ofs_x = 1, .ofs_y = -3},
    {.bitmap_index = 44146, .adv_w = 384, .box_w = 22, .box_h = 23, .ofs_x = 1, .ofs_y = -3},
    {.bitmap_index = 44399, .adv_w = 384, .box_w = 22, .box_h = 23, .ofs_x = 1, .ofs_y = -3},
    {.bitmap_index = 44652, .adv_w = 384, .box_w = 23, .box_h = 23, .ofs_x = 1, .ofs_y = -3},
    {.bitmap_index = 44917, .adv_w = 384, .box_w = 24, .box_h = 23, .ofs_x = 0, .ofs_y = -3},
    {.bitmap_index = 45193, .adv_w = 384, .box_w = 23, .box_h = 23, .ofs_x = 1, .ofs_y = -3},
    {.bitmap_index = 45458, .adv_w = 384, .box_w = 23, .box_h = 23, .ofs_x = 1, .ofs_y = -3},
    {.bitmap_index = 45723, .adv_w = 384, .box_w = 21, .box_h = 23, .ofs_x = 1, .ofs_y = -3},
    {.bitmap_index = 45965, .adv_w = 384, .box_w = 22, .box_h = 23, .ofs_x = 1, .ofs_y = -3},
    {.bitmap_index = 46218, .adv_w = 384, .box_w = 23, .box_h = 22, .ofs_x = 0, .ofs_y = -2},
    {.bitmap_index = 46471, .adv_w = 384, .box_w = 22, .box_h = 23, .ofs_x = 1, .ofs_y = -3},
    {.bitmap_index = 46724, .adv_w = 384, .box_w = 23, .box_h = 23, .ofs_x = 0, .ofs_y = -3},
    {.bitmap_index = 46989, .adv_w = 384, .box_w = 23, .box_h = 22, .ofs_x = 1, .ofs_y = -2},
    {.bitmap_index = 47242, .adv_w = 384, .box_w = 24, .box_h = 23, .ofs_x = 0, .ofs_y = -3},
    {.bitmap_index = 47518, .adv_w = 384, .box_w = 23, .box_h = 23, .ofs_x = 0, .ofs_y = -3},
    {.bitmap_index = 47783, .adv_w = 384, .box_w = 23, .box_h = 23, .ofs_x = 0, .ofs_y = -3},
    {.bitmap_index = 48048, .adv_w = 384, .box_w = 22, .box_h = 23, .ofs_x = 1, .ofs_y = -3},
    {.bitmap_index = 48301, .adv_w = 384, .box_w = 23, .box_h = 23, .ofs_x = 0, .ofs_y = -3},
    {.bitmap_index = 48566, .adv_w = 384, .box_w = 22, .box_h = 23, .ofs_x = 1, .ofs_y = -3},
    {.bitmap_index = 48819, .adv_w = 384, .box_w = 23, .box_h = 23, .ofs_x = 1, .ofs_y = -3},
    {.bitmap_index = 49084, .adv_w = 384, .box_w = 22, .box_h = 22, .ofs_x = 1, .ofs_y = -3},
    {.bitmap_index = 49326, .adv_w = 384, .box_w = 23, .box_h = 22, .ofs_x = 0, .ofs_y = -2},
    {.bitmap_index = 49579, .adv_w = 384, .box_w = 20, .box_h = 22, .ofs_x = 1, .ofs_y = -3},
    {.bitmap_index = 49799, .adv_w = 384, .box_w = 20, .box_h = 23, .ofs_x = 2, .ofs_y = -3},
    {.bitmap_index = 50029, .adv_w = 384, .box_w = 19, .box_h = 23, .ofs_x = 3, .ofs_y = -3},
    {.bitmap_index = 50248, .adv_w = 384, .box_w = 20, .box_h = 23, .ofs_x = 2, .ofs_y = -3},
    {.bitmap_index = 50478, .adv_w = 384, .box_w = 23, .box_h = 22, .ofs_x = 0, .ofs_y = -2},
    {.bitmap_index = 50731, .adv_w = 384, .box_w = 22, .box_h = 23, .ofs_x = 1, .ofs_y = -3},
    {.bitmap_index = 50984, .adv_w = 384, .box_w = 22, .box_h = 21, .ofs_x = 1, .ofs_y = -2},
    {.bitmap_index = 51215, .adv_w = 384, .box_w = 22, .box_h = 23, .ofs_x = 1, .ofs_y = -3},
    {.bitmap_index = 51468, .adv_w = 384, .box_w = 23, .box_h = 23, .ofs_x = 0, .ofs_y = -3},
    {.bitmap_index = 51733, .adv_w = 384, .box_w = 22, .box_h = 22, .ofs_x = 1, .ofs_y = -3},
    {.bitmap_index = 51975, .adv_w = 384, .box_w = 24, .box_h = 22, .ofs_x = 0, .ofs_y = -2},
    {.bitmap_index = 52239, .adv_w = 384, .box_w = 23, .box_h = 24, .ofs_x = 1, .ofs_y = -3},
    {.bitmap_index = 52515, .adv_w = 384, .box_w = 22, .box_h = 23, .ofs_x = 1, .ofs_y = -3},
    {.bitmap_index = 52768, .adv_w = 384, .box_w = 22, .box_h = 23, .ofs_x = 1, .ofs_y = -3},
    {.bitmap_index = 53021, .adv_w = 384, .box_w = 22, .box_h = 22, .ofs_x = 1, .ofs_y = -2},
    {.bitmap_index = 53263, .adv_w = 384, .box_w = 23, .box_h = 23, .ofs_x = 1, .ofs_y = -3},
    {.bitmap_index = 53528, .adv_w = 384, .box_w = 24, .box_h = 23, .ofs_x = 0, .ofs_y = -3},
    {.bitmap_index = 53804, .adv_w = 384, .box_w = 24, .box_h = 22, .ofs_x = 0, .ofs_y = -2},
    {.bitmap_index = 54068, .adv_w = 384, .box_w = 24, .box_h = 23, .ofs_x = 0, .ofs_y = -3},
    {.bitmap_index = 54344, .adv_w = 384, .box_w = 23, .box_h = 21, .ofs_x = 0, .ofs_y = -2},
    {.bitmap_index = 54586, .adv_w = 384, .box_w = 24, .box_h = 23, .ofs_x = 0, .ofs_y = -3},
    {.bitmap_index = 54862, .adv_w = 384, .box_w = 20, .box_h = 21, .ofs_x = 2, .ofs_y = -2},
    {.bitmap_index = 55072, .adv_w = 384, .box_w = 22, .box_h = 21, .ofs_x = 1, .ofs_y = -2},
    {.bitmap_index = 55303, .adv_w = 384, .box_w = 22, .box_h = 22, .ofs_x = 0, .ofs_y = -3},
    {.bitmap_index = 55545, .adv_w = 384, .box_w = 23, .box_h = 22, .ofs_x = 0, .ofs_y = -2},
    {.bitmap_index = 55798, .adv_w = 384, .box_w = 22, .box_h = 23, .ofs_x = 1, .ofs_y = -3},
    {.bitmap_index = 56051, .adv_w = 384, .box_w = 22, .box_h = 23, .ofs_x = 1, .ofs_y = -3},
    {.bitmap_index = 56304, .adv_w = 384, .box_w = 24, .box_h = 22, .ofs_x = 0, .ofs_y = -2},
    {.bitmap_index = 56568, .adv_w = 384, .box_w = 22, .box_h = 23, .ofs_x = 1, .ofs_y = -3},
    {.bitmap_index = 56821, .adv_w = 384, .box_w = 23, .box_h = 22, .ofs_x = 0, .ofs_y = -2},
    {.bitmap_index = 57074, .adv_w = 384, .box_w = 23, .box_h = 23, .ofs_x = 0, .ofs_y = -3},
    {.bitmap_index = 57339, .adv_w = 384, .box_w = 23, .box_h = 22, .ofs_x = 0, .ofs_y = -2},
    {.bitmap_index = 57592, .adv_w = 384, .box_w = 24, .box_h = 22, .ofs_x = 0, .ofs_y = -2},
    {.bitmap_index = 57856, .adv_w = 384, .box_w = 22, .box_h = 22, .ofs_x = 1, .ofs_y = -3},
    {.bitmap_index = 58098, .adv_w = 384, .box_w = 24, .box_h = 22, .ofs_x = 0, .ofs_y = -3},
    {.bitmap_index = 58362, .adv_w = 384, .box_w = 23, .box_h = 21, .ofs_x = 1, .ofs_y = -3},
    {.bitmap_index = 58604, .adv_w = 384, .box_w = 22, .box_h = 23, .ofs_x = 1, .ofs_y = -3},
    {.bitmap_index = 58857, .adv_w = 384, .box_w = 22, .box_h = 21, .ofs_x = 1, .ofs_y = -2},
    {.bitmap_index = 59088, .adv_w = 384, .box_w = 23, .box_h = 23, .ofs_x = 0, .ofs_y = -3},
    {.bitmap_index = 59353, .adv_w = 384, .box_w = 23, .box_h = 21, .ofs_x = 1, .ofs_y = -2},
    {.bitmap_index = 59595, .adv_w = 384, .box_w = 22, .box_h = 23, .ofs_x = 1, .ofs_y = -3},
    {.bitmap_index = 59848, .adv_w = 384, .box_w = 22, .box_h = 22, .ofs_x = 1, .ofs_y = -2},
    {.bitmap_index = 60090, .adv_w = 384, .box_w = 23, .box_h = 23, .ofs_x = 0, .ofs_y = -3},
    {.bitmap_index = 60355, .adv_w = 384, .box_w = 23, .box_h = 23, .ofs_x = 1, .ofs_y = -3},
    {.bitmap_index = 60620, .adv_w = 384, .box_w = 24, .box_h = 23, .ofs_x = 0, .ofs_y = -3},
    {.bitmap_index = 60896, .adv_w = 384, .box_w = 23, .box_h = 23, .ofs_x = 0, .ofs_y = -3},
    {.bitmap_index = 61161, .adv_w = 384, .box_w = 23, .box_h = 23, .ofs_x = 0, .ofs_y = -3},
    {.bitmap_index = 61426, .adv_w = 384, .box_w = 24, .box_h = 23, .ofs_x = 0, .ofs_y = -3},
    {.bitmap_index = 61702, .adv_w = 384, .box_w = 23, .box_h = 23, .ofs_x = 1, .ofs_y = -3},
    {.bitmap_index = 61967, .adv_w = 384, .box_w = 23, .box_h = 23, .ofs_x = 1, .ofs_y = -3},
    {.bitmap_index = 62232, .adv_w = 384, .box_w = 22, .box_h = 22, .ofs_x = 1, .ofs_y = -3},
    {.bitmap_index = 62474, .adv_w = 384, .box_w = 23, .box_h = 22, .ofs_x = 1, .ofs_y = -2},
    {.bitmap_index = 62727, .adv_w = 384, .box_w = 22, .box_h = 23, .ofs_x = 1, .ofs_y = -3},
    {.bitmap_index = 62980, .adv_w = 384, .box_w = 22, .box_h = 23, .ofs_x = 1, .ofs_y = -3},
    {.bitmap_index = 63233, .adv_w = 384, .box_w = 24, .box_h = 22, .ofs_x = 0, .ofs_y = -2},
    {.bitmap_index = 63497, .adv_w = 384, .box_w = 24, .box_h = 23, .ofs_x = 0, .ofs_y = -3},
    {.bitmap_index = 63773, .adv_w = 384, .box_w = 23, .box_h = 23, .ofs_x = 1, .ofs_y = -3},
    {.bitmap_index = 64038, .adv_w = 384, .box_w = 22, .box_h = 22, .ofs_x = 1, .ofs_y = -2},
    {.bitmap_index = 64280, .adv_w = 384, .box_w = 23, .box_h = 22, .ofs_x = 0, .ofs_y = -2},
    {.bitmap_index = 64533, .adv_w = 384, .box_w = 22, .box_h = 22, .ofs_x = 1, .ofs_y = -2},
    {.bitmap_index = 64775, .adv_w = 384, .box_w = 20, .box_h = 23, .ofs_x = 2, .ofs_y = -3},
    {.bitmap_index = 65005, .adv_w = 384, .box_w = 21, .box_h = 22, .ofs_x = 2, .ofs_y = -2},
    {.bitmap_index = 65236, .adv_w = 384, .box_w = 20, .box_h = 23, .ofs_x = 2, .ofs_y = -3},
    {.bitmap_index = 65466, .adv_w = 384, .box_w = 21, .box_h = 23, .ofs_x = 2, .ofs_y = -3},
    {.bitmap_index = 65708, .adv_w = 384, .box_w = 21, .box_h = 21, .ofs_x = 1, .ofs_y = -2},
    {.bitmap_index = 65929, .adv_w = 384, .box_w = 23, .box_h = 22, .ofs_x = 1, .ofs_y = -2},
    {.bitmap_index = 66182, .adv_w = 384, .box_w = 22, .box_h = 23, .ofs_x = 2, .ofs_y = -3},
    {.bitmap_index = 66435, .adv_w = 384, .box_w = 22, .box_h = 21, .ofs_x = 1, .ofs_y = -2},
    {.bitmap_index = 66666, .adv_w = 384, .box_w = 22, .box_h = 21, .ofs_x = 1, .ofs_y = -2},
    {.bitmap_index = 66897, .adv_w = 384, .box_w = 22, .box_h = 23, .ofs_x = 1, .ofs_y = -3},
    {.bitmap_index = 67150, .adv_w = 384, .box_w = 22, .box_h = 21, .ofs_x = 1, .ofs_y = -2},
    {.bitmap_index = 67381, .adv_w = 384, .box_w = 22, .box_h = 23, .ofs_x = 1, .ofs_y = -3},
    {.bitmap_index = 67634, .adv_w = 384, .box_w = 22, .box_h = 23, .ofs_x = 1, .ofs_y = -3},
    {.bitmap_index = 67887, .adv_w = 384, .box_w = 21, .box_h = 22, .ofs_x = 1, .ofs_y = -2},
    {.bitmap_index = 68118, .adv_w = 384, .box_w = 22, .box_h = 23, .ofs_x = 1, .ofs_y = -3},
    {.bitmap_index = 68371, .adv_w = 384, .box_w = 22, .box_h = 23, .ofs_x = 1, .ofs_y = -3},
    {.bitmap_index = 68624, .adv_w = 384, .box_w = 22, .box_h = 22, .ofs_x = 1, .ofs_y = -3},
    {.bitmap_index = 68866, .adv_w = 384, .box_w = 24, .box_h = 22, .ofs_x = 0, .ofs_y = -3},
    {.bitmap_index = 69130, .adv_w = 384, .box_w = 23, .box_h = 22, .ofs_x = 1, .ofs_y = -3},
    {.bitmap_index = 69383, .adv_w = 384, .box_w = 22, .box_h = 23, .ofs_x = 1, .ofs_y = -3},
    {.bitmap_index = 69636, .adv_w = 384, .box_w = 24, .box_h = 23, .ofs_x = 0, .ofs_y = -3},
    {.bitmap_index = 69912, .adv_w = 384, .box_w = 22, .box_h = 22, .ofs_x = 1, .ofs_y = -2},
    {.bitmap_index = 70154, .adv_w = 384, .box_w = 22, .box_h = 23, .ofs_x = 1, .ofs_y = -3},
    {.bitmap_index = 70407, .adv_w = 384, .box_w = 24, .box_h = 22, .ofs_x = 0, .ofs_y = -2},
    {.bitmap_index = 70671, .adv_w = 384, .box_w = 24, .box_h = 18, .ofs_x = 0, .ofs_y = 0},
    {.bitmap_index = 70887, .adv_w = 384, .box_w = 24, .box_h = 24, .ofs_x = 0, .ofs_y = -3},
    {.bitmap_index = 71175, .adv_w = 432, .box_w = 27, .box_h = 22, .ofs_x = 0, .ofs_y = -2},
    {.bitmap_index = 71472, .adv_w = 480, .box_w = 31, .box_h = 19, .ofs_x = -1, .ofs_y = -1},
    {.bitmap_index = 71767, .adv_w = 336, .box_w = 21, .box_h = 24, .ofs_x = 0, .ofs_y = -3},
    {.bitmap_index = 72019, .adv_w = 480, .box_w = 30, .box_h = 23, .ofs_x = 0, .ofs_y = -2},
    {.bitmap_index = 72364, .adv_w = 384, .box_w = 4, .box_h = 18, .ofs_x = 5, .ofs_y = 0},
    {.bitmap_index = 72400, .adv_w = 384, .box_w = 4, .box_h = 8, .ofs_x = 3, .ofs_y = -4},
    {.bitmap_index = 72416, .adv_w = 384, .box_w = 4, .box_h = 10, .ofs_x = 4, .ofs_y = 0},
    {.bitmap_index = 72436, .adv_w = 384, .box_w = 4, .box_h = 14, .ofs_x = 4, .ofs_y = -4},
    {.bitmap_index = 72464, .adv_w = 384, .box_w = 10, .box_h = 18, .ofs_x = 3, .ofs_y = 0}
};

/*---------------------
 *  CHARACTER MAPPING
 *--------------------*/

static const uint16_t unicode_list_1[] = {
    0x0, 0x1, 0x1df4, 0x1df5, 0x1dfd, 0x1dfe, 0x1dff, 0x1e01,
    0x1e10, 0x1e21, 0x1e2e, 0x1e39, 0x1e7a, 0x1e80, 0x1e85, 0x1e88,
    0x1ea0, 0x1ebe, 0x1eca, 0x1eef, 0x1f05, 0x1f12, 0x1f42, 0x1f47,
    0x1f50, 0x1f54, 0x1f73, 0x1f8f, 0x1fd1, 0x1fd5, 0x2159, 0x2161,
    0x216a, 0x2179, 0x218d, 0x21a4, 0x21ab, 0x21af, 0x21bd, 0x21fa,
    0x2214, 0x221d, 0x2292, 0x2294, 0x2295, 0x229c, 0x229d, 0x230b,
    0x233b, 0x233c, 0x234b, 0x23c5, 0x23d7, 0x23e3, 0x23eb, 0x23f7,
    0x2402, 0x240b, 0x241b, 0x245c, 0x24c1, 0x2591, 0x26cf, 0x26d2,
    0x2727, 0x273b, 0x2744, 0x28fb, 0x2901, 0x2909, 0x290a, 0x290e,
    0x2910, 0x291b, 0x291d, 0x294b, 0x2971, 0x29bf, 0x2b7d, 0x2b80,
    0x2b92, 0x2bad, 0x2bc6, 0x2bed, 0x2c03, 0x2c49, 0x2c8f, 0x2dd2,
    0x2dd9, 0x2de6, 0x2e1a, 0x2e22, 0x2e31, 0x2e67, 0x2e68, 0x2e73,
    0x2e7a, 0x2e7e, 0x2e9a, 0x2eee, 0x2ef4, 0x2f49, 0x2f65, 0x2f79,
    0x2f8b, 0x2fcc, 0x3063, 0x3103, 0x3113, 0x3204, 0x3205, 0x322b,
    0x323f, 0x3247, 0x3299, 0x332e, 0x3362, 0x3386, 0x3399, 0x33c4,
    0x3532, 0x3564, 0x35a4, 0x35d4, 0x35d9, 0x35dd, 0x35ea, 0x3602,
    0x3613, 0x361c, 0x3646, 0x364e, 0x365c, 0x3668, 0x3676, 0x368a,
    0x36a8, 0x36f4, 0x36fc, 0x3701, 0x3711, 0x3713, 0x371e, 0x3720,
    0x3755, 0x3759, 0x3761, 0x3772, 0x37aa, 0x37d9, 0x383a, 0x3b15,
    0x3b16, 0x3b5a, 0x3bc3, 0x3c08, 0x3c28, 0x3c3d, 0x3c8d, 0x3cad,
    0x3cdc, 0x3d19, 0x3d2f, 0x3d6b, 0x3de5, 0x3def, 0x3e1d, 0x3e73,
    0x3f08, 0x3f62, 0x40ad, 0x40e1, 0x423c, 0x4513, 0x451c, 0x4525,
    0x4671, 0x4678, 0x46ff, 0x4713, 0x4755, 0x47d9, 0x47e1, 0x492e,
    0x49c6, 0x4a6e, 0x4a73, 0x4b74, 0x4d1f, 0x4e9b, 0x4eb3, 0x4ec6,
    0x4ed0, 0x4edb, 0x4ee1, 0x4f45, 0x4f62, 0x4fb1, 0x5206, 0x52c3,
    0x5363, 0x5840, 0x5857, 0x5859, 0x588a, 0x589f, 0x58d8, 0x5973,
    0x5975, 0x59b5, 0x59bd, 0x5b9d, 0x5ba2, 0x5ba4, 0x5bb2, 0x5bd1,
    0x5bd6, 0x5be8, 0x5d6b, 0x5de7, 0x5f60, 0x5f87, 0x5fbb, 0x5fc2,
    0x5fc4, 0x5fd2, 0x5ff5, 0x5ff6, 0x60c5, 0x60f1, 0x6186, 0x61c1,
    0x6493, 0x6573, 0x65e8, 0x65ed, 0x65ef, 0x6626, 0x6628, 0x6641,
    0x6658, 0x66dc, 0x66de, 0x66eb, 0x66ed, 0x66f2, 0x66f4, 0x6710,
    0x6732, 0x6746, 0x6869, 0x686e, 0x68c2, 0x6904, 0x6962, 0x698a,
    0x6acc, 0xbfff, 0xc000, 0xc007, 0xc009, 0xc06d, 0xc0e7, 0xc1df,
    0xcef5, 0xcf00, 0xcf0e, 0xcf0f, 0xcf13
};

/*Collect the unicode lists and glyph_id offsets*/
static const lv_font_fmt_txt_cmap_t cmaps[] =
{
    {
        .range_start = 32, .range_length = 95, .glyph_id_start = 1,
        .unicode_list = NULL, .glyph_id_ofs_list = NULL, .list_length = 0, .type = LV_FONT_FMT_TXT_CMAP_FORMAT0_TINY
    },
    {
        .range_start = 12300, .range_length = 53012, .glyph_id_start = 96,
        .unicode_list = unicode_list_1, .glyph_id_ofs_list = NULL, .list_length = 269, .type = LV_FONT_FMT_TXT_CMAP_SPARSE_TINY
    }
};



/*--------------------
 *  ALL CUSTOM DATA
 *--------------------*/

#if LVGL_VERSION_MAJOR == 8
/*Store all the custom data of the font*/
static  lv_font_fmt_txt_glyph_cache_t cache;
#endif

#if LVGL_VERSION_MAJOR >= 8
static const lv_font_fmt_txt_dsc_t font_dsc = {
#else
static lv_font_fmt_txt_dsc_t font_dsc = {
#endif
    .glyph_bitmap = glyph_bitmap,
    .glyph_dsc = glyph_dsc,
    .cmaps = cmaps,
    .kern_dsc = NULL,
    .kern_scale = 0,
    .cmap_num = 2,
    .bpp = 4,
    .kern_classes = 0,
    .bitmap_format = 0,
#if LVGL_VERSION_MAJOR == 8
    .cache = &cache
#endif
};



/*-----------------
 *  PUBLIC FONT
 *----------------*/

/*Initialize a public general font descriptor*/
#if LVGL_VERSION_MAJOR >= 8
const lv_font_t zhaoxi_font_24 = {
#else
lv_font_t zhaoxi_font_24 = {
#endif
    .get_glyph_dsc = lv_font_get_glyph_dsc_fmt_txt,    /*Function pointer to get glyph's data*/
    .get_glyph_bitmap = lv_font_get_bitmap_fmt_txt,    /*Function pointer to get glyph's bitmap*/
    .line_height = 25,          /*The maximum line height required by the font*/
    .base_line = 4,             /*Baseline measured from the bottom of the line*/
#if !(LVGL_VERSION_MAJOR == 6 && LVGL_VERSION_MINOR == 0)
    .subpx = LV_FONT_SUBPX_NONE,
#endif
#if LV_VERSION_CHECK(7, 4, 0) || LVGL_VERSION_MAJOR >= 8
    .underline_position = -2,
    .underline_thickness = 1,
#endif
    .dsc = &font_dsc,          /*The custom font data. Will be accessed by `get_glyph_bitmap/dsc` */
#if LV_VERSION_CHECK(8, 2, 0) || LVGL_VERSION_MAJOR >= 9
    .fallback = NULL,
#endif
    .user_data = NULL,
};



#endif /*#if ZHAOXI_FONT_24*/

